run,variant,path,group,label,correct,mask_frac,bifam_in,ag_in,cam_in,bifam_hit,ag_hit,cam_hit
bifamlite,Full BiFAM-Next,figshare/0001.png,fs_100360,1,True,0.017510308159722224,0.8015435338020325,0.4382137358188629,0.05852561816573143,True,True,True
bifamlite,Full BiFAM-Next,figshare/0002.png,fs_100360,1,True,0.032938639322916664,0.9286597371101379,0.6368560791015625,0.1028454378247261,True,True,True
bifamlite,Full BiFAM-Next,figshare/0003.png,fs_100360,1,True,0.04019504123263889,0.9541322588920593,0.6878054738044739,0.11217521876096725,True,True,True
bifamlite,Full BiFAM-Next,figshare/0004.png,fs_100360,1,True,0.034003363715277776,0.8891513347625732,0.6244624257087708,0.10788450390100479,True,True,True
bifamlite,Full BiFAM-Next,figshare/0005.png,fs_100360,1,True,0.04301622178819445,0.9877892136573792,0.6380646824836731,0.19611579179763794,True,True,True
bifamlite,Full BiFAM-Next,figshare/0026.png,fs_102446,1,True,0.0027601453993055555,0.6964475512504578,0.13538627326488495,0.03540142625570297,True,True,True
bifamlite,Full BiFAM-Next,figshare/0049.png,fs_104281,1,True,0.00714111328125,0.8603077530860901,0.29249444603919983,0.03201741352677345,True,True,True
bifamlite,Full BiFAM-Next,figshare/0050.png,fs_104281,1,True,0.019049750434027776,0.8728954792022705,0.51479172706604,0.06842372566461563,True,True,True
bifamlite,Full BiFAM-Next,figshare/0051.png,fs_104281,1,True,0.022298177083333332,0.8963226675987244,0.539619505405426,0.08628132194280624,True,True,True
bifamlite,Full BiFAM-Next,figshare/0052.png,fs_104281,1,True,0.021280924479166668,0.8819098472595215,0.5081837177276611,0.0702342540025711,True,True,True
bifamlite,Full BiFAM-Next,figshare/0053.png,fs_104281,1,True,0.015679253472222224,0.841983437538147,0.4379779100418091,0.05082342401146889,True,True,True
bifamlite,Full BiFAM-Next,figshare/0054.png,fs_104281,1,True,0.008938259548611112,0.8739171624183655,0.3125289976596832,0.040707554668188095,True,True,True
bifamlite,Full BiFAM-Next,figshare/0055.png,fs_104281,1,True,0.00494384765625,0.8916559219360352,0.1743309646844864,0.015492208302021027,True,True,True
bifamlite,Full BiFAM-Next,figshare/0056.png,fs_105374,1,True,0.004007975260416667,0.8384436368942261,0.18796062469482422,0.024433542042970657,True,True,True
bifamlite,Full BiFAM-Next,figshare/0057.png,fs_105374,1,True,0.00408935546875,0.8199212551116943,0.17275378108024597,0.019820889458060265,True,True,True
bifamlite,Full BiFAM-Next,figshare/0093.png,fs_107248,1,True,0.009711371527777778,0.7849972248077393,0.4005244970321655,0.026524832472205162,True,True,True
bifamlite,Full BiFAM-Next,figshare/0094.png,fs_107248,1,True,0.01177978515625,0.945867657661438,0.47580239176750183,0.030644232407212257,True,True,True
bifamlite,Full BiFAM-Next,figshare/0095.png,fs_107248,1,True,0.004597981770833333,0.4001831114292145,0.1984913945198059,0.015586134046316147,False,False,True
bifamlite,Full BiFAM-Next,figshare/0096.png,fs_107248,1,True,0.006700303819444444,0.8025562763214111,0.34739428758621216,0.028420161455869675,True,True,True
bifamlite,Full BiFAM-Next,figshare/0097.png,fs_107248,1,True,0.00921630859375,0.9117478728294373,0.420602023601532,0.034136898815631866,True,True,True
bifamlite,Full BiFAM-Next,figshare/0098.png,fs_107248,1,True,0.00750732421875,0.9289354085922241,0.374676913022995,0.026395808905363083,True,True,True
bifamlite,Full BiFAM-Next,figshare/0119.png,fs_109411,1,True,0.0018717447916666667,0.7307571768760681,0.1250634491443634,0.006782051641494036,True,True,True
bifamlite,Full BiFAM-Next,figshare/0120.png,fs_109968,1,True,0.019124348958333332,0.9262738227844238,0.4992176592350006,0.0717250183224678,True,True,True
bifamlite,Full BiFAM-Next,figshare/0121.png,fs_109968,1,True,0.020731608072916668,0.9466710090637207,0.5293458104133606,0.06322763115167618,True,True,True
bifamlite,Full BiFAM-Next,figshare/0122.png,fs_109968,1,True,0.019239637586805556,0.887830376625061,0.5151451230049133,0.06558414548635483,True,True,True
bifamlite,Full BiFAM-Next,figshare/0123.png,fs_109968,1,True,0.012363009982638888,0.9029831886291504,0.4171077609062195,0.05133897811174393,True,True,True
bifamlite,Full BiFAM-Next,figshare/0132.png,fs_111532,1,True,0.017340766059027776,0.9456890225410461,0.4491908848285675,0.05979994311928749,True,True,True
bifamlite,Full BiFAM-Next,figshare/0133.png,fs_111532,1,True,0.021755642361111112,0.9608259201049805,0.5005627274513245,0.09806714206933975,True,True,True
bifamlite,Full BiFAM-Next,figshare/0134.png,fs_111532,1,True,0.022928873697916668,0.947837233543396,0.5258350968360901,0.09591810405254364,True,True,True
bifamlite,Full BiFAM-Next,figshare/0154.png,fs_113435,1,True,0.03425428602430555,0.9230903387069702,0.6144815683364868,0.11573353409767151,True,True,True
bifamlite,Full BiFAM-Next,figshare/0155.png,fs_113435,1,True,0.0469970703125,0.9683672785758972,0.6782519221305847,0.13982459902763367,True,True,True
bifamlite,Full BiFAM-Next,figshare/0156.png,fs_113435,1,True,0.04841444227430555,0.9546951651573181,0.6806861162185669,0.12636910378932953,True,True,True
bifamlite,Full BiFAM-Next,figshare/0157.png,fs_113435,1,True,0.045586480034722224,0.928166925907135,0.6687015891075134,0.1257774531841278,True,True,True
bifamlite,Full BiFAM-Next,figshare/0158.png,fs_113435,1,True,0.037285698784722224,0.9464420676231384,0.6183096766471863,0.11932313442230225,True,True,True
bifamlite,Full BiFAM-Next,figshare/0159.png,fs_113435,1,True,0.024427625868055556,0.9089084267616272,0.5114462971687317,0.09125141054391861,True,True,True
bifamlite,Full BiFAM-Next,figshare/0160.png,fs_113554,1,True,0.009663899739583334,0.9045155048370361,0.32871437072753906,0.05554663762450218,True,True,True
bifamlite,Full BiFAM-Next,figshare/0161.png,fs_113554,1,True,0.012281629774305556,0.915490984916687,0.38247138261795044,0.0710606649518013,True,True,True
bifamlite,Full BiFAM-Next,figshare/0162.png,fs_113554,1,True,0.01031494140625,0.8851245641708374,0.3246114253997803,0.07634086906909943,True,True,True
bifamlite,Full BiFAM-Next,figshare/0204.png,fs_99308,1,True,0.024325900607638888,0.8327792882919312,0.5375721454620361,0.08482097089290619,True,True,True
bifamlite,Full BiFAM-Next,figshare/0205.png,fs_99308,1,True,0.03409152560763889,0.9244844317436218,0.6265712976455688,0.08204585313796997,True,True,True
bifamlite,Full BiFAM-Next,figshare/0206.png,fs_99308,1,True,0.03354220920138889,0.9448882341384888,0.62752765417099,0.0848136767745018,True,True,True
bifamlite,Full BiFAM-Next,figshare/0207.png,fs_99308,1,True,0.031426323784722224,0.9565504789352417,0.5932958126068115,0.11469612270593643,True,True,True
bifamlite,Full BiFAM-Next,figshare/0208.png,fs_99308,1,True,0.023444281684027776,0.9612348675727844,0.512856125831604,0.09010659903287888,True,True,True
bifamlite,Full BiFAM-Next,figshare/0211.png,fs_100360,1,True,0.017788357204861112,0.9459275007247925,0.5057058930397034,0.05867919698357582,True,True,True
bifamlite,Full BiFAM-Next,figshare/0212.png,fs_100360,1,True,0.029127332899305556,0.9388195872306824,0.6570800542831421,0.08231450617313385,True,True,True
bifamlite,Full BiFAM-Next,figshare/0213.png,fs_100360,1,True,0.03314208984375,0.9198703765869141,0.6882632374763489,0.09222890436649323,True,True,True
bifamlite,Full BiFAM-Next,figshare/0214.png,fs_100360,1,True,0.03602430555555555,0.950670063495636,0.7062618136405945,0.09951379150152206,True,True,True
bifamlite,Full BiFAM-Next,figshare/0215.png,fs_100360,1,True,0.031636555989583336,0.929999828338623,0.6671059727668762,0.0823284164071083,True,True,True
bifamlite,Full BiFAM-Next,figshare/0216.png,fs_100360,1,True,0.017157660590277776,0.8798593878746033,0.5149869322776794,0.06570089608430862,True,True,True
bifamlite,Full BiFAM-Next,figshare/0217.png,fs_100360,1,True,0.011942545572916666,0.8938276171684265,0.42437878251075745,0.06815772503614426,True,True,True
bifamlite,Full BiFAM-Next,figshare/0239.png,fs_102446,1,True,0.0033162434895833335,0.8285317420959473,0.16683290898799896,0.009966770187020302,True,True,True
bifamlite,Full BiFAM-Next,figshare/0275.png,fs_104281,1,True,0.011386447482638888,0.930441677570343,0.46532192826271057,0.059469010680913925,True,True,True
bifamlite,Full BiFAM-Next,figshare/0276.png,fs_104281,1,True,0.021430121527777776,0.9593517780303955,0.6080746650695801,0.07737069576978683,True,True,True
bifamlite,Full BiFAM-Next,figshare/0277.png,fs_104281,1,True,0.023851182725694444,0.9481457471847534,0.655832052230835,0.08151756227016449,True,True,True
bifamlite,Full BiFAM-Next,figshare/0278.png,fs_104281,1,True,0.022481282552083332,0.9540470242500305,0.6312036514282227,0.08355537801980972,True,True,True
bifamlite,Full BiFAM-Next,figshare/0279.png,fs_104281,1,True,0.016438802083333332,0.9534087777137756,0.545222818851471,0.08339779078960419,True,True,True
bifamlite,Full BiFAM-Next,figshare/0280.png,fs_104281,1,True,0.011705186631944444,0.9607516527175903,0.40538716316223145,0.05493570864200592,True,True,True
bifamlite,Full BiFAM-Next,figshare/0281.png,fs_105374,1,True,0.005703396267361111,0.9270936250686646,0.2877749502658844,0.024370549246668816,True,True,True
bifamlite,Full BiFAM-Next,figshare/0282.png,fs_105374,1,True,0.00531005859375,0.8594789505004883,0.27348777651786804,0.030503051355481148,True,True,True
bifamlite,Full BiFAM-Next,figshare/0316.png,fs_107248,1,True,0.014017740885416666,0.9184728264808655,0.49973398447036743,0.037528395652770996,True,True,True
bifamlite,Full BiFAM-Next,figshare/0317.png,fs_107248,1,True,0.014716254340277778,0.9105287790298462,0.5682492852210999,0.06764054298400879,True,True,True
bifamlite,Full BiFAM-Next,figshare/0318.png,fs_107248,1,True,0.009738498263888888,0.8956445455551147,0.4727284610271454,0.04623672366142273,True,True,True
bifamlite,Full BiFAM-Next,figshare/0319.png,fs_107248,1,True,0.009121365017361112,0.8647797703742981,0.3928510546684265,0.06376024335622787,True,True,True
bifamlite,Full BiFAM-Next,figshare/0340.png,fs_109411,1,True,0.0011121961805555555,0.31052908301353455,0.0848366990685463,0.003575721522793174,True,True,True
bifamlite,Full BiFAM-Next,figshare/0341.png,fs_109968,1,True,0.015801323784722224,0.915791392326355,0.48750898241996765,0.05621488392353058,True,True,True
bifamlite,Full BiFAM-Next,figshare/0342.png,fs_109968,1,True,0.019314236111111112,0.9030589461326599,0.5764431357383728,0.0807398110628128,True,True,True
bifamlite,Full BiFAM-Next,figshare/0343.png,fs_109968,1,True,0.021775987413194444,0.9525341391563416,0.6123912930488586,0.07961798459291458,True,True,True
bifamlite,Full BiFAM-Next,figshare/0344.png,fs_109968,1,True,0.019266764322916668,0.957088053226471,0.5613094568252563,0.08927389979362488,True,True,True
bifamlite,Full BiFAM-Next,figshare/0357.png,fs_111532,1,True,0.006612141927083333,0.8547545671463013,0.29134732484817505,0.025390367954969406,True,True,True
bifamlite,Full BiFAM-Next,figshare/0358.png,fs_111532,1,True,0.011508517795138888,0.9292993545532227,0.43612128496170044,0.05019025877118111,True,True,True
bifamlite,Full BiFAM-Next,figshare/0359.png,fs_111532,1,True,0.015496148003472222,0.9485415816307068,0.5166489481925964,0.0784553661942482,True,True,True
bifamlite,Full BiFAM-Next,figshare/0360.png,fs_111532,1,True,0.016886393229166668,0.9531866908073425,0.5578531622886658,0.06455380469560623,True,True,True
bifamlite,Full BiFAM-Next,figshare/0361.png,fs_111532,1,True,0.014411078559027778,0.963481068611145,0.5122243165969849,0.06881546974182129,True,True,True
bifamlite,Full BiFAM-Next,figshare/0382.png,fs_113435,1,True,0.014227973090277778,0.8654241561889648,0.5167434215545654,0.06695924699306488,True,True,True
bifamlite,Full BiFAM-Next,figshare/0383.png,fs_113435,1,True,0.02447509765625,0.9248964786529541,0.6416125297546387,0.09551491588354111,True,True,True
bifamlite,Full BiFAM-Next,figshare/0384.png,fs_113435,1,True,0.030239529079861112,0.9133985638618469,0.6719136238098145,0.09415531903505325,True,True,True
bifamlite,Full BiFAM-Next,figshare/0385.png,fs_113435,1,True,0.03578016493055555,0.9408282041549683,0.7208380103111267,0.1150280088186264,True,True,True
bifamlite,Full BiFAM-Next,figshare/0386.png,fs_113435,1,True,0.03671603732638889,0.95328688621521,0.7273626327514648,0.11688220500946045,True,True,True
bifamlite,Full BiFAM-Next,figshare/0387.png,fs_113435,1,True,0.035407172309027776,0.9470363855361938,0.7093258500099182,0.1054009422659874,True,True,True
bifamlite,Full BiFAM-Next,figshare/0388.png,fs_113435,1,True,0.032294379340277776,0.9334416389465332,0.6778702139854431,0.11665694415569305,True,True,True
bifamlite,Full BiFAM-Next,figshare/0389.png,fs_113435,1,True,0.02716064453125,0.9098034501075745,0.6099042892456055,0.10930624604225159,True,True,True
bifamlite,Full BiFAM-Next,figshare/0390.png,fs_113554,1,True,0.004957411024305556,0.624009370803833,0.23345674574375153,0.023522773757576942,True,True,True
bifamlite,Full BiFAM-Next,figshare/0391.png,fs_113554,1,True,0.01031494140625,0.8729430437088013,0.419323593378067,0.0665469840168953,True,True,True
bifamlite,Full BiFAM-Next,figshare/0392.png,fs_113554,1,True,0.005445692274305556,0.799162745475769,0.2700578272342682,0.025150828063488007,True,True,True
bifamlite,Full BiFAM-Next,figshare/0438.png,fs_99308,1,True,0.027628580729166668,0.9696134924888611,0.6971584558486938,0.10213746875524521,True,True,True
bifamlite,Full BiFAM-Next,figshare/0439.png,fs_99308,1,True,0.03233506944444445,0.9606909155845642,0.7170796394348145,0.11883775144815445,True,True,True
bifamlite,Full BiFAM-Next,figshare/0440.png,fs_99308,1,True,0.0345458984375,0.9574573636054993,0.7195451855659485,0.09900834411382675,True,True,True
bifamlite,Full BiFAM-Next,figshare/0441.png,fs_99308,1,True,0.02667236328125,0.911149799823761,0.6352323889732361,0.07941003888845444,True,True,True
bifamlite,Full BiFAM-Next,figshare/0442.png,fs_100360,1,True,0.022006564670138888,0.8655878901481628,0.5670395493507385,0.07403729110956192,True,True,True
bifamlite,Full BiFAM-Next,figshare/0443.png,fs_100360,1,True,0.03608534071180555,0.9818080067634583,0.7319949269294739,0.07774196565151215,True,True,True
bifamlite,Full BiFAM-Next,figshare/0444.png,fs_100360,1,True,0.03347439236111111,0.9611451625823975,0.724127471446991,0.11797929555177689,True,True,True
bifamlite,Full BiFAM-Next,figshare/0445.png,fs_100360,1,True,0.03360324435763889,0.9638975858688354,0.7286176085472107,0.09302880614995956,True,True,True
bifamlite,Full BiFAM-Next,figshare/0446.png,fs_100360,1,True,0.021023220486111112,0.8208971619606018,0.5758470892906189,0.10566554963588715,True,True,True
bifamlite,Full BiFAM-Next,figshare/0447.png,fs_100360,1,True,0.019137912326388888,0.9560651779174805,0.6125742197036743,0.05198873579502106,True,True,True
bifamlite,Full BiFAM-Next,figshare/0450.png,fs_100639,1,True,0.006137424045138889,0.9187107086181641,0.3627282381057739,0.02610476315021515,True,True,True
bifamlite,Full BiFAM-Next,figshare/0451.png,fs_100639,1,True,0.007548014322916667,0.9499520659446716,0.4137345552444458,0.028392065316438675,True,True,True
bifamlite,Full BiFAM-Next,figshare/0452.png,fs_100920,1,True,0.010287814670138888,0.9003217220306396,0.5034499168395996,0.04645779728889465,True,True,True
bifamlite,Full BiFAM-Next,figshare/0453.png,fs_100920,1,True,0.014051649305555556,0.9047913551330566,0.5973804593086243,0.06515519320964813,True,True,True
bifamlite,Full BiFAM-Next,figshare/0454.png,fs_100920,1,True,0.013041178385416666,0.9069896936416626,0.6071537137031555,0.05279577895998955,True,True,True
bifamlite,Full BiFAM-Next,figshare/0476.png,fs_102446,1,True,0.003350151909722222,0.7990129590034485,0.22211886942386627,0.016393370926380157,True,True,True
bifamlite,Full BiFAM-Next,figshare/0477.png,fs_102446,1,True,0.0024617513020833335,0.7104373574256897,0.16637341678142548,0.007905151695013046,True,True,True
bifamlite,Full BiFAM-Next,figshare/0510.png,fs_104281,1,True,0.021931966145833332,0.9657338857650757,0.5703331232070923,0.08719895780086517,True,True,True
bifamlite,Full BiFAM-Next,figshare/0511.png,fs_104281,1,True,0.028469509548611112,0.9631261825561523,0.6656015515327454,0.08862610906362534,True,True,True
bifamlite,Full BiFAM-Next,figshare/0512.png,fs_104281,1,True,0.029656304253472224,0.9581286311149597,0.7002302408218384,0.1029246523976326,True,True,True
bifamlite,Full BiFAM-Next,figshare/0513.png,fs_104281,1,True,0.022772894965277776,0.9527177810668945,0.6531885266304016,0.08874713629484177,True,True,True
bifamlite,Full BiFAM-Next,figshare/0517.png,fs_105374,1,True,0.00457763671875,0.8738938570022583,0.22288620471954346,0.02166522853076458,True,True,True
bifamlite,Full BiFAM-Next,figshare/0551.png,fs_107248,1,True,0.011338975694444444,0.9101480841636658,0.5801050066947937,0.040543265640735626,True,True,True
bifamlite,Full BiFAM-Next,figshare/0552.png,fs_107248,1,True,0.014655219184027778,0.9110280275344849,0.6506018042564392,0.04460306093096733,True,True,True
bifamlite,Full BiFAM-Next,figshare/0553.png,fs_107248,1,True,0.015292697482638888,0.9387980699539185,0.6791980266571045,0.0441545732319355,True,True,True
bifamlite,Full BiFAM-Next,figshare/0554.png,fs_107248,1,True,0.008551703559027778,0.9320021271705627,0.5010537505149841,0.04091513156890869,True,True,True
bifamlite,Full BiFAM-Next,figshare/0555.png,fs_107248,1,True,0.007914225260416666,0.899508535861969,0.47750717401504517,0.038742728531360626,True,True,True
bifamlite,Full BiFAM-Next,figshare/0560.png,fs_107946,1,True,0.027635362413194444,0.8882076144218445,0.5209662318229675,0.09307415783405304,True,True,True
bifamlite,Full BiFAM-Next,figshare/0561.png,fs_107946,1,True,0.03995090060763889,0.9366653561592102,0.6997702717781067,0.09868492931127548,True,True,True
bifamlite,Full BiFAM-Next,figshare/0562.png,fs_107946,1,True,0.030266655815972224,0.6077440977096558,0.4879913926124573,0.23196250200271606,True,True,True
bifamlite,Full BiFAM-Next,figshare/0563.png,fs_107946,1,True,0.021253797743055556,0.6129946112632751,0.45661401748657227,0.09267514944076538,True,True,True
bifamlite,Full BiFAM-Next,figshare/0579.png,fs_109411,1,True,0.001858181423611111,0.728050708770752,0.11513982713222504,0.004894969053566456,True,True,True
bifamlite,Full BiFAM-Next,figshare/0580.png,fs_109968,1,True,0.0128173828125,0.9526441097259521,0.5237360000610352,0.0509951114654541,True,True,True
bifamlite,Full BiFAM-Next,figshare/0581.png,fs_109968,1,True,0.019239637586805556,0.9320269823074341,0.6044954657554626,0.0577116385102272,True,True,True
bifamlite,Full BiFAM-Next,figshare/0582.png,fs_109968,1,True,0.021511501736111112,0.9612413644790649,0.6858405470848083,0.06328688561916351,True,True,True
bifamlite,Full BiFAM-Next,figshare/0583.png,fs_109968,1,True,0.017781575520833332,0.9385721683502197,0.6470134854316711,0.0882875993847847,True,True,True
bifamlite,Full BiFAM-Next,figshare/0593.png,fs_111532,1,True,0.015733506944444444,0.944586455821991,0.5797451734542847,0.07552984356880188,True,True,True
bifamlite,Full BiFAM-Next,figshare/0594.png,fs_111532,1,True,0.019768608940972224,0.9383853077888489,0.6369096040725708,0.08190303295850754,True,True,True
bifamlite,Full BiFAM-Next,figshare/0595.png,fs_111532,1,True,0.018961588541666668,0.9457125067710876,0.6449773907661438,0.07720448821783066,True,True,True
bifamlite,Full BiFAM-Next,figshare/0597.png,fs_111710,1,False,0.0032958984375,0.8730243444442749,0.1830676645040512,0.002632696181535721,True,True,False
bifamlite,Full BiFAM-Next,figshare/0598.png,fs_111710,1,True,0.002495659722222222,0.7372305989265442,0.17026787996292114,0.008605784736573696,True,True,True
bifamlite,Full BiFAM-Next,figshare/0625.png,fs_113435,1,True,0.030856662326388888,0.9786258339881897,0.7038499712944031,0.07221467047929764,True,True,True
bifamlite,Full BiFAM-Next,figshare/0626.png,fs_113435,1,True,0.04853651258680555,0.9583414196968079,0.8015627861022949,0.11643660068511963,True,True,True
bifamlite,Full BiFAM-Next,figshare/0627.png,fs_113435,1,True,0.057305230034722224,0.9695135354995728,0.8323813676834106,0.11513285338878632,True,True,True
bifamlite,Full BiFAM-Next,figshare/0628.png,fs_113435,1,True,0.05818006727430555,0.9678129553794861,0.8384053707122803,0.12919223308563232,True,True,True
bifamlite,Full BiFAM-Next,figshare/0629.png,fs_113435,1,True,0.049309624565972224,0.9544578194618225,0.7893877029418945,0.10942006856203079,True,True,True
bifamlite,Full BiFAM-Next,figshare/0630.png,fs_113435,1,True,0.022596571180555556,0.7737463116645813,0.5767311453819275,0.06545291841030121,True,True,True
bifamlite,Full BiFAM-Next,figshare/0631.png,fs_113554,1,True,0.006985134548611111,0.9052836298942566,0.3909265398979187,0.031051695346832275,True,True,True
bifamlite,Full BiFAM-Next,figshare/0632.png,fs_113554,1,True,0.010111490885416666,0.8942795991897583,0.5002560019493103,0.05918849632143974,True,True,True
bifamlite,Full BiFAM-Next,figshare/0633.png,fs_113554,1,True,0.008707682291666666,0.8574057221412659,0.45888280868530273,0.055010706186294556,True,True,True
bifamlite,Full BiFAM-Next,figshare/0634.png,fs_113554,1,True,0.00543212890625,0.8721795678138733,0.3523229956626892,0.029332850128412247,True,True,True
bifamlite,Full BiFAM-Next,figshare/0659.png,fs_97374,1,True,0.027398003472222224,0.8440028429031372,0.6659233570098877,0.0631108209490776,True,False,False
bifamlite,Full BiFAM-Next,figshare/0660.png,fs_97374,1,True,0.037434895833333336,0.9615079164505005,0.7882668972015381,0.10021668672561646,True,True,True
bifamlite,Full BiFAM-Next,figshare/0661.png,fs_97374,1,True,0.03757052951388889,0.9600756764411926,0.764310896396637,0.0968981608748436,True,True,True
bifamlite,Full BiFAM-Next,figshare/0662.png,fs_97374,1,True,0.029574924045138888,0.9716925024986267,0.7325616478919983,0.1163993775844574,True,True,True
bifamlite,Full BiFAM-Next,figshare/0663.png,fs_97374,1,True,0.022542317708333332,0.9753919243812561,0.6589318513870239,0.08142787218093872,True,True,True
bifamlite,Full BiFAM-Next,figshare/0697.png,fs_99308,1,True,0.026265462239583332,0.9302771091461182,0.7232893109321594,0.06795002520084381,True,True,True
bifamlite,Full BiFAM-Next,figshare/0698.png,fs_99308,1,True,0.03407118055555555,0.9618729948997498,0.77888423204422,0.09939495474100113,True,True,True
bifamlite,Full BiFAM-Next,figshare/0699.png,fs_99308,1,True,0.03282335069444445,0.9597797989845276,0.7612801194190979,0.10278704017400742,True,True,True
bifamlite,Full BiFAM-Next,figshare/0700.png,fs_99308,1,True,0.022515190972222224,0.9413655400276184,0.6691839098930359,0.11832931637763977,True,True,True
bifamlite,Full BiFAM-Next,figshare/0701.png,fs_99308,1,True,0.018588595920138888,0.976711630821228,0.6011714339256287,0.07039311528205872,True,True,True
bifamlite,Full BiFAM-Next,figshare/0702.png,fs_99308,1,True,0.012525770399305556,0.9477244019508362,0.4043419361114502,0.05113425478339195,True,True,True
bifamlite,Full BiFAM-Next,figshare/0712.png,fs_106062,2,True,0.010267469618055556,0.8607059121131897,0.5312157273292542,1.892521686386317e-05,False,True,False
bifamlite,Full BiFAM-Next,figshare/0713.png,fs_106062,2,True,0.011298285590277778,0.9021735191345215,0.6030345559120178,0.0003457946586422622,True,True,False
bifamlite,Full BiFAM-Next,figshare/0714.png,fs_106062,2,True,0.010362413194444444,0.8923268914222717,0.5770164132118225,1.4361280591401737e-06,True,True,False
bifamlite,Full BiFAM-Next,figshare/0792.png,fs_88670,0,True,0.02685546875,0.6118678450584412,0.43472686409950256,0.5356019735336304,True,True,True
bifamlite,Full BiFAM-Next,figshare/0793.png,fs_88670,0,True,0.0675930447048611,0.9215268492698669,0.7256667017936707,0.722248911857605,True,True,True
bifamlite,Full BiFAM-Next,figshare/0794.png,fs_88670,0,True,0.050421820746527776,0.797291100025177,0.634433925151825,0.6922056674957275,True,True,True
bifamlite,Full BiFAM-Next,figshare/0795.png,fs_88670,0,True,0.05795627170138889,0.9202074408531189,0.7351635098457336,0.7307773232460022,True,True,True
bifamlite,Full BiFAM-Next,figshare/0796.png,fs_88670,0,True,0.05876329210069445,0.9478968381881714,0.7634182572364807,0.717492401599884,True,True,True
bifamlite,Full BiFAM-Next,figshare/0797.png,fs_88670,0,True,0.04355197482638889,0.9127678275108337,0.7021243572235107,0.6171376705169678,True,True,True
bifamlite,Full BiFAM-Next,figshare/0798.png,fs_88670,0,True,0.017123752170138888,0.783421516418457,0.5025409460067749,0.45501333475112915,False,True,True
bifamlite,Full BiFAM-Next,figshare/0857.png,fs_108479,0,True,0.019538031684027776,0.4146386384963989,0.3119649589061737,0.28708982467651367,False,False,True
bifamlite,Full BiFAM-Next,figshare/0858.png,fs_108479,0,True,0.024332682291666668,0.696245014667511,0.5564358830451965,0.3916859030723572,False,True,True
bifamlite,Full BiFAM-Next,figshare/0865.png,fs_88670,0,True,0.025275336371527776,0.9622090458869934,0.5151894092559814,0.12875881791114807,True,True,True
bifamlite,Full BiFAM-Next,figshare/0866.png,fs_88670,0,True,0.05007595486111111,0.9705131649971008,0.757901668548584,0.4943525493144989,True,True,True
bifamlite,Full BiFAM-Next,figshare/0867.png,fs_88670,0,True,0.05314805772569445,0.8591930270195007,0.7116124629974365,0.6351006031036377,True,True,True
bifamlite,Full BiFAM-Next,figshare/0868.png,fs_88670,0,True,0.06824408637152778,0.9736853837966919,0.8219027519226074,0.5465139746665955,True,True,True
bifamlite,Full BiFAM-Next,figshare/0869.png,fs_88670,0,True,0.0754055447048611,0.969502866268158,0.8426452279090881,0.7067161202430725,True,True,True
bifamlite,Full BiFAM-Next,figshare/0912.png,fs_98889,0,True,0.004686143663194444,8.117790275719017e-05,3.0809045711066574e-05,0.023530403152108192,False,False,False
bifamlite,Full BiFAM-Next,figshare/0913.png,fs_98889,0,True,0.01812744140625,0.9418911337852478,0.41730546951293945,0.2090606689453125,True,True,True
bifamlite,Full BiFAM-Next,figshare/0914.png,fs_98889,0,True,0.01739501953125,0.9450873136520386,0.5073420405387878,0.2024979293346405,True,True,True
bifamlite,Full BiFAM-Next,figshare/0915.png,fs_98889,0,True,0.032185872395833336,0.9351124167442322,0.6460272073745728,0.3281068503856659,True,True,True
bifamlite,Full BiFAM-Next,figshare/0916.png,fs_98889,0,True,0.03286404079861111,0.9086888432502747,0.6960179805755615,0.36947882175445557,True,True,True
bifamlite,Full BiFAM-Next,figshare/0917.png,fs_98889,0,True,0.037272135416666664,0.9063622355461121,0.6920360326766968,0.28274738788604736,True,True,True
bifamlite,Full BiFAM-Next,figshare/0922.png,fs_106062,2,True,0.013054741753472222,0.9368875026702881,0.6397749781608582,7.828165507817175e-06,True,True,False
bifamlite,Full BiFAM-Next,figshare/0923.png,fs_106062,2,True,0.014207628038194444,0.9609439969062805,0.6793673038482666,3.407085023354739e-05,True,True,False
bifamlite,Full BiFAM-Next,figshare/0924.png,fs_106062,2,True,0.013739691840277778,0.9643536806106567,0.6811135411262512,0.00019736225658562034,True,True,False
bifamlite,Full BiFAM-Next,figshare/0925.png,fs_106062,2,True,0.009847005208333334,0.936212956905365,0.5983117818832397,0.0001680807617958635,True,True,False
bifamlite,Full BiFAM-Next,figshare/0958.png,fs_109471,2,True,0.006890190972222222,0.8551087379455566,0.37736669182777405,6.852206752228085e-06,True,True,False
bifamlite,Full BiFAM-Next,figshare/0959.png,fs_109471,2,True,0.006449381510416667,0.8833640217781067,0.3580210506916046,7.562220616819104e-06,True,True,False
bifamlite,Full BiFAM-Next,figshare/0960.png,fs_109471,2,True,0.007907443576388888,0.9321911334991455,0.42270687222480774,0.0002556388499215245,True,True,False
bifamlite,Full BiFAM-Next,figshare/0961.png,fs_109471,2,True,0.007982042100694444,0.8289463520050049,0.44120365381240845,1.912567768158624e-06,True,True,False
bifamlite,Full BiFAM-Next,figshare/0962.png,fs_109769,2,True,0.005594889322916667,0.8647444248199463,0.41960781812667847,1.2957108083355706e-05,True,True,False
bifamlite,Full BiFAM-Next,figshare/0963.png,fs_109769,2,True,0.005866156684027778,0.7925357222557068,0.39206525683403015,4.1309814946544066e-07,True,True,False
bifamlite,Full BiFAM-Next,figshare/0964.png,fs_109769,2,True,0.00677490234375,0.9326933026313782,0.4309706389904022,9.503601904725656e-05,True,True,False
bifamlite,Full BiFAM-Next,figshare/0965.png,fs_109769,2,True,0.002414279513888889,0.720994234085083,0.2669096887111664,0.0,True,True,False
bifamlite,Full BiFAM-Next,figshare/0966.png,fs_109898,2,True,0.007093641493055556,0.8529917001724243,0.42291247844696045,4.437597090145573e-05,True,True,False
bifamlite,Full BiFAM-Next,figshare/0967.png,fs_109898,2,True,0.007514105902777778,0.8729549646377563,0.42675215005874634,9.470908116782084e-05,True,True,False
bifamlite,Full BiFAM-Next,figshare/0968.png,fs_109898,2,True,0.012200249565972222,0.9513572454452515,0.5698380470275879,0.00034624585532583296,True,True,False
bifamlite,Full BiFAM-Next,figshare/0969.png,fs_109898,2,True,0.0098876953125,0.9041789174079895,0.4798405170440674,0.0003021580050699413,True,True,False
bifamlite,Full BiFAM-Next,figshare/0970.png,fs_109898,2,True,0.005289713541666667,0.7929722666740417,0.362932026386261,2.064815134872333e-06,True,True,False
bifamlite,Full BiFAM-Next,figshare/0971.png,fs_109898,2,True,0.0032212999131944445,0.834306538105011,0.2737978398799896,7.485896730941022e-06,True,True,False
bifamlite,Full BiFAM-Next,figshare/0976.png,fs_110993,2,True,0.008124457465277778,0.9445626735687256,0.4463101327419281,0.0003436433617025614,True,True,False
bifamlite,Full BiFAM-Next,figshare/0977.png,fs_110993,2,True,0.005533854166666667,0.8658208250999451,0.33113446831703186,0.0001430326228728518,True,True,False
bifamlite,Full BiFAM-Next,figshare/0978.png,fs_110993,2,True,0.005018446180555556,0.6786973476409912,0.3086172342300415,0.0002053346688626334,True,True,False
bifamlite,Full BiFAM-Next,figshare/0979.png,fs_110993,2,True,0.008673773871527778,0.9439854621887207,0.5102599859237671,0.0001224159641424194,True,True,False
bifamlite,Full BiFAM-Next,figshare/0994.png,fs_112074,2,False,0.009894476996527778,0.9376286864280701,0.3452111780643463,0.04746510833501816,True,True,True
bifamlite,Full BiFAM-Next,figshare/0995.png,fs_112074,2,True,0.013014051649305556,0.9340776801109314,0.43044766783714294,0.0002548743213992566,True,True,False
bifamlite,Full BiFAM-Next,figshare/0996.png,fs_112074,2,True,0.010002983940972222,0.9448089599609375,0.3779631555080414,0.058778565376996994,True,True,True
bifamlite,Full BiFAM-Next,figshare/0997.png,fs_112074,2,True,0.006137424045138889,0.8861768245697021,0.25655320286750793,0.00018859424744732678,True,True,False
bifamlite,Full BiFAM-Next,figshare/1035.png,fs_106062,2,True,0.013814290364583334,0.9296793937683105,0.6433581113815308,5.9443442296469584e-05,True,True,False
bifamlite,Full BiFAM-Next,figshare/1036.png,fs_106062,2,True,0.020128038194444444,0.9692825078964233,0.723218560218811,0.00128556985873729,True,True,False
bifamlite,Full BiFAM-Next,figshare/1037.png,fs_106062,2,True,0.021884494357638888,0.9606137275695801,0.7442231774330139,0.0004275574756320566,True,True,False
bifamlite,Full BiFAM-Next,figshare/1038.png,fs_106062,2,True,0.020589192708333332,0.9468557238578796,0.7218340635299683,0.0010013345163315535,True,True,False
bifamlite,Full BiFAM-Next,figshare/1039.png,fs_106062,2,True,0.017720540364583332,0.9769895672798157,0.7182298898696899,0.0002681284677237272,True,True,False
bifamlite,Full BiFAM-Next,figshare/1040.png,fs_106062,2,True,0.015923394097222224,0.9654185771942139,0.6691657900810242,0.0008736798772588372,True,True,False
bifamlite,Full BiFAM-Next,figshare/1041.png,fs_106062,2,True,0.006605360243055556,0.737533688545227,0.4194951355457306,0.00017511809710413218,True,True,False
bifamlite,Full BiFAM-Next,figshare/1077.png,fs_109471,2,True,0.005147298177083333,0.8363574147224426,0.40176764130592346,2.314303173989174e-06,True,True,False
bifamlite,Full BiFAM-Next,figshare/1078.png,fs_109471,2,True,0.015157063802083334,0.8849952816963196,0.5722398161888123,9.467637573834509e-05,True,True,False
bifamlite,Full BiFAM-Next,figshare/1079.png,fs_109471,2,True,0.016079372829861112,0.8254122138023376,0.5804798603057861,1.2129856258979999e-05,True,True,False
bifamlite,Full BiFAM-Next,figshare/1080.png,fs_109471,2,True,0.0181884765625,0.9082083702087402,0.6463121175765991,0.00030941207660362124,True,True,False
bifamlite,Full BiFAM-Next,figshare/1081.png,fs_109471,2,True,0.01849365234375,0.9620633125305176,0.7340871691703796,0.0004390375688672066,True,True,False
bifamlite,Full BiFAM-Next,figshare/1082.png,fs_109471,2,True,0.0038655598958333335,0.22717563807964325,0.14551863074302673,0.0002984576567541808,False,False,False
bifamlite,Full BiFAM-Next,figshare/1083.png,fs_109769,2,True,0.007636176215277778,0.9355267286300659,0.6097592711448669,6.410619243979454e-05,True,True,False
bifamlite,Full BiFAM-Next,figshare/1084.png,fs_109769,2,True,0.005133734809027778,0.7662407159805298,0.47229763865470886,1.0011863196268678e-06,True,True,False
bifamlite,Full BiFAM-Next,figshare/1085.png,fs_109769,2,True,0.00714111328125,0.8640180826187134,0.5327349901199341,0.0002513194049242884,True,True,False
bifamlite,Full BiFAM-Next,figshare/1086.png,fs_109769,2,True,0.0037434895833333335,0.3572741746902466,0.2485363483428955,2.5764347810763866e-05,False,True,False
bifamlite,Full BiFAM-Next,figshare/1087.png,fs_109769,2,True,0.0174560546875,0.918798565864563,0.6179892420768738,0.002442452358081937,True,True,False
bifamlite,Full BiFAM-Next,figshare/1088.png,fs_109898,2,True,0.014682345920138888,0.9057983160018921,0.6239950060844421,0.005915227346122265,True,True,False
bifamlite,Full BiFAM-Next,figshare/1089.png,fs_109898,2,True,0.015814887152777776,0.9719959497451782,0.6457319259643555,0.0013168524019420147,True,True,False
bifamlite,Full BiFAM-Next,figshare/1090.png,fs_109898,2,True,0.016642252604166668,0.9641945362091064,0.6497545838356018,0.0013032893184572458,True,True,True
bifamlite,Full BiFAM-Next,figshare/1091.png,fs_109898,2,True,0.016628689236111112,0.9672532677650452,0.6654426455497742,0.0017390893772244453,True,True,False
bifamlite,Full BiFAM-Next,figshare/1092.png,fs_109898,2,True,0.010782877604166666,0.9533144235610962,0.5787550210952759,3.102303890045732e-05,True,True,False
bifamlite,Full BiFAM-Next,figshare/1093.png,fs_109898,2,True,0.007819281684027778,0.8996331691741943,0.5630978941917419,0.0003336264635436237,True,True,False
bifamlite,Full BiFAM-Next,figshare/1107.png,fs_110993,2,True,0.006429036458333333,0.9286800622940063,0.5174868702888489,0.00012987041554879397,True,True,False
bifamlite,Full BiFAM-Next,figshare/1108.png,fs_110993,2,True,0.005947536892361111,0.8913310170173645,0.4714641571044922,0.00017708033556118608,True,True,False
bifamlite,Full BiFAM-Next,figshare/1109.png,fs_110993,2,True,0.006585015190972222,0.8044518232345581,0.5050094723701477,0.0003819512203335762,True,True,False
bifamlite,Full BiFAM-Next,figshare/1110.png,fs_110993,2,True,0.007676866319444444,0.6390362977981567,0.4486037492752075,2.9246533813420683e-05,True,True,False
bifamlite,Full BiFAM-Next,figshare/1111.png,fs_110993,2,True,0.008375379774305556,0.858485221862793,0.6129809617996216,2.865790702344384e-05,True,True,False
bifamlite,Full BiFAM-Next,figshare/1129.png,fs_112074,2,True,0.008768717447916666,0.931764543056488,0.40584295988082886,0.0001744421460898593,True,True,False
bifamlite,Full BiFAM-Next,figshare/1130.png,fs_112074,2,True,0.013543023003472222,0.9417998790740967,0.5274772047996521,0.0003323768905829638,True,True,False
bifamlite,Full BiFAM-Next,figshare/1131.png,fs_112074,2,True,0.015252007378472222,0.9417945146560669,0.5678591728210449,3.0128738217172213e-05,True,True,False
bifamlite,Full BiFAM-Next,figshare/1132.png,fs_112074,2,True,0.011115180121527778,0.8888661861419678,0.4930204451084137,9.753173071658239e-05,True,True,False
bifamlite,Full BiFAM-Next,figshare/1133.png,fs_112074,2,True,0.009555392795138888,0.9505159854888916,0.40201637148857117,0.00018964360060635954,True,True,False
bifamlite,Full BiFAM-Next,figshare/1169.png,fs_106062,2,True,0.013929578993055556,0.9246893525123596,0.7613316178321838,6.550771649926901e-05,True,True,False
bifamlite,Full BiFAM-Next,figshare/1170.png,fs_106062,2,True,0.016513400607638888,0.9391538500785828,0.8104674816131592,8.577806875109673e-05,True,True,False
bifamlite,Full BiFAM-Next,figshare/1171.png,fs_106062,2,True,0.019741482204861112,0.9557095766067505,0.8178803324699402,0.0001543430844321847,True,True,False
bifamlite,Full BiFAM-Next,figshare/1172.png,fs_106062,2,True,0.019585503472222224,0.9448989629745483,0.8239932060241699,5.464390051201917e-05,True,True,False
bifamlite,Full BiFAM-Next,figshare/1173.png,fs_106062,2,True,0.01873779296875,0.9553276300430298,0.8100252747535706,0.0001385837676934898,True,True,False
bifamlite,Full BiFAM-Next,figshare/1174.png,fs_106062,2,True,0.01654052734375,0.9419583678245544,0.795153796672821,3.7265770515659824e-05,True,True,False
bifamlite,Full BiFAM-Next,figshare/1175.png,fs_106062,2,True,0.008755154079861112,0.7054168581962585,0.5461288094520569,3.1056308216648176e-05,True,True,False
bifamlite,Full BiFAM-Next,figshare/1208.png,fs_109471,2,True,0.005093044704861111,0.52476567029953,0.3578881621360779,1.8471942894393578e-05,False,True,False
bifamlite,Full BiFAM-Next,figshare/1209.png,fs_109471,2,True,0.013637966579861112,0.9507990479469299,0.7699888348579407,0.00017238051805179566,True,True,False
bifamlite,Full BiFAM-Next,figshare/1210.png,fs_109471,2,True,0.014112684461805556,0.8865392208099365,0.6958324313163757,5.793714080937207e-05,True,True,False
bifamlite,Full BiFAM-Next,figshare/1211.png,fs_109471,2,True,0.014309353298611112,0.9179214835166931,0.7283627986907959,4.4079290091758594e-05,True,True,False
bifamlite,Full BiFAM-Next,figshare/1212.png,fs_109471,2,True,0.013203938802083334,0.9169108867645264,0.7051326632499695,3.561166158760898e-05,True,True,False
bifamlite,Full BiFAM-Next,figshare/1213.png,fs_109471,2,True,0.011603461371527778,0.9636789560317993,0.6885849833488464,0.0007142406539060175,True,True,False
bifamlite,Full BiFAM-Next,figshare/1214.png,fs_109769,2,True,0.004530164930555556,0.9214181303977966,0.618657112121582,7.494628516724333e-05,True,True,False
bifamlite,Full BiFAM-Next,figshare/1215.png,fs_109769,2,True,0.0035875108506944445,0.8474777340888977,0.5583947896957397,8.913950296118855e-06,True,True,False
bifamlite,Full BiFAM-Next,figshare/1216.png,fs_109769,2,True,0.005527072482638889,0.8990421295166016,0.6509421467781067,0.0001075390973710455,True,True,False
bifamlite,Full BiFAM-Next,figshare/1217.png,fs_109769,2,True,0.004726833767361111,0.8733236789703369,0.6173011064529419,5.453220728668384e-05,True,True,False
bifamlite,Full BiFAM-Next,figshare/1218.png,fs_109769,2,True,0.002834743923611111,0.5933048129081726,0.407986581325531,2.233321993116988e-06,True,True,False
bifamlite,Full BiFAM-Next,figshare/1219.png,fs_109898,2,True,0.006964789496527778,0.9218710660934448,0.6171952486038208,0.0001748872164171189,True,True,False
bifamlite,Full BiFAM-Next,figshare/1220.png,fs_109898,2,True,0.007737901475694444,0.9112798571586609,0.6045804619789124,0.00042134925024583936,True,True,False
bifamlite,Full BiFAM-Next,figshare/1221.png,fs_109898,2,True,0.0107421875,0.9237788319587708,0.6732954382896423,0.0010010638507083058,True,True,False
bifamlite,Full BiFAM-Next,figshare/1230.png,fs_110993,2,True,0.011264377170138888,0.6560844779014587,0.4289051294326782,0.0032964504789561033,True,True,False
bifamlite,Full BiFAM-Next,figshare/1231.png,fs_110993,2,True,0.0034383138020833335,0.7451263666152954,0.46729859709739685,2.3260970920091495e-05,True,True,False
bifamlite,Full BiFAM-Next,figshare/1232.png,fs_110993,2,True,0.002936469184027778,0.665280282497406,0.41931605339050293,4.968128268956207e-05,True,True,False
bifamlite,Full BiFAM-Next,figshare/1246.png,fs_112074,2,False,0.006184895833333333,0.8157109022140503,0.46712222695350647,0.02448374032974243,True,True,True
bifamlite,Full BiFAM-Next,figshare/1247.png,fs_112074,2,True,0.010423448350694444,0.9403884410858154,0.6113027930259705,6.177023897180334e-05,True,True,False
bifamlite,Full BiFAM-Next,figshare/1248.png,fs_112074,2,False,0.011956108940972222,0.9394004344940186,0.6517980694770813,0.04929986968636513,True,True,True
bifamlite,Full BiFAM-Next,figshare/1249.png,fs_112074,2,False,0.010898166232638888,0.9178991317749023,0.5952391624450684,0.05924094095826149,True,True,True
bifamlite,Full BiFAM-Next,figshare/1250.png,fs_112074,2,False,0.0079345703125,0.8969810009002686,0.5121027231216431,0.04475102946162224,True,True,True
bifamlite,Full BiFAM-Next,figshare/1301.png,fs_103046,2,True,0.0036756727430555555,0.8097047805786133,0.3525984585285187,1.6555242154936423e-07,True,True,False
bifamlite,Full BiFAM-Next,figshare/1302.png,fs_103046,2,True,0.0036824544270833335,0.7797662615776062,0.33102861046791077,5.060155103819852e-07,True,True,False
bifamlite,Full BiFAM-Next,figshare/1303.png,fs_103046,2,True,0.004340277777777778,0.8513185977935791,0.414214164018631,3.373249637661502e-05,True,True,False
bifamlite,Full BiFAM-Next,figshare/1330.png,fs_103731,2,True,0.004191080729166667,0.7039331793785095,0.27479660511016846,0.0,True,True,False
bifamlite,Full BiFAM-Next,figshare/1331.png,fs_103731,2,True,0.003729926215277778,0.6625685691833496,0.27318793535232544,0.0,True,True,False
bifamlite,Full BiFAM-Next,figshare/1332.png,fs_103731,2,True,0.004482693142361111,0.7111578583717346,0.3010692596435547,5.1999263632751536e-06,True,True,False
bifamlite,Full BiFAM-Next,figshare/1333.png,fs_103731,2,True,0.006252712673611111,0.9162668585777283,0.38644757866859436,5.791200601379387e-05,True,True,False
bifamlite,Full BiFAM-Next,figshare/1334.png,fs_103731,2,True,0.006585015190972222,0.9399186968803406,0.3939695358276367,7.754786201985553e-05,True,True,False
bifamlite,Full BiFAM-Next,figshare/1335.png,fs_103731,2,True,0.008409288194444444,0.9468673467636108,0.499052494764328,4.268888005753979e-05,True,True,False
bifamlite,Full BiFAM-Next,figshare/1336.png,fs_103731,2,True,0.008463541666666666,0.9464299082756042,0.478115439414978,2.2928521502763033e-05,True,True,False
bifamlite,Full BiFAM-Next,figshare/1337.png,fs_103731,2,True,0.007086859809027778,0.9224861264228821,0.44660791754722595,1.9499551854096353e-05,True,True,False
bifamlite,Full BiFAM-Next,figshare/1338.png,fs_103731,2,True,0.005940755208333333,0.9054030776023865,0.3973919749259949,0.0005636897985823452,True,True,False
bifamlite,Full BiFAM-Next,figshare/1339.png,fs_103731,2,True,0.005174424913194444,0.7843155860900879,0.3605504035949707,0.0004928040434606373,True,True,False
bifamlite,Full BiFAM-Next,figshare/1374.png,fs_105187,2,True,0.00390625,0.6643889546394348,0.23214948177337646,2.066668457700871e-06,True,True,False
bifamlite,Full BiFAM-Next,figshare/1375.png,fs_105187,2,True,0.004665798611111111,0.661842405796051,0.2650439739227295,0.0,False,True,False
bifamlite,Full BiFAM-Next,figshare/1376.png,fs_105187,2,True,0.0030517578125,0.6571137309074402,0.202947735786438,0.0,True,True,False
bifamlite,Full BiFAM-Next,figshare/1377.png,fs_105187,2,True,0.00201416015625,0.4933549463748932,0.1324855536222458,0.0,True,True,False
bifamlite,Full BiFAM-Next,figshare/1380.png,fs_105538,2,False,0.010450575086805556,0.9573699831962585,0.3432043492794037,0.018944893032312393,True,True,True
bifamlite,Full BiFAM-Next,figshare/1381.png,fs_105538,2,False,0.0031873914930555555,0.7901593446731567,0.1987101137638092,0.013255300931632519,True,True,True
bifamlite,Full BiFAM-Next,figshare/1382.png,fs_105538,2,False,0.0032484266493055555,0.8372178077697754,0.2228941023349762,0.0156511589884758,True,True,True
bifamlite,Full BiFAM-Next,figshare/1408.png,fs_97599,2,True,0.0015936957465277778,0.4703276455402374,0.07793249189853668,0.0,True,True,False
bifamlite,Full BiFAM-Next,figshare/1409.png,fs_97599,2,True,0.00274658203125,0.7944849133491516,0.15357910096645355,5.81308086111676e-07,True,True,False
bifamlite,Full BiFAM-Next,figshare/1487.png,fs_102669,2,True,0.0017225477430555555,0.3302147090435028,0.1459847390651703,1.1528763366186467e-07,True,False,False
bifamlite,Full BiFAM-Next,figshare/1488.png,fs_102669,2,True,0.0029703776041666665,0.7106971740722656,0.26346471905708313,0.00015838959370739758,True,True,False
bifamlite,Full BiFAM-Next,figshare/1489.png,fs_103046,2,True,0.002997504340277778,0.5681886076927185,0.2665643095970154,0.0,True,True,False
bifamlite,Full BiFAM-Next,figshare/1490.png,fs_103046,2,True,0.005866156684027778,0.9007788896560669,0.5381694436073303,4.2446925363037735e-05,True,True,False
bifamlite,Full BiFAM-Next,figshare/1491.png,fs_103046,2,True,0.0030314127604166665,0.7841840386390686,0.3793404996395111,6.426544587156968e-06,True,True,False
bifamlite,Full BiFAM-Next,figshare/1492.png,fs_103046,2,True,0.0027601453993055555,0.6381123661994934,0.34455054998397827,0.0,True,True,False
bifamlite,Full BiFAM-Next,figshare/1521.png,fs_103731,2,True,0.00250244140625,0.286796510219574,0.15026719868183136,2.8188644307647337e-08,False,True,False
bifamlite,Full BiFAM-Next,figshare/1522.png,fs_103731,2,True,0.008416069878472222,0.72248774766922,0.4770943522453308,0.0,True,True,False
bifamlite,Full BiFAM-Next,figshare/1523.png,fs_103731,2,True,0.009304470486111112,0.6965365409851074,0.49212613701820374,0.0,True,True,False
bifamlite,Full BiFAM-Next,figshare/1524.png,fs_103731,2,True,0.013807508680555556,0.8499459624290466,0.6156081557273865,0.003540055127814412,True,True,True
bifamlite,Full BiFAM-Next,figshare/1525.png,fs_103731,2,True,0.013888888888888888,0.8829550743103027,0.6564229726791382,0.0015991168329492211,True,True,True
bifamlite,Full BiFAM-Next,figshare/1526.png,fs_103731,2,True,0.012593587239583334,0.8409180045127869,0.6135717034339905,0.0002443770645186305,True,True,False
bifamlite,Full BiFAM-Next,figshare/1527.png,fs_103731,2,True,0.003323025173611111,0.6227098107337952,0.3200502097606659,0.0,True,True,False
bifamlite,Full BiFAM-Next,figshare/1557.png,fs_105187,2,True,0.0011800130208333333,0.19270160794258118,0.08010989427566528,0.0,True,True,False
bifamlite,Full BiFAM-Next,figshare/1558.png,fs_105187,2,True,0.0020345052083333335,0.5615240931510925,0.2561320960521698,0.0,True,True,False
bifamlite,Full BiFAM-Next,figshare/1559.png,fs_105187,2,True,0.005086263020833333,0.8078930974006653,0.5090785622596741,4.549821369437268e-06,True,True,False
bifamlite,Full BiFAM-Next,figshare/1560.png,fs_105187,2,True,0.006598578559027778,0.886726438999176,0.6008095741271973,7.785259185766336e-06,True,True,False
bifamlite,Full BiFAM-Next,figshare/1561.png,fs_105187,2,True,0.006103515625,0.7582013010978699,0.5514265298843384,3.366744931554422e-05,True,True,False
bifamlite,Full BiFAM-Next,figshare/1562.png,fs_105187,2,True,0.004503038194444444,0.4944269061088562,0.37212738394737244,9.191596177515748e-07,True,True,False
bifamlite,Full BiFAM-Next,figshare/1566.png,fs_105538,2,False,0.002834743923611111,0.6457606554031372,0.23672588169574738,0.03219190239906311,True,True,True
bifamlite,Full BiFAM-Next,figshare/1567.png,fs_105538,2,False,0.0025227864583333335,0.7157660722732544,0.23193436861038208,0.013034343719482422,True,True,True
bifamlite,Full BiFAM-Next,figshare/1594.png,fs_97599,2,True,0.001864963107638889,0.31862151622772217,0.1414399892091751,0.0,True,True,False
bifamlite,Full BiFAM-Next,figshare/1595.png,fs_97599,2,True,0.001254611545138889,0.3211323916912079,0.12587492167949677,0.0,True,True,False
bifamlite,Full BiFAM-Next,figshare/1672.png,fs_102669,2,True,0.001430935329861111,0.5345848202705383,0.16553625464439392,1.1577637906157179e-06,True,True,False
bifamlite,Full BiFAM-Next,figshare/1673.png,fs_103046,2,True,0.004930284288194444,0.8769912719726562,0.5855365991592407,1.0607582225929946e-05,True,True,False
bifamlite,Full BiFAM-Next,figshare/1674.png,fs_103046,2,True,0.004611545138888889,0.8649690747261047,0.5910983085632324,5.9989074543409515e-06,True,True,False
bifamlite,Full BiFAM-Next,figshare/1675.png,fs_103046,2,True,0.003716362847222222,0.6895438432693481,0.4580930471420288,0.00011020036617992446,True,True,False
bifamlite,Full BiFAM-Next,figshare/1676.png,fs_103046,2,True,0.0029771592881944445,0.8390783071517944,0.4820411503314972,2.2874626665725373e-05,True,True,False
bifamlite,Full BiFAM-Next,figshare/1709.png,fs_103731,2,True,0.009507921006944444,0.756996214389801,0.5846527814865112,6.434331589844078e-05,True,True,False
bifamlite,Full BiFAM-Next,figshare/1710.png,fs_103731,2,True,0.014716254340277778,0.8950398564338684,0.728783905506134,9.529467934044078e-05,True,True,False
bifamlite,Full BiFAM-Next,figshare/1711.png,fs_103731,2,True,0.015143500434027778,0.9484612941741943,0.7611203193664551,0.0014916539657860994,True,True,True
bifamlite,Full BiFAM-Next,figshare/1712.png,fs_103731,2,True,0.013427734375,0.874639093875885,0.6903451085090637,0.0014298902824521065,True,True,True
bifamlite,Full BiFAM-Next,figshare/1713.png,fs_103731,2,True,0.006829155815972222,0.8888814449310303,0.490320086479187,7.971993909450248e-05,True,True,False
bifamlite,Full BiFAM-Next,figshare/1748.png,fs_105187,2,True,0.0022379557291666665,0.6417610049247742,0.3631400465965271,8.107210014429711e-09,True,True,False
bifamlite,Full BiFAM-Next,figshare/1749.png,fs_105187,2,True,0.0029296875,0.6814656853675842,0.42348551750183105,3.393725123146396e-08,True,True,False
bifamlite,Full BiFAM-Next,figshare/1750.png,fs_105187,2,True,0.0037027994791666665,0.7983869314193726,0.5024863481521606,1.8830093040378415e-06,True,True,False
bifamlite,Full BiFAM-Next,figshare/1751.png,fs_105187,2,True,0.003926595052083333,0.8491911292076111,0.5240547060966492,9.907234016282018e-06,True,True,False
bifamlite,Full BiFAM-Next,figshare/1752.png,fs_105187,2,True,0.004014756944444444,0.9017505049705505,0.532168447971344,1.1766874195018318e-05,True,True,False
bifamlite,Full BiFAM-Next,figshare/1753.png,fs_105187,2,True,0.0025160047743055555,0.8026736378669739,0.42205721139907837,6.54379982734099e-06,True,True,False
bifamlite,Full BiFAM-Next,figshare/1759.png,fs_105538,2,False,0.00347900390625,0.3324648439884186,0.013722551055252552,0.007756104227155447,True,True,True
bifamlite,Full BiFAM-Next,figshare/1760.png,fs_105538,2,False,0.0036824544270833335,0.00010411049879621714,6.730302993673831e-05,0.0,False,False,False
bifamlite,Full BiFAM-Next,figshare/1786.png,fs_97599,2,True,0.0017293294270833333,0.6506034135818481,0.23598483204841614,1.05171184259234e-05,True,True,False
bifamlite,Full BiFAM-Next,figshare/1787.png,fs_97599,2,True,0.0019327799479166667,0.6893404722213745,0.27831828594207764,1.9208196135878097e-06,True,True,False
bifamlite,Full BiFAM-Next,figshare/1788.png,fs_97599,2,True,0.0018378363715277778,0.5643326044082642,0.251677930355072,3.949800429836614e-06,True,True,False
bifamlite,Full BiFAM-Next,figshare/1914.png,fs_MR049453,0,True,0.012247721354166666,0.03190702199935913,0.015833914279937744,0.017893200740218163,False,False,False
bifamlite,Full BiFAM-Next,figshare/1915.png,fs_MR049453,0,True,0.017964680989583332,0.7123314142227173,0.41915687918663025,0.32833972573280334,True,True,True
bifamlite,Full BiFAM-Next,figshare/1916.png,fs_MR049453,0,True,0.04623752170138889,0.9945259690284729,0.658172607421875,0.4566933214664459,True,True,True
bifamlite,Full BiFAM-Next,figshare/1917.png,fs_MR049453,0,True,0.026136610243055556,0.7459608316421509,0.5073283314704895,0.47502419352531433,True,True,True
bifamlite,Full BiFAM-Next,figshare/1918.png,fs_MR049453,0,True,0.048821343315972224,0.8972530364990234,0.6558316349983215,0.5222165584564209,True,True,True
bifamlite,Full BiFAM-Next,figshare/1919.png,fs_MR049453,0,True,0.044135199652777776,0.9281426668167114,0.6737391948699951,0.5477326512336731,True,True,True
bifamlite,Full BiFAM-Next,figshare/1920.png,fs_MR049453,0,True,0.033745659722222224,0.9503414034843445,0.5892537832260132,0.4349060356616974,True,True,True
bifamlite,Full BiFAM-Next,figshare/1937.png,fs_MR049453B,0,True,0.060553656684027776,0.9667850136756897,0.7341277003288269,0.554208517074585,True,True,True
bifamlite,Full BiFAM-Next,figshare/1938.png,fs_MR049453B,0,True,0.0715603298611111,0.9584607481956482,0.752958357334137,0.5010549426078796,True,True,True
bifamlite,Full BiFAM-Next,figshare/1939.png,fs_MR049453B,0,True,0.037848578559027776,0.7685768604278564,0.5655004382133484,0.38429030776023865,True,True,True
bifamlite,Full BiFAM-Next,figshare/1940.png,fs_MR049453B,0,True,0.04197862413194445,0.907450795173645,0.6486927270889282,0.41461876034736633,True,True,True
bifamlite,Full BiFAM-Next,figshare/1941.png,fs_MR049453B,0,True,0.035786946614583336,0.6946675181388855,0.5228437781333923,0.427902489900589,True,True,True
bifamlite,Full BiFAM-Next,figshare/1942.png,fs_MR049453B,0,True,0.0318603515625,0.7535102367401123,0.5298150181770325,0.41443148255348206,True,True,True
bifamlite,Full BiFAM-Next,figshare/1943.png,fs_MR049453B,0,True,0.036051432291666664,0.831616222858429,0.5596752762794495,0.40810513496398926,True,True,True
bifamlite,Full BiFAM-Next,figshare/1944.png,fs_MR049453B,0,True,0.022291395399305556,0.9580226540565491,0.44301825761795044,0.21444937586784363,True,True,True
bifamlite,Full BiFAM-Next,figshare/1950.png,fs_MR050135B,0,True,0.00421142578125,0.8576798439025879,0.17344316840171814,5.6462220527464524e-05,True,True,False
bifamlite,Full BiFAM-Next,figshare/1951.png,fs_MR050135B,0,True,0.010423448350694444,0.8099390864372253,0.3608591556549072,0.0005952816572971642,True,True,False
bifamlite,Full BiFAM-Next,figshare/1952.png,fs_MR050135B,0,True,0.019117567274305556,0.900469958782196,0.440420925617218,0.18980179727077484,True,True,True
bifamlite,Full BiFAM-Next,figshare/1953.png,fs_MR050135B,0,True,0.015862358940972224,0.7604058980941772,0.3651774525642395,0.0003335742512717843,True,True,False
bifamlite,Full BiFAM-Next,figshare/1954.png,fs_MR050135B,0,True,0.006876627604166667,0.447578102350235,0.18039467930793762,0.0010945992544293404,True,True,False
bifamlite,Full BiFAM-Next,figshare/1955.png,fs_MR050135B,0,True,0.011766221788194444,0.8629822134971619,0.31898948550224304,0.17158715426921844,True,True,True
bifamlite,Full BiFAM-Next,figshare/1956.png,fs_MR050135B,0,True,0.012986924913194444,0.9570938348770142,0.43805766105651855,0.02914319932460785,True,True,True
bifamlite,Full BiFAM-Next,figshare/1957.png,fs_MR050135B,0,True,0.015462239583333334,0.7250917553901672,0.4214441478252411,0.1459149271249771,True,True,True
bifamlite,Full BiFAM-Next,figshare/1958.png,fs_MR050135B,0,True,0.015916612413194444,0.9235141277313232,0.4410100281238556,0.015388725325465202,True,True,True
bifamlite,Full BiFAM-Next,figshare/1959.png,fs_MR050135B,0,True,0.002997504340277778,0.18734250962734222,0.08808691799640656,0.00041163439163938165,True,True,False
bifamlite,Full BiFAM-Next,figshare/1960.png,fs_MR050135B,0,True,0.018669976128472224,0.5176875591278076,0.290300190448761,0.05052858591079712,True,True,True
bifamlite,Full BiFAM-Next,figshare/1961.png,fs_MR050135B,0,True,0.030836317274305556,0.9915920495986938,0.45335742831230164,0.0909777507185936,True,True,True
bifamlite,Full BiFAM-Next,figshare/1962.png,fs_MR050135B,0,True,0.03141954210069445,0.8825550079345703,0.5337304472923279,0.17121516168117523,True,True,True
bifamlite,Full BiFAM-Next,figshare/1963.png,fs_MR050135B,0,True,0.026835123697916668,0.9818671345710754,0.4525993764400482,0.0627441257238388,True,True,True
bifamlite,Full BiFAM-Next,figshare/1974.png,fs_MR050791B,0,True,0.003512912326388889,0.022963624447584152,0.0006547742523252964,0.016163170337677002,False,False,False
bifamlite,Full BiFAM-Next,figshare/1975.png,fs_MR050791B,0,True,0.006666395399305556,8.210532541852444e-05,1.436398542864481e-05,0.012625937350094318,False,False,False
bifamlite,Full BiFAM-Next,figshare/1976.png,fs_MR050791B,0,True,0.011189778645833334,0.011790644377470016,0.003959966357797384,0.09067554026842117,False,False,False
bifamlite,Full BiFAM-Next,figshare/1977.png,fs_MR050791B,0,True,0.012885199652777778,0.40531662106513977,0.24947215616703033,0.021090088412165642,True,False,False
bifamlite,Full BiFAM-Next,figshare/1978.png,fs_MR050791B,0,True,0.024169921875,0.7791227698326111,0.43797358870506287,0.2583443522453308,True,True,True
bifamlite,Full BiFAM-Next,figshare/1979.png,fs_MR050791B,0,True,0.020331488715277776,0.8742886781692505,0.502618134021759,0.3749051094055176,True,True,True
bifamlite,Full BiFAM-Next,figshare/1980.png,fs_MR050791B,0,True,0.017266167534722224,0.00047308410285040736,6.84960832586512e-05,0.020167957991361618,False,False,False
bifamlite,Full BiFAM-Next,figshare/1981.png,fs_MR050791B,0,True,0.012037489149305556,0.8201202154159546,0.38313648104667664,0.170010045170784,True,True,True
bifamlite,Full BiFAM-Next,figshare/1982.png,fs_MR050791B,0,True,0.024854871961805556,0.002321516629308462,0.00018406713206786662,0.0,False,False,False
bifamlite,Full BiFAM-Next,figshare/1983.png,fs_MR050791B,0,True,0.012518988715277778,0.007607252337038517,0.0001830520195653662,0.02005395106971264,False,False,False
bifamlite,Full BiFAM-Next,figshare/2012.png,fs_MR051461B,0,False,0.015184190538194444,0.6956949830055237,0.275033175945282,0.1785469800233841,True,True,True
bifamlite,Full BiFAM-Next,figshare/2013.png,fs_MR051461B,0,True,0.011617024739583334,0.44166815280914307,0.14596451818943024,0.10078690201044083,False,True,True
bifamlite,Full BiFAM-Next,figshare/2014.png,fs_MR051461B,0,True,0.030029296875,0.9608468413352966,0.47437724471092224,0.20311038196086884,True,True,True
bifamlite,Full BiFAM-Next,figshare/2015.png,fs_MR051461B,0,True,0.021504720052083332,0.839790403842926,0.4256807267665863,0.33944252133369446,False,True,True
bifamlite,Full BiFAM-Next,figshare/2016.png,fs_MR051461B,0,True,0.0257568359375,0.8948169946670532,0.40892836451530457,0.12238345295190811,True,True,True
bifamlite,Full BiFAM-Next,figshare/2087.png,fs_MR053110B,0,True,0.0277099609375,0.819264829158783,0.4388968348503113,0.271516352891922,False,True,True
bifamlite,Full BiFAM-Next,figshare/2088.png,fs_MR053110B,0,True,0.030239529079861112,0.9147337079048157,0.5379257202148438,0.4093540906906128,True,True,True
bifamlite,Full BiFAM-Next,figshare/2089.png,fs_MR053110B,0,True,0.05325656467013889,0.9323925375938416,0.558857262134552,0.46888577938079834,True,True,True
bifamlite,Full BiFAM-Next,figshare/2090.png,fs_MR053110B,0,True,0.05180528428819445,0.8639419078826904,0.6468397378921509,0.4943261742591858,True,True,True
bifamlite,Full BiFAM-Next,figshare/2091.png,fs_MR053110B,0,True,0.03962537977430555,0.8042580485343933,0.5400604009628296,0.3916892409324646,True,True,True
bifamlite,Full BiFAM-Next,figshare/2092.png,fs_MR053110B,0,True,0.01458740234375,0.3553113341331482,0.2338661402463913,0.14845015108585358,True,False,True
bifamlite,Full BiFAM-Next,figshare/2093.png,fs_MR034694,0,True,0.006198459201388889,0.3226487934589386,0.15990068018436432,0.10735427588224411,False,True,True
bifamlite,Full BiFAM-Next,figshare/2094.png,fs_MR034694,0,True,0.017408582899305556,0.6369619369506836,0.34234926104545593,0.2073865830898285,True,False,True
bifamlite,Full BiFAM-Next,figshare/2095.png,fs_MR034694,0,True,0.027872721354166668,0.9921374320983887,0.5477515459060669,0.2293010950088501,True,True,True
bifamlite,Full BiFAM-Next,figshare/2096.png,fs_MR034694,0,True,0.017103407118055556,0.6537052989006042,0.3612004220485687,0.19456416368484497,False,False,True
bifamlite,Full BiFAM-Next,figshare/2112.png,fs_MR034997,0,True,0.008009168836805556,0.6977840662002563,0.24123714864253998,0.05205616354942322,True,True,True
bifamlite,Full BiFAM-Next,figshare/2113.png,fs_MR034997,0,True,0.01776123046875,0.6645277142524719,0.26194170117378235,0.03275948017835617,False,True,True
bifamlite,Full BiFAM-Next,figshare/2114.png,fs_MR034997,0,True,0.019965277777777776,0.9711195230484009,0.42709648609161377,0.011317286640405655,True,True,True
bifamlite,Full BiFAM-Next,figshare/2115.png,fs_MR034997,0,True,0.021172417534722224,0.9461826086044312,0.4847917854785919,0.15148478746414185,True,True,True
bifamlite,Full BiFAM-Next,figshare/2116.png,fs_MR034997,0,True,0.016866048177083332,0.9283966422080994,0.4249351918697357,0.11477301269769669,True,True,True
bifamlite,Full BiFAM-Next,figshare/2117.png,fs_MR034997,0,True,0.015068901909722222,0.8938522934913635,0.3819081485271454,0.0032767720986157656,True,True,False
bifamlite,Full BiFAM-Next,figshare/2118.png,fs_MR034997,0,True,0.004909939236111111,0.5160188674926758,0.15697313845157623,0.0003682650567498058,False,True,False
bifamlite,Full BiFAM-Next,figshare/2134.png,fs_MR049019G,0,True,0.024915907118055556,0.9185275435447693,0.4500966966152191,0.22188785672187805,True,True,True
bifamlite,Full BiFAM-Next,figshare/2135.png,fs_MR049019G,0,True,0.04578993055555555,0.821622371673584,0.5043410062789917,0.2861456573009491,True,True,True
bifamlite,Full BiFAM-Next,figshare/2136.png,fs_MR049019G,0,True,0.015123155381944444,0.29486653208732605,0.22550274431705475,0.23864808678627014,True,False,True
bifamlite,Full BiFAM-Next,figshare/2137.png,fs_MR049019G,0,True,0.017652723524305556,0.38211238384246826,0.26956167817115784,0.22903384268283844,False,True,True
bifamlite,Full BiFAM-Next,figshare/2138.png,fs_MR049019G,0,True,0.027140299479166668,0.6609979271888733,0.4148925840854645,0.38672393560409546,False,False,True
bifamlite,Full BiFAM-Next,figshare/2139.png,fs_MR049019G,0,True,0.016350640190972224,0.6642237901687622,0.35689854621887207,0.2908347249031067,True,False,True
bifamlite,Full BiFAM-Next,figshare/2140.png,fs_MR049019G,0,True,0.019490559895833332,0.5337008237838745,0.33612772822380066,0.3007257282733917,True,True,True
bifamlite,Full BiFAM-Next,figshare/2166.png,fs_MR037458B,0,False,0.011508517795138888,0.004321236629039049,0.0002576085680630058,0.01062736939638853,False,False,False
bifamlite,Full BiFAM-Next,figshare/2167.png,fs_MR037458B,0,True,0.014377170138888888,0.4136788845062256,0.10225880146026611,0.1806475818157196,True,False,False
bifamlite,Full BiFAM-Next,figshare/2168.png,fs_MR037458B,0,False,0.0027940538194444445,0.702178955078125,0.14456576108932495,0.011636934243142605,True,True,True
bifamlite,Full BiFAM-Next,figshare/2169.png,fs_MR037458B,0,False,0.005276150173611111,0.7729003429412842,0.20866505801677704,0.01845495216548443,True,True,True
bifamlite,Full BiFAM-Next,figshare/2170.png,fs_MR037458B,0,False,0.007154676649305556,0.9237942099571228,0.2568354308605194,0.0040096682496368885,True,True,True
bifamlite,Full BiFAM-Next,figshare/2171.png,fs_MR037458B,0,True,0.019999186197916668,0.6699106097221375,0.3357539176940918,0.43361520767211914,True,True,True
bifamlite,Full BiFAM-Next,figshare/2172.png,fs_MR037458B,0,True,0.015726725260416668,0.9284152388572693,0.35473698377609253,0.3008562922477722,True,True,True
bifamlite,Full BiFAM-Next,figshare/2173.png,fs_MR037458B,0,False,0.017137315538194444,0.9599145650863647,0.46653178334236145,0.0794091522693634,True,True,True
bifamlite,Full BiFAM-Next,figshare/2196.png,fs_MR040240,0,True,0.00738525390625,0.49401554465293884,0.17153729498386383,0.001198053127154708,False,True,False
bifamlite,Full BiFAM-Next,figshare/2197.png,fs_MR040240,0,True,0.010443793402777778,0.45833539962768555,0.2631741762161255,0.0,True,True,False
bifamlite,Full BiFAM-Next,figshare/2198.png,fs_MR040240,0,True,0.030768500434027776,0.9275758862495422,0.592397928237915,0.014138736762106419,True,True,True
bifamlite,Full BiFAM-Next,figshare/2199.png,fs_MR040240,0,True,0.028327094184027776,0.7461482882499695,0.5014955401420593,0.0028440565802156925,True,True,False
bifamlite,Full BiFAM-Next,figshare/2200.png,fs_MR040240,0,True,0.025058322482638888,0.6341992020606995,0.44088834524154663,0.049762602895498276,True,False,False
bifamlite,Full BiFAM-Next,figshare/2201.png,fs_MR040240,0,True,0.020948621961805556,0.4711107611656189,0.3345186710357666,0.05049082264304161,False,False,False
bifamlite,Full BiFAM-Next,figshare/2202.png,fs_MR040240,0,True,0.033515082465277776,0.9497063159942627,0.48646280169487,0.2224079668521881,True,True,True
bifamlite,Full BiFAM-Next,figshare/2203.png,fs_MR040240,0,True,0.025648328993055556,0.7373574376106262,0.47942864894866943,0.37180614471435547,True,True,True
bifamlite,Full BiFAM-Next,figshare/2204.png,fs_MR040240,0,True,0.016086154513888888,0.6422925591468811,0.3584689795970917,0.2758695185184479,False,True,True
bifamlite,Full BiFAM-Next,figshare/2205.png,fs_MR040240,0,True,0.008734809027777778,0.3214074373245239,0.13987495005130768,0.01553497277200222,False,False,False
bifamlite,Full BiFAM-Next,figshare/2270.png,fs_MR049453,0,True,0.004258897569444444,0.0008190528023988008,0.00020596804097294807,0.009114420972764492,False,False,False
bifamlite,Full BiFAM-Next,figshare/2271.png,fs_MR049453,0,True,0.028001573350694444,0.9755460023880005,0.5609185695648193,0.20355220139026642,True,True,True
bifamlite,Full BiFAM-Next,figshare/2272.png,fs_MR049453,0,True,0.01495361328125,0.5861994624137878,0.3942297697067261,0.3053717315196991,True,True,True
bifamlite,Full BiFAM-Next,figshare/2273.png,fs_MR049453,0,True,0.03408474392361111,0.9744718074798584,0.6958452463150024,0.4058782756328583,True,True,True
bifamlite,Full BiFAM-Next,figshare/2274.png,fs_MR049453,0,True,0.03238254123263889,0.891438364982605,0.6219102740287781,0.42267856001853943,True,True,True
bifamlite,Full BiFAM-Next,figshare/2275.png,fs_MR049453,0,True,0.023912217881944444,0.9172650575637817,0.5560666918754578,0.15367674827575684,True,True,True
bifamlite,Full BiFAM-Next,figshare/2276.png,fs_MR049453,0,True,0.009962293836805556,0.5870639085769653,0.29155972599983215,0.10664597898721695,True,True,True
bifamlite,Full BiFAM-Next,figshare/2277.png,fs_MR049453,0,True,0.010348849826388888,0.6621778011322021,0.31402409076690674,0.1357242614030838,True,True,True
bifamlite,Full BiFAM-Next,figshare/2278.png,fs_MR049453,0,True,0.004014756944444444,0.37193551659584045,0.12836313247680664,0.00909483153373003,True,True,True
bifamlite,Full BiFAM-Next,figshare/2286.png,fs_MR049453B,0,True,0.0037367078993055555,0.005585987586528063,1.2305955351621378e-05,0.019173242151737213,False,False,False
bifamlite,Full BiFAM-Next,figshare/2287.png,fs_MR049453B,0,True,0.003655327690972222,0.428902804851532,0.14358638226985931,0.059223949909210205,True,True,True
bifamlite,Full BiFAM-Next,figshare/2288.png,fs_MR049453B,0,True,0.050360785590277776,0.8673627376556396,0.7161795496940613,0.5758015513420105,True,True,True
bifamlite,Full BiFAM-Next,figshare/2289.png,fs_MR049453B,0,True,0.03554958767361111,0.8397716879844666,0.6628406047821045,0.4853966534137726,True,True,True
bifamlite,Full BiFAM-Next,figshare/2290.png,fs_MR049453B,0,True,0.036553276909722224,0.9229030013084412,0.6618266105651855,0.46113520860671997,True,True,True
bifamlite,Full BiFAM-Next,figshare/2291.png,fs_MR049453B,0,True,0.019802517361111112,0.6783989071846008,0.49397096037864685,0.2559643089771271,True,True,True
bifamlite,Full BiFAM-Next,figshare/2292.png,fs_MR049453B,0,True,0.009568956163194444,0.5451686382293701,0.0245953518897295,0.09521281719207764,True,True,True
bifamlite,Full BiFAM-Next,figshare/2293.png,fs_MR049453B,0,True,0.017734103732638888,0.9735885858535767,0.387705534696579,0.058092594146728516,True,True,True
bifamlite,Full BiFAM-Next,figshare/2294.png,fs_MR049453B,0,True,0.005316840277777778,0.449747234582901,0.11072969436645508,0.006228491198271513,False,True,False
bifamlite,Full BiFAM-Next,figshare/2295.png,fs_MR049453B,0,True,0.015272352430555556,0.33295074105262756,0.22844524681568146,0.08014563471078873,False,True,True
bifamlite,Full BiFAM-Next,figshare/2296.png,fs_MR049453B,0,True,0.024400499131944444,0.34429270029067993,0.27016961574554443,0.21263562142848969,False,False,False
bifamlite,Full BiFAM-Next,figshare/2297.png,fs_MR049453B,0,True,0.044074164496527776,0.6108391284942627,0.5083006024360657,0.3965219557285309,True,True,True
bifamlite,Full BiFAM-Next,figshare/2298.png,fs_MR049453B,0,True,0.046210394965277776,0.6989544630050659,0.5802619457244873,0.4946710169315338,False,True,True
bifamlite,Full BiFAM-Next,figshare/2299.png,fs_MR049453B,0,True,0.049323187934027776,0.7223837971687317,0.605117678642273,0.5176063776016235,True,True,True
bifamlite,Full BiFAM-Next,figshare/2300.png,fs_MR050135B,0,True,0.004170735677083333,0.645354688167572,0.16184915602207184,0.0013363998150452971,True,True,False
bifamlite,Full BiFAM-Next,figshare/2301.png,fs_MR050135B,0,True,0.018263075086805556,0.9468788504600525,0.14087864756584167,0.04552100598812103,True,True,True
bifamlite,Full BiFAM-Next,figshare/2302.png,fs_MR050135B,0,True,0.006137424045138889,0.7447302341461182,0.296599805355072,0.0034587979316711426,True,True,False
bifamlite,Full BiFAM-Next,figshare/2303.png,fs_MR050135B,0,True,0.018941243489583332,0.9532097578048706,0.3493039011955261,0.05315641686320305,True,True,True
bifamlite,Full BiFAM-Next,figshare/2304.png,fs_MR050135B,0,True,0.022989908854166668,0.9878132343292236,0.45457759499549866,0.038164131343364716,True,True,False
bifamlite,Full BiFAM-Next,figshare/2305.png,fs_MR050135B,0,True,0.025838216145833332,0.9848396182060242,0.4906618893146515,0.13601499795913696,True,True,True
bifamlite,Full BiFAM-Next,figshare/2306.png,fs_MR050135B,0,True,0.021565755208333332,0.9850956201553345,0.48780927062034607,0.027060164138674736,True,True,False
bifamlite,Full BiFAM-Next,figshare/2307.png,fs_MR050135B,0,True,0.007331000434027778,0.8967710137367249,0.31726697087287903,0.000710399413947016,True,True,False
bifamlite,Full BiFAM-Next,figshare/2308.png,fs_MR050135B,0,True,0.013210720486111112,0.7490370273590088,0.4077613055706024,0.0012801833217963576,True,True,False
bifamlite,Full BiFAM-Next,figshare/2309.png,fs_MR050135B,0,True,0.013014051649305556,0.895458996295929,0.466135174036026,0.0003449477662798017,True,True,False
bifamlite,Full BiFAM-Next,figshare/2310.png,fs_MR050135B,0,True,0.012837727864583334,0.9561893939971924,0.44155290722846985,0.006371259223669767,True,True,True
bifamlite,Full BiFAM-Next,figshare/2317.png,fs_MR050791B,0,True,0.026740180121527776,0.001147486618719995,0.0006233132444322109,0.02605574205517769,False,False,False
bifamlite,Full BiFAM-Next,figshare/2318.png,fs_MR050791B,0,True,0.04482693142361111,0.8055135607719421,0.2455424964427948,0.15914928913116455,True,True,True
bifamlite,Full BiFAM-Next,figshare/2319.png,fs_MR050791B,0,True,0.032111273871527776,0.22641758620738983,0.014967814087867737,0.09740867465734482,False,True,False
bifamlite,Full BiFAM-Next,figshare/2320.png,fs_MR050791B,0,True,0.020846896701388888,0.1905643194913864,0.18452014029026031,0.1232290267944336,False,False,True
bifamlite,Full BiFAM-Next,figshare/2349.png,fs_MR024780E,0,True,0.007439507378472222,0.9344247579574585,0.21851111948490143,0.0017551225610077381,True,True,False
bifamlite,Full BiFAM-Next,figshare/2362.png,fs_MR040240C,0,True,0.008490668402777778,0.5095975399017334,0.12341756373643875,0.02343757636845112,True,True,False
bifamlite,Full BiFAM-Next,figshare/2363.png,fs_MR040240C,0,True,0.0033772786458333335,0.24723689258098602,0.06277675926685333,0.0017003423999994993,True,True,False
bifamlite,Full BiFAM-Next,figshare/2364.png,fs_MR040240C,0,True,0.003851996527777778,0.4838259816169739,0.12574438750743866,0.037962839007377625,True,True,True
bifamlite,Full BiFAM-Next,figshare/2365.png,fs_MR040240C,0,True,0.020426432291666668,0.7974496483802795,0.3982662260532379,0.15026429295539856,False,True,True
bifamlite,Full BiFAM-Next,figshare/2366.png,fs_MR040240C,0,True,0.023417154947916668,0.9713541865348816,0.530961811542511,0.36571425199508667,True,True,True
bifamlite,Full BiFAM-Next,figshare/2367.png,fs_MR040240C,0,True,0.042928059895833336,0.8670751452445984,0.6064842939376831,0.38251593708992004,True,True,True
bifamlite,Full BiFAM-Next,figshare/2368.png,fs_MR040240C,0,True,0.06172010633680555,0.7343831658363342,0.5830619931221008,0.31283441185951233,True,False,False
bifamlite,Full BiFAM-Next,figshare/2369.png,fs_MR040240C,0,True,0.052361382378472224,0.6556730270385742,0.511159360408783,0.3941168487071991,False,False,True
bifamlite,Full BiFAM-Next,figshare/2370.png,fs_MR040240C,0,True,0.07093641493055555,0.9239562749862671,0.725151002407074,0.46663138270378113,True,True,True
bifamlite,Full BiFAM-Next,figshare/2371.png,fs_MR040240C,0,True,0.059244791666666664,0.9731547236442566,0.636875331401825,0.3423847556114197,True,True,True
bifamlite,Full BiFAM-Next,figshare/2372.png,fs_MR040240C,0,True,0.01580810546875,0.5691019296646118,0.3457365930080414,0.2697082757949829,False,True,True
bifamlite,Full BiFAM-Next,figshare/2373.png,fs_MR040240D,0,True,0.0035400390625,0.25283902883529663,0.10198848694562912,0.014474673196673393,True,True,True
bifamlite,Full BiFAM-Next,figshare/2374.png,fs_MR040240D,0,True,0.0064697265625,0.7533025145530701,0.23638178408145905,0.11339996010065079,True,True,True
bifamlite,Full BiFAM-Next,figshare/2375.png,fs_MR040240D,0,True,0.003390842013888889,0.006182696204632521,0.0014471529284492135,0.011099694296717644,False,False,False
bifamlite,Full BiFAM-Next,figshare/2376.png,fs_MR040240D,0,True,0.03207058376736111,0.8991143703460693,0.5696027874946594,0.44300684332847595,True,True,True
bifamlite,Full BiFAM-Next,figshare/2377.png,fs_MR040240D,0,True,0.029127332899305556,0.8650020360946655,0.5484481453895569,0.3662814497947693,True,True,True
bifamlite,Full BiFAM-Next,figshare/2378.png,fs_MR040240D,0,True,0.032036675347222224,0.7936608195304871,0.5282448530197144,0.469546377658844,True,True,True
bifamlite,Full BiFAM-Next,figshare/2379.png,fs_MR040240D,0,True,0.06580268012152778,0.9139270782470703,0.7010506391525269,0.5783072113990784,True,True,True
bifamlite,Full BiFAM-Next,figshare/2380.png,fs_MR040240D,0,True,0.058844672309027776,0.9472030997276306,0.7239422798156738,0.5174802541732788,True,True,True
bifamlite,Full BiFAM-Next,figshare/2381.png,fs_MR040240D,0,True,0.05537245008680555,0.8573625087738037,0.5427349209785461,0.46909335255622864,True,True,True
bifamlite,Full BiFAM-Next,figshare/2382.png,fs_MR040240D,0,True,0.052741156684027776,0.9038850665092468,0.5998826026916504,0.3418373763561249,True,True,True
bifamlite,Full BiFAM-Next,figshare/2383.png,fs_MR040240D,0,True,0.00421142578125,0.4433731138706207,0.13145607709884644,0.05944322422146797,False,True,True
bifamlite,Full BiFAM-Next,figshare/2443.png,fs_MR040240,0,True,0.028347439236111112,0.9025528430938721,0.504786491394043,0.13221020996570587,True,True,True
bifamlite,Full BiFAM-Next,figshare/2444.png,fs_MR040240,0,True,0.049886067708333336,0.9786871671676636,0.713945209980011,0.47334057092666626,True,True,True
bifamlite,Full BiFAM-Next,figshare/2445.png,fs_MR040240,0,True,0.046515570746527776,0.9237998723983765,0.7037094235420227,0.2747643291950226,True,True,True
bifamlite,Full BiFAM-Next,figshare/2446.png,fs_MR040240,0,True,0.050103081597222224,0.9830293655395508,0.7580171227455139,0.13840313255786896,True,True,True
bifamlite,Full BiFAM-Next,figshare/2447.png,fs_MR040240,0,True,0.029446072048611112,0.5435622930526733,0.41431212425231934,0.01906988024711609,True,False,False
bifamlite,Full BiFAM-Next,figshare/2448.png,fs_MR040240,0,True,0.028788248697916668,0.6108947396278381,0.48252567648887634,0.010564970783889294,True,True,False
bifamlite,Full BiFAM-Next,figshare/2449.png,fs_MR040240,0,True,0.029947916666666668,0.6034834980964661,0.46473369002342224,0.013640196062624454,True,True,False
bifamlite,Full BiFAM-Next,figshare/2450.png,fs_MR040240,0,True,0.037150065104166664,0.8939415216445923,0.6703261137008667,0.11015580594539642,True,True,True
bifamlite,Full BiFAM-Next,figshare/2451.png,fs_MR040240,0,True,0.02386474609375,0.49113646149635315,0.37993767857551575,0.11839672178030014,True,True,False
bifamlite,Full BiFAM-Next,figshare/2452.png,fs_MR040240,0,True,0.009589301215277778,0.7752928733825684,0.06878140568733215,0.05308614671230316,True,True,True
bifamlite,Full BiFAM-Next,figshare/2496.png,fs_MR024780E,0,True,0.00408935546875,0.00015336454089265317,1.818049895518925e-05,0.0069195860996842384,False,False,False
bifamlite,Full BiFAM-Next,figshare/2497.png,fs_MR024780E,0,True,0.002448187934027778,0.0897204726934433,0.016679899767041206,0.009732585400342941,False,False,False
bifamlite,Full BiFAM-Next,figshare/2498.png,fs_MR024780E,0,True,0.007256401909722222,0.3620607554912567,0.08978241682052612,0.008301017805933952,True,True,False
bifamlite,Full BiFAM-Next,figshare/2509.png,fs_MR040240C,0,True,0.021023220486111112,0.9853687286376953,0.43576744198799133,0.17352499067783356,True,True,True
bifamlite,Full BiFAM-Next,figshare/2510.png,fs_MR040240C,0,True,0.021708170572916668,0.8061586618423462,0.4684326648712158,0.13485880196094513,True,True,True
bifamlite,Full BiFAM-Next,figshare/2511.png,fs_MR040240C,0,True,0.00787353515625,0.7237856388092041,0.2788268029689789,0.29181820154190063,True,True,True
bifamlite,Full BiFAM-Next,figshare/2512.png,fs_MR040240C,0,True,0.009813096788194444,0.7033221125602722,0.3073132336139679,0.3583252429962158,True,True,True
bifamlite,Full BiFAM-Next,figshare/2513.png,fs_MR040240C,0,True,0.013502332899305556,0.7714371085166931,0.3738554120063782,0.5029638409614563,True,True,True
bifamlite,Full BiFAM-Next,figshare/2514.png,fs_MR040240C,0,True,0.0146484375,0.6923392415046692,0.3626839518547058,0.5683530569076538,True,True,True
bifamlite,Full BiFAM-Next,figshare/2515.png,fs_MR040240C,0,True,0.015360514322916666,0.540162205696106,0.2957763373851776,0.4027061462402344,False,True,True
bifamlite,Full BiFAM-Next,figshare/2516.png,fs_MR040240C,0,True,0.03158908420138889,0.8294962048530579,0.5731005072593689,0.2468460202217102,True,True,True
bifamlite,Full BiFAM-Next,figshare/2517.png,fs_MR040240C,0,True,0.03372531467013889,0.8162311315536499,0.5875054597854614,0.36701276898384094,True,True,True
bifamlite,Full BiFAM-Next,figshare/2518.png,fs_MR040240C,0,True,0.013326009114583334,0.37535572052001953,0.26813292503356934,0.27472156286239624,False,True,True
bifamlite,Full BiFAM-Next,figshare/2519.png,fs_MR040240C,0,True,0.013814290364583334,0.36031264066696167,0.26098576188087463,0.2746468186378479,False,False,True
bifamlite,Full BiFAM-Next,figshare/2520.png,fs_MR040240C,0,True,0.03912353515625,0.9371664524078369,0.6666401624679565,0.4727843999862671,True,True,True
bifamlite,Full BiFAM-Next,figshare/2521.png,fs_MR040240C,0,True,0.029947916666666668,0.5885950922966003,0.4409381151199341,0.33686167001724243,True,True,True
bifamlite,Full BiFAM-Next,figshare/2522.png,fs_MR040240C,0,True,0.009806315104166666,0.45568132400512695,0.261506050825119,0.29640164971351624,True,True,True
bifamlite,Full BiFAM-Next,figshare/2523.png,fs_MR040240C,0,True,0.007853190104166666,0.7105005979537964,0.2662294805049896,0.3590964078903198,True,True,True
bifamlite,Full BiFAM-Next,figshare/2550.png,fs_MR051461B,0,True,0.008185492621527778,0.26428985595703125,0.13014835119247437,0.06642258912324905,True,True,True
bifamlite,Full BiFAM-Next,figshare/2551.png,fs_MR051461B,0,True,0.007317437065972222,0.7843250632286072,0.20431824028491974,0.11828520148992538,True,True,True
bifamlite,Full BiFAM-Next,figshare/2552.png,fs_MR051461B,0,True,0.007988823784722222,0.5730758905410767,0.2944011688232422,0.3108743727207184,False,True,True
bifamlite,Full BiFAM-Next,figshare/2553.png,fs_MR051461B,0,True,0.008314344618055556,0.5267950892448425,0.29222145676612854,0.32182592153549194,True,True,True
bifamlite,Full BiFAM-Next,figshare/2617.png,fs_MR053110B,0,True,0.026041666666666668,0.38308829069137573,0.2908172607421875,0.11802293360233307,False,False,True
bifamlite,Full BiFAM-Next,figshare/2618.png,fs_MR053110B,0,True,0.028272840711805556,0.9231517910957336,0.5080042481422424,0.22365330159664154,True,True,True
bifamlite,Full BiFAM-Next,figshare/2619.png,fs_MR053110B,0,True,0.036383734809027776,0.9772107005119324,0.6262074708938599,0.2804218828678131,True,True,True
bifamlite,Full BiFAM-Next,figshare/2620.png,fs_MR053110B,0,True,0.03361680772569445,0.859514594078064,0.6271622776985168,0.4417378306388855,True,True,True
bifamlite,Full BiFAM-Next,figshare/2621.png,fs_MR053110B,0,True,0.029500325520833332,0.8453456163406372,0.6408247351646423,0.3707858920097351,False,True,True
bifamlite,Full BiFAM-Next,figshare/2622.png,fs_MR053110B,0,True,0.028516981336805556,0.8504390120506287,0.6385912895202637,0.3363468647003174,True,True,True
bifamlite,Full BiFAM-Next,figshare/2623.png,fs_MR053110B,0,True,0.028164333767361112,0.7861000895500183,0.5958636403083801,0.4203583896160126,True,True,True
bifamlite,Full BiFAM-Next,figshare/2624.png,fs_MR034694,0,True,0.009189181857638888,0.8528103828430176,0.3567201495170593,0.15192490816116333,True,True,True
bifamlite,Full BiFAM-Next,figshare/2625.png,fs_MR034694,0,True,0.00933837890625,0.0021731494925916195,0.0007224074215628207,0.020995015278458595,False,False,False
bifamlite,Full BiFAM-Next,figshare/2626.png,fs_MR034694,0,True,0.020304361979166668,0.7163300514221191,0.39049428701400757,0.06536601483821869,True,True,True
bifamlite,Full BiFAM-Next,figshare/2627.png,fs_MR034694,0,True,0.011935763888888888,0.7230939865112305,0.4390183091163635,0.2134455293416977,False,True,True
bifamlite,Full BiFAM-Next,figshare/2628.png,fs_MR034694,0,True,0.023857964409722224,0.9859181642532349,0.5533083081245422,0.15365979075431824,True,True,True
bifamlite,Full BiFAM-Next,figshare/2629.png,fs_MR034694,0,True,0.025356716579861112,0.9863991737365723,0.4772251546382904,0.056962743401527405,True,True,True
bifamlite,Full BiFAM-Next,figshare/2630.png,fs_MR034694,0,True,0.017835828993055556,0.9849120378494263,0.39930006861686707,0.03291008621454239,True,True,True
bifamlite,Full BiFAM-Next,figshare/2646.png,fs_MR053241C,0,True,0.008341471354166666,0.013388002291321754,2.728715116973035e-05,0.023214779794216156,False,False,False
bifamlite,Full BiFAM-Next,figshare/2647.png,fs_MR053241C,0,True,0.005655924479166667,0.012525152415037155,4.2568764911266044e-05,0.014187957160174847,False,False,False
bifamlite,Full BiFAM-Next,figshare/2648.png,fs_MR053241C,0,True,0.004835340711805556,0.08038996160030365,0.018598927184939384,0.021964509040117264,False,False,True
bifamlite,Full BiFAM-Next,figshare/2649.png,fs_MR053241C,0,True,0.0052490234375,0.7408225536346436,0.08654429763555527,0.012474729679524899,True,True,False
bifamlite,Full BiFAM-Next,figshare/2650.png,fs_MR034997,0,True,0.010158962673611112,0.9547149538993835,0.36265164613723755,0.004675569012761116,True,True,False
bifamlite,Full BiFAM-Next,figshare/2651.png,fs_MR034997,0,True,0.021952311197916668,0.9895097017288208,0.49541643261909485,0.034400876611471176,True,True,True
bifamlite,Full BiFAM-Next,figshare/2652.png,fs_MR034997,0,True,0.024447970920138888,0.9881196022033691,0.5589026212692261,0.253818154335022,True,True,True
bifamlite,Full BiFAM-Next,figshare/2653.png,fs_MR034997,0,True,0.022623697916666668,0.9852210879325867,0.542729914188385,0.2276497632265091,True,True,True
bifamlite,Full BiFAM-Next,figshare/2654.png,fs_MR034997,0,True,0.025139702690972224,0.9919994473457336,0.5172844529151917,0.08230704814195633,True,True,True
bifamlite,Full BiFAM-Next,figshare/2655.png,fs_MR034997,0,True,0.020521375868055556,0.9880882501602173,0.3745989501476288,0.02977679669857025,True,True,True
bifamlite,Full BiFAM-Next,figshare/2656.png,fs_MR034997,0,True,0.0159912109375,0.600619912147522,0.3237325847148895,0.04979018494486809,True,True,True
bifamlite,Full BiFAM-Next,figshare/2675.png,fs_MR049019G,0,True,0.019646538628472224,0.413225382566452,0.292126327753067,0.0943451076745987,True,False,False
bifamlite,Full BiFAM-Next,figshare/2676.png,fs_MR049019G,0,True,0.023362901475694444,0.7622449398040771,0.5321211218833923,0.28247934579849243,True,True,True
bifamlite,Full BiFAM-Next,figshare/2677.png,fs_MR049019G,0,True,0.027065700954861112,0.8664597272872925,0.5842223763465881,0.4229825735092163,True,True,True
bifamlite,Full BiFAM-Next,figshare/2702.png,fs_MR037458B,0,False,0.002509223090277778,0.011459414847195148,0.0001267283078050241,0.003752209711819887,False,False,True
bifamlite,Full BiFAM-Next,figshare/2703.png,fs_MR037458B,0,True,0.006632486979166667,0.31886646151542664,0.02665969915688038,0.017866896465420723,False,False,False
bifamlite,Full BiFAM-Next,figshare/2704.png,fs_MR037458B,0,True,0.0128173828125,0.7910195589065552,0.3956769108772278,0.13374289870262146,True,True,True
bifamlite,Full BiFAM-Next,figshare/2705.png,fs_MR037458B,0,True,0.020358615451388888,0.6899427771568298,0.3801465630531311,0.24262340366840363,True,False,True
bifamlite,Full BiFAM-Next,figshare/2706.png,fs_MR037458B,0,True,0.017442491319444444,0.9275517463684082,0.5210471749305725,0.5528613328933716,True,True,True
bifamlite,Full BiFAM-Next,figshare/2707.png,fs_MR037458B,0,True,0.011298285590277778,0.7975586652755737,0.4393111765384674,0.4065576195716858,True,True,True
bifamlite,Full BiFAM-Next,figshare/2708.png,fs_MR037458B,0,True,0.005255805121527778,0.9035757184028625,0.09695684909820557,7.81001290306449e-05,True,True,False
bifamlite,Full BiFAM-Next,figshare/2709.png,fs_MR037458B,0,False,0.006422254774305556,0.07288917899131775,0.0006809534970670938,0.0023566391319036484,False,False,False
bifamlite,Full BiFAM-Next,figshare/2743.png,fs_MR049019G,0,True,0.013014051649305556,0.5286489129066467,0.4060027301311493,0.1769842952489853,False,True,True
bifamlite,Full BiFAM-Next,figshare/2744.png,fs_MR049019G,0,True,0.014492458767361112,0.6222221851348877,0.46773430705070496,0.340009868144989,False,True,True
bifamlite,Full BiFAM-Next,figshare/2745.png,fs_MR049019G,0,True,0.03921847873263889,0.7735337615013123,0.6473333239555359,0.4844246506690979,True,True,True
bifamlite,Full BiFAM-Next,figshare/2746.png,fs_MR049019G,0,True,0.024393717447916668,0.6944717764854431,0.5770242810249329,0.40256941318511963,False,True,True
bifamlite,Full BiFAM-Next,figshare/2747.png,fs_MR049019G,0,True,0.008884006076388888,0.569352388381958,0.37119582295417786,0.15900146961212158,False,True,True
bifamlite,Full BiFAM-Next,figshare/2769.png,fs_MR037458B,0,True,0.014180501302083334,0.47868043184280396,0.21923483908176422,0.0337991788983345,True,True,False
bifamlite,Full BiFAM-Next,figshare/2770.png,fs_MR037458B,0,True,0.007290310329861111,0.8233634233474731,0.2461925745010376,0.0015983155462890863,True,True,False
bifamlite,Full BiFAM-Next,figshare/2771.png,fs_MR037458B,0,True,0.025214301215277776,0.8423460721969604,0.5408732295036316,0.3701648414134979,True,True,True
bifamlite,Full BiFAM-Next,figshare/2772.png,fs_MR037458B,0,True,0.018235948350694444,0.9530888795852661,0.43312206864356995,0.10712621361017227,True,True,True
bifamlite,Full BiFAM-Next,figshare/2773.png,fs_MR037458B,0,True,0.017768012152777776,0.67582768201828,0.38897544145584106,0.006674712989479303,True,True,False
bifamlite,Full BiFAM-Next,figshare/2787.png,fs_MR040240,0,True,0.024210611979166668,0.7141371965408325,0.5041866302490234,0.05678906664252281,True,True,False
bifamlite,Full BiFAM-Next,figshare/2788.png,fs_MR040240,0,True,0.014492458767361112,0.8500737547874451,0.5678059458732605,0.0011073013301938772,True,True,False
bifamlite,Full BiFAM-Next,figshare/2789.png,fs_MR040240,0,True,0.05129665798611111,0.9793694019317627,0.8278321623802185,0.04596651345491409,True,True,True
bifamlite,Full BiFAM-Next,figshare/2790.png,fs_MR040240,0,True,0.05272081163194445,0.9893630146980286,0.8070863485336304,0.09845444560050964,True,True,True
bifamlite,Full BiFAM-Next,figshare/2791.png,fs_MR040240,0,True,0.038872612847222224,0.962902843952179,0.6277167797088623,0.23965656757354736,True,True,True
bifamlite,Full BiFAM-Next,figshare/2792.png,fs_MR040240,0,True,0.017747667100694444,0.6145750284194946,0.42596492171287537,0.03190036118030548,True,True,False
bifamlite,Full BiFAM-Next,figshare/2793.png,fs_MR040240,0,True,0.015550401475694444,0.929695725440979,0.511319637298584,0.013698233291506767,True,True,False
bifamlite,Full BiFAM-Next,figshare/2794.png,fs_MR040240,0,True,0.006985134548611111,0.5436392426490784,0.2702448070049286,0.01967400498688221,False,False,False
bifamlite,Full BiFAM-Next,figshare/2876.png,fs_MR049453,0,True,0.007012261284722222,0.8593729734420776,0.33320629596710205,0.021602841094136238,True,True,False
bifamlite,Full BiFAM-Next,figshare/2877.png,fs_MR049453,0,True,0.018086751302083332,0.7961987257003784,0.657427966594696,0.30041801929473877,True,True,True
bifamlite,Full BiFAM-Next,figshare/2878.png,fs_MR049453,0,True,0.028469509548611112,0.8401939868927002,0.744479238986969,0.4713973104953766,True,True,True
bifamlite,Full BiFAM-Next,figshare/2879.png,fs_MR049453,0,True,0.04705810546875,0.9372228980064392,0.8283999562263489,0.5475741028785706,True,True,True
bifamlite,Full BiFAM-Next,figshare/2880.png,fs_MR049453,0,True,0.03195529513888889,0.8635458946228027,0.7328200340270996,0.4215947687625885,True,True,True
bifamlite,Full BiFAM-Next,figshare/2881.png,fs_MR049453,0,True,0.029832628038194444,0.7208636999130249,0.6067593693733215,0.41426992416381836,True,True,True
bifamlite,Full BiFAM-Next,figshare/2882.png,fs_MR049453,0,True,0.04216172960069445,0.8165100812911987,0.6131123304367065,0.30818426609039307,False,True,True
bifamlite,Full BiFAM-Next,figshare/2883.png,fs_MR049453,0,True,0.004706488715277778,0.6798310875892639,0.24517129361629486,0.008562619797885418,True,True,True
bifamlite,Full BiFAM-Next,figshare/2884.png,fs_MR049453,0,True,0.006252712673611111,0.8347281813621521,0.26418641209602356,0.00011923652346013114,True,True,False
bifamlite,Full BiFAM-Next,figshare/2891.png,fs_MR050135B,0,True,0.011637369791666666,0.9236345887184143,0.4359648525714874,0.06591274589300156,True,True,True
bifamlite,Full BiFAM-Next,figshare/2892.png,fs_MR050135B,0,True,0.015414767795138888,0.8069030046463013,0.5057278275489807,0.13945648074150085,True,True,True
bifamlite,Full BiFAM-Next,figshare/2893.png,fs_MR050135B,0,True,0.019816080729166668,0.7794185280799866,0.5701543092727661,0.16450199484825134,True,True,True
bifamlite,Full BiFAM-Next,figshare/2894.png,fs_MR050135B,0,True,0.042683919270833336,0.9922152757644653,0.7002756595611572,0.15905338525772095,True,True,True
bifamlite,Full BiFAM-Next,figshare/2895.png,fs_MR050135B,0,True,0.004475911458333333,0.384072482585907,0.21823547780513763,0.00013952617882750928,True,True,False
bifamlite,Full BiFAM-Next,figshare/2896.png,fs_MR050135B,0,True,0.012498643663194444,0.7815389037132263,0.5256801843643188,0.027287304401397705,True,True,True
bifamlite,Full BiFAM-Next,figshare/2897.png,fs_MR050135B,0,True,0.016323513454861112,0.8189660906791687,0.5819571018218994,0.21581482887268066,True,True,True
bifamlite,Full BiFAM-Next,figshare/2898.png,fs_MR050135B,0,True,0.0126953125,0.8884609937667847,0.5646637678146362,0.008899219334125519,True,True,True
bifamlite,Full BiFAM-Next,figshare/2899.png,fs_MR050135B,0,True,0.005852593315972222,0.49784719944000244,0.30503061413764954,0.00014435396587941796,True,True,False
bifamlite,Full BiFAM-Next,figshare/2906.png,fs_MR050791B,0,False,0.00286865234375,0.005856235045939684,4.492409061640501e-05,0.0026244819164276123,False,False,False
bifamlite,Full BiFAM-Next,figshare/2907.png,fs_MR050791B,0,True,0.009385850694444444,0.604843020439148,0.32585597038269043,0.35235151648521423,False,True,True
bifamlite,Full BiFAM-Next,figshare/2908.png,fs_MR050791B,0,True,0.014112684461805556,0.8150011897087097,0.4599733352661133,0.5561051964759827,False,True,True
bifamlite,Full BiFAM-Next,figshare/2909.png,fs_MR050791B,0,True,0.020534939236111112,0.9145340323448181,0.5859828591346741,0.5379722714424133,True,True,True
bifamlite,Full BiFAM-Next,figshare/2910.png,fs_MR050791B,0,True,0.015265570746527778,0.7579110860824585,0.35893774032592773,0.43363234400749207,False,True,True
bifamlite,Full BiFAM-Next,figshare/2911.png,fs_MR050791B,0,True,0.010138617621527778,0.015418746508657932,0.006615743041038513,0.0,False,False,False
bifamlite,Full BiFAM-Next,figshare/2912.png,fs_MR050791B,0,True,0.010328504774305556,0.11600402742624283,0.14635278284549713,0.10000816732645035,False,False,True
bifamlite,Full BiFAM-Next,figshare/2913.png,fs_MR050791B,0,True,0.00726318359375,0.17196500301361084,0.11409364640712738,0.04984159395098686,False,False,True
bifamlite,Full BiFAM-Next,figshare/2999.png,fs_MR053110B,0,True,0.019449869791666668,0.8776431083679199,0.5289542078971863,0.21772326529026031,True,True,True
bifamlite,Full BiFAM-Next,figshare/3000.png,fs_MR053110B,0,True,0.025614420572916668,0.5907511711120605,0.47891297936439514,0.16109858453273773,False,True,True
bifamlite,Full BiFAM-Next,figshare/3001.png,fs_MR053110B,0,True,0.03150770399305555,0.9201780557632446,0.5990496277809143,0.25561776757240295,True,True,True
bifamlite,Full BiFAM-Next,figshare/3002.png,fs_MR053110B,0,True,0.038655598958333336,0.8404112458229065,0.5891715288162231,0.23699496686458588,True,True,True
bifamlite,Full BiFAM-Next,figshare/3003.png,fs_MR053110B,0,True,0.026896158854166668,0.10085215419530869,0.028325630351901054,0.050939418375492096,False,False,True
bifamlite,Full BiFAM-Next,figshare/3004.png,fs_MR053110B,0,True,0.001315646701388889,0.03406117483973503,0.022575266659259796,0.020118478685617447,False,False,False
bifamlite,Full BiFAM-Next,figshare/3005.png,fs_MR034694,0,True,0.01019287109375,0.7351765632629395,0.5577471852302551,0.0420798733830452,True,True,True
bifamlite,Full BiFAM-Next,figshare/3006.png,fs_MR034694,0,True,0.018269856770833332,0.8935306072235107,0.713488757610321,0.03172783553600311,True,True,True
bifamlite,Full BiFAM-Next,figshare/3007.png,fs_MR034694,0,True,0.016255696614583332,0.8986098170280457,0.7085533142089844,0.0894017145037651,True,True,True
bifamlite,Full BiFAM-Next,figshare/3008.png,fs_MR034694,0,True,0.016228569878472224,0.7961649298667908,0.6155811548233032,0.25573161244392395,True,True,True
bifamlite,Full BiFAM-Next,figshare/3022.png,fs_MR034997,0,True,0.006361219618055556,0.9337655305862427,0.19888174533843994,0.0016089020064100623,True,True,False
bifamlite,Full BiFAM-Next,figshare/3023.png,fs_MR034997,0,True,0.013319227430555556,0.9079268574714661,0.46797236800193787,0.0001397302548866719,True,True,False
bifamlite,Full BiFAM-Next,figshare/3024.png,fs_MR034997,0,True,0.021694607204861112,0.9167667627334595,0.6281659603118896,0.10090495645999908,True,True,True
bifamlite,Full BiFAM-Next,figshare/3025.png,fs_MR034997,0,True,0.024787055121527776,0.9604686498641968,0.7029462456703186,0.2549610435962677,True,True,True
bifamlite,Full BiFAM-Next,figshare/3026.png,fs_MR034997,0,True,0.019280327690972224,0.8908580541610718,0.6441190242767334,0.13646109402179718,True,True,True
bifamlite,Full BiFAM-Next,figshare/3027.png,fs_MR034997,0,True,0.013102213541666666,0.551946222782135,0.4209165871143341,0.027378147467970848,True,True,False
bifamlite,Full BiFAM-Next,figshare/3028.png,fs_MR034997,0,True,0.002570258246527778,0.1427149623632431,0.10364637523889542,0.004690018482506275,True,False,False
bifamlite,Full BiFAM-Next,figshare/3039.png,fs_MR024780E,0,True,0.001193576388888889,0.6984419226646423,0.048999954015016556,1.896976937132422e-05,True,True,False
bifamlite,Full BiFAM-Next,figshare/3040.png,fs_MR024780E,0,True,0.003017849392361111,0.49277928471565247,0.010876505635678768,0.0013291529612615705,True,True,False
bifamlite,Full BiFAM-Next,figshare/3041.png,fs_MR024780E,0,True,0.0025838216145833335,0.39903193712234497,0.055825233459472656,0.0008641116437502205,True,True,False
bifamlite,Full BiFAM-Next,figshare/3042.png,fs_MR040240C,0,True,0.021280924479166668,0.2848421037197113,0.22818443179130554,0.22905883193016052,False,False,True
bifamlite,Full BiFAM-Next,figshare/3043.png,fs_MR040240C,0,True,0.015313042534722222,0.23627272248268127,0.19400569796562195,0.32002803683280945,True,False,True
bifamlite,Full BiFAM-Next,figshare/3044.png,fs_MR040240C,0,True,0.034125434027777776,0.46232107281684875,0.3848659098148346,0.39470648765563965,True,True,True
bifamlite,Full BiFAM-Next,figshare/3045.png,fs_MR040240C,0,True,0.030219184027777776,0.8131788372993469,0.5125179290771484,0.5778629183769226,True,True,True
bifamlite,Full BiFAM-Next,figshare/3046.png,fs_MR040240C,0,True,0.016777886284722224,0.6939639449119568,0.373993843793869,0.34340745210647583,True,True,True
bifamlite,Full BiFAM-Next,figshare/3047.png,fs_MR040240D,0,True,0.003119574652777778,0.5899477601051331,0.23029205203056335,0.0034346389584243298,True,True,False
bifamlite,Full BiFAM-Next,figshare/3048.png,fs_MR040240D,0,True,0.0020005967881944445,0.0054213204421103,0.0036443425342440605,0.0056916787289083,False,False,False
abl_no_mask,Without mask supervision,figshare/0001.png,fs_100360,1,True,0.017510308159722224,0.01677532121539116,0.017969312146306038,0.022376252338290215,False,False,False
abl_no_mask,Without mask supervision,figshare/0002.png,fs_100360,1,True,0.032938639322916664,0.03106795810163021,0.030189696699380875,5.802933173981728e-07,False,False,False
abl_no_mask,Without mask supervision,figshare/0003.png,fs_100360,1,True,0.04019504123263889,0.036431096494197845,0.03820319473743439,0.0,False,False,False
abl_no_mask,Without mask supervision,figshare/0004.png,fs_100360,1,True,0.034003363715277776,0.03233909606933594,0.031161542981863022,0.0,False,False,False
abl_no_mask,Without mask supervision,figshare/0005.png,fs_100360,1,True,0.04301622178819445,0.04197856783866882,0.0463314987719059,0.1596876084804535,False,False,True
abl_no_mask,Without mask supervision,figshare/0026.png,fs_102446,1,True,0.0027601453993055555,0.003061088966205716,0.0024219276383519173,0.0,False,False,False
abl_no_mask,Without mask supervision,figshare/0049.png,fs_104281,1,True,0.00714111328125,0.006679922342300415,0.006686865817755461,0.0,False,False,False
abl_no_mask,Without mask supervision,figshare/0050.png,fs_104281,1,True,0.019049750434027776,0.01816963218152523,0.021844496950507164,0.0,False,False,False
abl_no_mask,Without mask supervision,figshare/0051.png,fs_104281,1,True,0.022298177083333332,0.02151503413915634,0.02548592910170555,0.0,False,False,False
abl_no_mask,Without mask supervision,figshare/0052.png,fs_104281,1,True,0.021280924479166668,0.01984555833041668,0.027567515149712563,0.0,False,False,False
abl_no_mask,Without mask supervision,figshare/0053.png,fs_104281,1,True,0.015679253472222224,0.014946667477488518,0.019894739612936974,0.0,False,False,False
abl_no_mask,Without mask supervision,figshare/0054.png,fs_104281,1,True,0.008938259548611112,0.008707948960363865,0.011070597916841507,0.0,False,False,False
abl_no_mask,Without mask supervision,figshare/0055.png,fs_104281,1,True,0.00494384765625,0.004649911541491747,0.006204297300428152,0.0027742113452404737,False,False,False
abl_no_mask,Without mask supervision,figshare/0056.png,fs_105374,1,True,0.004007975260416667,0.006017896346747875,0.00470362976193428,0.02687939628958702,False,False,True
abl_no_mask,Without mask supervision,figshare/0057.png,fs_105374,1,True,0.00408935546875,0.004887115675956011,0.005415072198957205,1.2938269122741985e-08,False,False,False
abl_no_mask,Without mask supervision,figshare/0093.png,fs_107248,1,False,0.009711371527777778,0.008825899101793766,0.011899040080606937,0.0,False,False,False
abl_no_mask,Without mask supervision,figshare/0094.png,fs_107248,1,False,0.01177978515625,0.012506546452641487,0.014005113393068314,0.08631083369255066,False,False,False
abl_no_mask,Without mask supervision,figshare/0095.png,fs_107248,1,False,0.004597981770833333,0.004845555871725082,0.004177547991275787,0.021275965496897697,False,False,False
abl_no_mask,Without mask supervision,figshare/0096.png,fs_107248,1,True,0.006700303819444444,0.006699268706142902,0.005337626673281193,2.0407233023433946e-06,False,False,False
abl_no_mask,Without mask supervision,figshare/0097.png,fs_107248,1,True,0.00921630859375,0.009523892775177956,0.007743396796286106,0.0,False,False,False
abl_no_mask,Without mask supervision,figshare/0098.png,fs_107248,1,True,0.00750732421875,0.0069966912269592285,0.007417649962007999,0.05964158847928047,False,False,True
abl_no_mask,Without mask supervision,figshare/0119.png,fs_109411,1,True,0.0018717447916666667,0.0018173792632296681,0.002474511507898569,0.003478935919702053,False,False,False
abl_no_mask,Without mask supervision,figshare/0120.png,fs_109968,1,False,0.019124348958333332,0.019029691815376282,0.024162709712982178,0.20610852539539337,True,False,True
abl_no_mask,Without mask supervision,figshare/0121.png,fs_109968,1,False,0.020731608072916668,0.022176409140229225,0.022756600752472878,0.16800683736801147,False,False,False
abl_no_mask,Without mask supervision,figshare/0122.png,fs_109968,1,True,0.019239637586805556,0.0188994649797678,0.01987604610621929,4.087359047844075e-05,False,False,False
abl_no_mask,Without mask supervision,figshare/0123.png,fs_109968,1,True,0.012363009982638888,0.011135619133710861,0.010660766623914242,0.0,False,False,False
abl_no_mask,Without mask supervision,figshare/0132.png,fs_111532,1,True,0.017340766059027776,0.024075191468000412,0.018567057326436043,0.0,False,False,False
abl_no_mask,Without mask supervision,figshare/0133.png,fs_111532,1,True,0.021755642361111112,0.034298159182071686,0.018831320106983185,0.0,True,False,False
abl_no_mask,Without mask supervision,figshare/0134.png,fs_111532,1,True,0.022928873697916668,0.034455761313438416,0.02268161065876484,0.0,False,False,False
abl_no_mask,Without mask supervision,figshare/0154.png,fs_113435,1,True,0.03425428602430555,0.03168013319373131,0.03404910862445831,0.12050559371709824,False,False,True
abl_no_mask,Without mask supervision,figshare/0155.png,fs_113435,1,True,0.0469970703125,0.04229601472616196,0.05031105503439903,0.0,False,False,False
abl_no_mask,Without mask supervision,figshare/0156.png,fs_113435,1,True,0.04841444227430555,0.04287508502602577,0.04643179848790169,0.0,False,False,False
abl_no_mask,Without mask supervision,figshare/0157.png,fs_113435,1,True,0.045586480034722224,0.04117162525653839,0.04588192328810692,0.007317019626498222,False,False,False
abl_no_mask,Without mask supervision,figshare/0158.png,fs_113435,1,True,0.037285698784722224,0.033346209675073624,0.04342721775174141,0.0,False,False,False
abl_no_mask,Without mask supervision,figshare/0159.png,fs_113435,1,True,0.024427625868055556,0.021980995312333107,0.018811948597431183,0.006025887094438076,False,False,False
abl_no_mask,Without mask supervision,figshare/0160.png,fs_113554,1,True,0.009663899739583334,0.010595212690532207,0.009852769784629345,0.0,False,False,False
abl_no_mask,Without mask supervision,figshare/0161.png,fs_113554,1,True,0.012281629774305556,0.0143933380022645,0.012407829985022545,0.0,False,False,False
abl_no_mask,Without mask supervision,figshare/0162.png,fs_113554,1,True,0.01031494140625,0.014866998419165611,0.013382649049162865,0.0,False,False,False
abl_no_mask,Without mask supervision,figshare/0204.png,fs_99308,1,True,0.024325900607638888,0.023729456588625908,0.022179648280143738,0.011598403565585613,False,False,False
abl_no_mask,Without mask supervision,figshare/0205.png,fs_99308,1,True,0.03409152560763889,0.03297126293182373,0.031402338296175,0.052699994295835495,False,False,False
abl_no_mask,Without mask supervision,figshare/0206.png,fs_99308,1,True,0.03354220920138889,0.03334343805909157,0.027521025389432907,0.0243008341640234,False,False,False
abl_no_mask,Without mask supervision,figshare/0207.png,fs_99308,1,True,0.031426323784722224,0.030598951503634453,0.030427969992160797,0.0051225218921899796,False,False,False
abl_no_mask,Without mask supervision,figshare/0208.png,fs_99308,1,True,0.023444281684027776,0.02359960973262787,0.023990413174033165,0.05777449905872345,False,False,True
abl_no_mask,Without mask supervision,figshare/0211.png,fs_100360,1,True,0.017788357204861112,0.018177587538957596,0.023252248764038086,0.0,False,False,False
abl_no_mask,Without mask supervision,figshare/0212.png,fs_100360,1,True,0.029127332899305556,0.026635894551873207,0.02393990196287632,0.2503335177898407,False,False,True
abl_no_mask,Without mask supervision,figshare/0213.png,fs_100360,1,True,0.03314208984375,0.03162423148751259,0.030664999037981033,0.3320770263671875,False,False,True
abl_no_mask,Without mask supervision,figshare/0214.png,fs_100360,1,True,0.03602430555555555,0.032991379499435425,0.03469933569431305,5.084092208562652e-06,False,False,False
abl_no_mask,Without mask supervision,figshare/0215.png,fs_100360,1,True,0.031636555989583336,0.03039807640016079,0.02440471760928631,0.18575263023376465,False,False,True
abl_no_mask,Without mask supervision,figshare/0216.png,fs_100360,1,True,0.017157660590277776,0.018575021997094154,0.013484455645084381,0.08452798426151276,False,False,True
abl_no_mask,Without mask supervision,figshare/0217.png,fs_100360,1,False,0.011942545572916666,0.013111038133502007,0.0101465517655015,0.1761595457792282,False,False,True
abl_no_mask,Without mask supervision,figshare/0239.png,fs_102446,1,True,0.0033162434895833335,0.004101593513041735,0.0030664692167192698,0.0,False,False,False
abl_no_mask,Without mask supervision,figshare/0275.png,fs_104281,1,True,0.011386447482638888,0.01084969937801361,0.011567733250558376,0.0,False,False,False
abl_no_mask,Without mask supervision,figshare/0276.png,fs_104281,1,True,0.021430121527777776,0.02006424590945244,0.02171989157795906,0.1786259263753891,False,False,True
abl_no_mask,Without mask supervision,figshare/0277.png,fs_104281,1,True,0.023851182725694444,0.021749064326286316,0.025643251836299896,0.0,False,False,False
abl_no_mask,Without mask supervision,figshare/0278.png,fs_104281,1,True,0.022481282552083332,0.020150795578956604,0.028480565175414085,0.01136132050305605,False,False,False
abl_no_mask,Without mask supervision,figshare/0279.png,fs_104281,1,True,0.016438802083333332,0.015739213675260544,0.016965040937066078,0.0,False,False,False
abl_no_mask,Without mask supervision,figshare/0280.png,fs_104281,1,True,0.011705186631944444,0.010558702982962132,0.01277475617825985,0.0,False,False,False
abl_no_mask,Without mask supervision,figshare/0281.png,fs_105374,1,True,0.005703396267361111,0.006170235108584166,0.004875698126852512,0.0,False,False,False
abl_no_mask,Without mask supervision,figshare/0282.png,fs_105374,1,True,0.00531005859375,0.006019178777933121,0.004746480844914913,0.0,False,False,False
abl_no_mask,Without mask supervision,figshare/0316.png,fs_107248,1,False,0.014017740885416666,0.016797231510281563,0.015634365379810333,0.008819974958896637,False,False,False
abl_no_mask,Without mask supervision,figshare/0317.png,fs_107248,1,False,0.014716254340277778,0.018824778497219086,0.01640021614730358,0.005390799138695002,True,False,False
abl_no_mask,Without mask supervision,figshare/0318.png,fs_107248,1,True,0.009738498263888888,0.010353810153901577,0.008025097660720348,0.0,False,False,False
abl_no_mask,Without mask supervision,figshare/0319.png,fs_107248,1,True,0.009121365017361112,0.008354729041457176,0.007793133612722158,0.0,False,False,False
abl_no_mask,Without mask supervision,figshare/0340.png,fs_109411,1,True,0.0011121961805555555,0.0011194531107321382,0.0012899383436888456,0.004521789029240608,False,False,False
abl_no_mask,Without mask supervision,figshare/0341.png,fs_109968,1,True,0.015801323784722224,0.015724480152130127,0.01437597069889307,9.981817129300907e-06,False,False,False
abl_no_mask,Without mask supervision,figshare/0342.png,fs_109968,1,True,0.019314236111111112,0.01862701028585434,0.013711554929614067,0.0001196833691210486,False,False,False
abl_no_mask,Without mask supervision,figshare/0343.png,fs_109968,1,True,0.021775987413194444,0.020366085693240166,0.016960909590125084,0.00010920286877080798,False,False,False
abl_no_mask,Without mask supervision,figshare/0344.png,fs_109968,1,True,0.019266764322916668,0.018049882724881172,0.017261987552046776,0.0,False,False,False
abl_no_mask,Without mask supervision,figshare/0357.png,fs_111532,1,True,0.006612141927083333,0.007333656307309866,0.003812064416706562,0.040359798818826675,False,False,True
abl_no_mask,Without mask supervision,figshare/0358.png,fs_111532,1,True,0.011508517795138888,0.01207107212394476,0.007987849414348602,0.0,False,False,False
abl_no_mask,Without mask supervision,figshare/0359.png,fs_111532,1,True,0.015496148003472222,0.01511595118790865,0.008186634629964828,0.0,False,False,False
abl_no_mask,Without mask supervision,figshare/0360.png,fs_111532,1,True,0.016886393229166668,0.016115538775920868,0.01492572482675314,0.0,False,False,False
abl_no_mask,Without mask supervision,figshare/0361.png,fs_111532,1,True,0.014411078559027778,0.013960564509034157,0.012127876281738281,0.0,False,False,False
abl_no_mask,Without mask supervision,figshare/0382.png,fs_113435,1,True,0.014227973090277778,0.013409852050244808,0.007238450460135937,0.0,False,False,False
abl_no_mask,Without mask supervision,figshare/0383.png,fs_113435,1,True,0.02447509765625,0.02188403531908989,0.020806748420000076,0.0,False,False,False
abl_no_mask,Without mask supervision,figshare/0384.png,fs_113435,1,True,0.030239529079861112,0.02740994095802307,0.023356495425105095,0.0,False,False,False
abl_no_mask,Without mask supervision,figshare/0385.png,fs_113435,1,True,0.03578016493055555,0.03155745565891266,0.026011154055595398,0.0,False,False,False
abl_no_mask,Without mask supervision,figshare/0386.png,fs_113435,1,True,0.03671603732638889,0.03372650220990181,0.02400566264986992,0.0,False,False,False
abl_no_mask,Without mask supervision,figshare/0387.png,fs_113435,1,True,0.035407172309027776,0.03149569034576416,0.029759716242551804,0.0,False,False,False
abl_no_mask,Without mask supervision,figshare/0388.png,fs_113435,1,True,0.032294379340277776,0.029158838093280792,0.029904328286647797,0.0,False,False,False
abl_no_mask,Without mask supervision,figshare/0389.png,fs_113435,1,True,0.02716064453125,0.023648735135793686,0.025420425459742546,0.0,False,False,False
abl_no_mask,Without mask supervision,figshare/0390.png,fs_113554,1,True,0.004957411024305556,0.005515714641660452,0.007461528293788433,0.007407846860587597,False,False,False
abl_no_mask,Without mask supervision,figshare/0391.png,fs_113554,1,True,0.01031494140625,0.010883203707635403,0.01127544417977333,0.0,False,False,False
abl_no_mask,Without mask supervision,figshare/0392.png,fs_113554,1,True,0.005445692274305556,0.0066053420305252075,0.006376989651471376,0.0,False,False,False
abl_no_mask,Without mask supervision,figshare/0438.png,fs_99308,1,True,0.027628580729166668,0.027086377143859863,0.01746748387813568,0.0945468544960022,False,False,True
abl_no_mask,Without mask supervision,figshare/0439.png,fs_99308,1,True,0.03233506944444445,0.030236657708883286,0.02676871418952942,0.011525855399668217,False,False,False
abl_no_mask,Without mask supervision,figshare/0440.png,fs_99308,1,True,0.0345458984375,0.03184375539422035,0.026649048551917076,1.1045207202187157e-06,False,False,False
abl_no_mask,Without mask supervision,figshare/0441.png,fs_99308,1,True,0.02667236328125,0.023867111653089523,0.02352486178278923,0.0,False,False,False
abl_no_mask,Without mask supervision,figshare/0442.png,fs_100360,1,True,0.022006564670138888,0.02106281742453575,0.017532583326101303,0.0,False,False,False
abl_no_mask,Without mask supervision,figshare/0443.png,fs_100360,1,True,0.03608534071180555,0.034442417323589325,0.031338103115558624,0.022199714556336403,False,False,False
abl_no_mask,Without mask supervision,figshare/0444.png,fs_100360,1,True,0.03347439236111111,0.03054814040660858,0.027469569817185402,0.00016321887960657477,False,False,False
abl_no_mask,Without mask supervision,figshare/0445.png,fs_100360,1,True,0.03360324435763889,0.03099740855395794,0.03113800659775734,2.2247209017223213e-06,False,False,False
abl_no_mask,Without mask supervision,figshare/0446.png,fs_100360,1,True,0.021023220486111112,0.01906445063650608,0.021008603274822235,4.622121196007356e-05,False,False,False
abl_no_mask,Without mask supervision,figshare/0447.png,fs_100360,1,True,0.019137912326388888,0.01746661774814129,0.022063743323087692,0.0,False,False,False
abl_no_mask,Without mask supervision,figshare/0450.png,fs_100639,1,True,0.006137424045138889,0.005375230684876442,0.0058042858727276325,0.0,False,False,False
abl_no_mask,Without mask supervision,figshare/0451.png,fs_100639,1,True,0.007548014322916667,0.007113070692867041,0.005988485645502806,0.00019568040443118662,False,False,False
abl_no_mask,Without mask supervision,figshare/0452.png,fs_100920,1,True,0.010287814670138888,0.008865869604051113,0.00784425437450409,0.0,False,False,False
abl_no_mask,Without mask supervision,figshare/0453.png,fs_100920,1,True,0.014051649305555556,0.01294826902449131,0.008096162229776382,0.0,False,False,False
abl_no_mask,Without mask supervision,figshare/0454.png,fs_100920,1,True,0.013041178385416666,0.01205401960760355,0.010617985390126705,0.0,False,False,False
abl_no_mask,Without mask supervision,figshare/0476.png,fs_102446,1,True,0.003350151909722222,0.003231924958527088,0.002209215424954891,0.0,False,False,False
abl_no_mask,Without mask supervision,figshare/0477.png,fs_102446,1,True,0.0024617513020833335,0.0023555955849587917,0.0022793274838477373,0.0,False,False,False
abl_no_mask,Without mask supervision,figshare/0510.png,fs_104281,1,True,0.021931966145833332,0.02310376614332199,0.02265399694442749,0.0,False,False,False
abl_no_mask,Without mask supervision,figshare/0511.png,fs_104281,1,True,0.028469509548611112,0.02769561856985092,0.026149578392505646,0.0,False,False,False
abl_no_mask,Without mask supervision,figshare/0512.png,fs_104281,1,True,0.029656304253472224,0.028224118053913116,0.027061937376856804,0.0,False,False,False
abl_no_mask,Without mask supervision,figshare/0513.png,fs_104281,1,True,0.022772894965277776,0.02020522952079773,0.018823619931936264,0.0,False,False,False
abl_no_mask,Without mask supervision,figshare/0517.png,fs_105374,1,True,0.00457763671875,0.0057333544827997684,0.005294974893331528,0.0,False,False,False
abl_no_mask,Without mask supervision,figshare/0551.png,fs_107248,1,True,0.011338975694444444,0.011163774877786636,0.011506404727697372,0.0,False,False,False
abl_no_mask,Without mask supervision,figshare/0552.png,fs_107248,1,True,0.014655219184027778,0.015294002369046211,0.014855731278657913,0.0,False,False,False
abl_no_mask,Without mask supervision,figshare/0553.png,fs_107248,1,True,0.015292697482638888,0.017328660935163498,0.017005058005452156,0.004212694242596626,False,False,False
abl_no_mask,Without mask supervision,figshare/0554.png,fs_107248,1,True,0.008551703559027778,0.008629180490970612,0.00721014617010951,2.1099167213378678e-07,False,False,False
abl_no_mask,Without mask supervision,figshare/0555.png,fs_107248,1,True,0.007914225260416666,0.007114155683666468,0.00740040885284543,0.0,False,False,False
abl_no_mask,Without mask supervision,figshare/0560.png,fs_107946,1,True,0.027635362413194444,0.027523502707481384,0.04078160971403122,0.10443134605884552,False,False,True
abl_no_mask,Without mask supervision,figshare/0561.png,fs_107946,1,True,0.03995090060763889,0.03569183126091957,0.044983021914958954,0.2362917959690094,False,False,True
abl_no_mask,Without mask supervision,figshare/0562.png,fs_107946,1,True,0.030266655815972224,0.02714187279343605,0.033118829131126404,0.3193940818309784,False,False,True
abl_no_mask,Without mask supervision,figshare/0563.png,fs_107946,1,False,0.021253797743055556,0.020548682659864426,0.01721111685037613,9.807779406401096e-07,True,False,False
abl_no_mask,Without mask supervision,figshare/0579.png,fs_109411,1,True,0.001858181423611111,0.0022479176986962557,0.0016682042041793466,0.0,False,False,False
abl_no_mask,Without mask supervision,figshare/0580.png,fs_109968,1,True,0.0128173828125,0.012517829425632954,0.01248136442154646,0.0,False,False,False
abl_no_mask,Without mask supervision,figshare/0581.png,fs_109968,1,True,0.019239637586805556,0.017503399401903152,0.018291138112545013,0.0,False,False,False
abl_no_mask,Without mask supervision,figshare/0582.png,fs_109968,1,True,0.021511501736111112,0.01992565020918846,0.016916317865252495,0.002877173013985157,False,False,False
abl_no_mask,Without mask supervision,figshare/0583.png,fs_109968,1,True,0.017781575520833332,0.016750548034906387,0.011712662875652313,0.0,False,False,False
abl_no_mask,Without mask supervision,figshare/0593.png,fs_111532,1,True,0.015733506944444444,0.014214393682777882,0.013386551290750504,0.0,False,False,False
abl_no_mask,Without mask supervision,figshare/0594.png,fs_111532,1,True,0.019768608940972224,0.01787659339606762,0.019851740449666977,0.0,False,False,False
abl_no_mask,Without mask supervision,figshare/0595.png,fs_111532,1,True,0.018961588541666668,0.01729876734316349,0.011214938946068287,0.0,False,False,False
abl_no_mask,Without mask supervision,figshare/0597.png,fs_111710,1,True,0.0032958984375,0.003496952820569277,0.007151889149099588,0.0,False,False,False
abl_no_mask,Without mask supervision,figshare/0598.png,fs_111710,1,True,0.002495659722222222,0.0027988851070404053,0.003046300495043397,0.0,False,False,False
abl_no_mask,Without mask supervision,figshare/0625.png,fs_113435,1,True,0.030856662326388888,0.028643619269132614,0.024285422638058662,0.20862886309623718,False,False,True
abl_no_mask,Without mask supervision,figshare/0626.png,fs_113435,1,True,0.04853651258680555,0.042733460664749146,0.04642141982913017,0.0,False,False,False
abl_no_mask,Without mask supervision,figshare/0627.png,fs_113435,1,True,0.057305230034722224,0.05176424980163574,0.05231345444917679,0.0,False,False,False
abl_no_mask,Without mask supervision,figshare/0628.png,fs_113435,1,True,0.05818006727430555,0.0516902394592762,0.05980716273188591,0.0,False,False,False
abl_no_mask,Without mask supervision,figshare/0629.png,fs_113435,1,True,0.049309624565972224,0.044158194214105606,0.03959767147898674,0.0,False,False,False
abl_no_mask,Without mask supervision,figshare/0630.png,fs_113435,1,True,0.022596571180555556,0.020205644890666008,0.019376344978809357,0.0,False,False,False
abl_no_mask,Without mask supervision,figshare/0631.png,fs_113554,1,True,0.006985134548611111,0.006679672747850418,0.005785520654171705,0.0,False,False,False
abl_no_mask,Without mask supervision,figshare/0632.png,fs_113554,1,True,0.010111490885416666,0.008734529837965965,0.00691855838522315,0.0,False,False,False
abl_no_mask,Without mask supervision,figshare/0633.png,fs_113554,1,True,0.008707682291666666,0.008966892957687378,0.005137957166880369,0.0,False,False,False
abl_no_mask,Without mask supervision,figshare/0634.png,fs_113554,1,True,0.00543212890625,0.0058363876305520535,0.003766682231798768,0.0,False,False,False
abl_no_mask,Without mask supervision,figshare/0659.png,fs_97374,1,True,0.027398003472222224,0.023869693279266357,0.028375672176480293,0.11341211199760437,False,False,True
abl_no_mask,Without mask supervision,figshare/0660.png,fs_97374,1,True,0.037434895833333336,0.034282535314559937,0.042163800448179245,0.0,False,False,False
abl_no_mask,Without mask supervision,figshare/0661.png,fs_97374,1,True,0.03757052951388889,0.03274083137512207,0.044267065823078156,0.0,False,False,False
abl_no_mask,Without mask supervision,figshare/0662.png,fs_97374,1,True,0.029574924045138888,0.025197941809892654,0.03590790182352066,0.0,False,False,False
abl_no_mask,Without mask supervision,figshare/0663.png,fs_97374,1,True,0.022542317708333332,0.02010512910783291,0.024532143026590347,0.0,False,False,False
abl_no_mask,Without mask supervision,figshare/0697.png,fs_99308,1,True,0.026265462239583332,0.025572815909981728,0.017487511038780212,0.0044603608548641205,False,False,False
abl_no_mask,Without mask supervision,figshare/0698.png,fs_99308,1,True,0.03407118055555555,0.03372783586382866,0.028109200298786163,0.0033595613203942776,False,False,False
abl_no_mask,Without mask supervision,figshare/0699.png,fs_99308,1,True,0.03282335069444445,0.03131316602230072,0.02658569999039173,0.0,False,False,False
abl_no_mask,Without mask supervision,figshare/0700.png,fs_99308,1,True,0.022515190972222224,0.02101488597691059,0.02014763094484806,0.0,False,False,False
abl_no_mask,Without mask supervision,figshare/0701.png,fs_99308,1,True,0.018588595920138888,0.01746615581214428,0.016870668157935143,0.035812146961688995,False,False,False
abl_no_mask,Without mask supervision,figshare/0702.png,fs_99308,1,True,0.012525770399305556,0.011260734871029854,0.012521907687187195,0.0,False,False,False
abl_no_mask,Without mask supervision,figshare/0712.png,fs_106062,2,True,0.010267469618055556,0.009204951114952564,0.008834047242999077,0.0026454119943082333,False,False,False
abl_no_mask,Without mask supervision,figshare/0713.png,fs_106062,2,True,0.011298285590277778,0.010164371691644192,0.00966523215174675,0.018524659797549248,False,False,False
abl_no_mask,Without mask supervision,figshare/0714.png,fs_106062,2,True,0.010362413194444444,0.009033137932419777,0.009445657953619957,0.0327342189848423,False,False,True
abl_no_mask,Without mask supervision,figshare/0792.png,fs_88670,0,True,0.02685546875,0.023631617426872253,0.03266945481300354,0.20672401785850525,False,False,True
abl_no_mask,Without mask supervision,figshare/0793.png,fs_88670,0,True,0.0675930447048611,0.061106689274311066,0.09601987153291702,0.3510805666446686,False,False,True
abl_no_mask,Without mask supervision,figshare/0794.png,fs_88670,0,True,0.050421820746527776,0.046729039400815964,0.07568984478712082,0.3296116292476654,False,False,True
abl_no_mask,Without mask supervision,figshare/0795.png,fs_88670,0,True,0.05795627170138889,0.05403349921107292,0.08595119416713715,0.3746747076511383,False,False,True
abl_no_mask,Without mask supervision,figshare/0796.png,fs_88670,0,True,0.05876329210069445,0.05512754246592522,0.08746514469385147,0.2237551510334015,False,False,False
abl_no_mask,Without mask supervision,figshare/0797.png,fs_88670,0,True,0.04355197482638889,0.04038731008768082,0.05529237166047096,0.08362675458192825,False,False,False
abl_no_mask,Without mask supervision,figshare/0798.png,fs_88670,0,True,0.017123752170138888,0.016304053366184235,0.019845344126224518,0.015912435948848724,False,False,False
abl_no_mask,Without mask supervision,figshare/0857.png,fs_108479,0,True,0.019538031684027776,0.018790872767567635,0.020139627158641815,0.020623793825507164,False,False,False
abl_no_mask,Without mask supervision,figshare/0858.png,fs_108479,0,True,0.024332682291666668,0.023168228566646576,0.025697749108076096,0.020456463098526,False,False,False
abl_no_mask,Without mask supervision,figshare/0865.png,fs_88670,0,True,0.025275336371527776,0.02439061552286148,0.03555607050657272,0.2534172832965851,False,False,True
abl_no_mask,Without mask supervision,figshare/0866.png,fs_88670,0,True,0.05007595486111111,0.047656670212745667,0.0816526934504509,0.40759190917015076,False,False,True
abl_no_mask,Without mask supervision,figshare/0867.png,fs_88670,0,True,0.05314805772569445,0.05059688538312912,0.08326835185289383,0.34972265362739563,False,False,True
abl_no_mask,Without mask supervision,figshare/0868.png,fs_88670,0,True,0.06824408637152778,0.06483171135187149,0.1059872955083847,0.11868062615394592,False,False,False
abl_no_mask,Without mask supervision,figshare/0869.png,fs_88670,0,True,0.0754055447048611,0.07199765741825104,0.11611440032720566,0.48687979578971863,False,False,True
abl_no_mask,Without mask supervision,figshare/0912.png,fs_98889,0,True,0.004686143663194444,0.005862792953848839,0.006626173388212919,0.041468165814876556,False,False,False
abl_no_mask,Without mask supervision,figshare/0913.png,fs_98889,0,True,0.01812744140625,0.016276905313134193,0.027803437784314156,0.1437266618013382,False,False,False
abl_no_mask,Without mask supervision,figshare/0914.png,fs_98889,0,True,0.01739501953125,0.016854900866746902,0.02988160215318203,0.11950098723173141,False,False,False
abl_no_mask,Without mask supervision,figshare/0915.png,fs_98889,0,True,0.032185872395833336,0.03220885246992111,0.05069587752223015,0.14167514443397522,False,True,False
abl_no_mask,Without mask supervision,figshare/0916.png,fs_98889,0,True,0.03286404079861111,0.03207547217607498,0.04785993695259094,0.1042402908205986,False,False,False
abl_no_mask,Without mask supervision,figshare/0917.png,fs_98889,0,True,0.037272135416666664,0.03541721776127815,0.05291854590177536,0.19086799025535583,False,False,False
abl_no_mask,Without mask supervision,figshare/0922.png,fs_106062,2,True,0.013054741753472222,0.01157139241695404,0.0115859005600214,0.06805133819580078,False,False,False
abl_no_mask,Without mask supervision,figshare/0923.png,fs_106062,2,True,0.014207628038194444,0.012616476975381374,0.015748735517263412,0.04972808435559273,False,False,False
abl_no_mask,Without mask supervision,figshare/0924.png,fs_106062,2,True,0.013739691840277778,0.012370074167847633,0.015194239094853401,0.030084047466516495,False,False,False
abl_no_mask,Without mask supervision,figshare/0925.png,fs_106062,2,True,0.009847005208333334,0.008817264810204506,0.00771142914891243,0.04312002658843994,False,False,True
abl_no_mask,Without mask supervision,figshare/0958.png,fs_109471,2,True,0.006890190972222222,0.006357290782034397,0.007192560005933046,0.009464229457080364,False,False,False
abl_no_mask,Without mask supervision,figshare/0959.png,fs_109471,2,True,0.006449381510416667,0.006173696368932724,0.00936619658023119,0.0018533420516178012,False,False,False
abl_no_mask,Without mask supervision,figshare/0960.png,fs_109471,2,True,0.007907443576388888,0.007947682403028011,0.009225324727594852,0.009179940447211266,False,False,False
abl_no_mask,Without mask supervision,figshare/0961.png,fs_109471,2,True,0.007982042100694444,0.008171996101737022,0.007815786637365818,0.006573679391294718,False,False,False
abl_no_mask,Without mask supervision,figshare/0962.png,fs_109769,2,True,0.005594889322916667,0.005625470541417599,0.004531029146164656,0.00021710242435801774,False,False,False
abl_no_mask,Without mask supervision,figshare/0963.png,fs_109769,2,True,0.005866156684027778,0.005654763430356979,0.004741101060062647,0.010356668382883072,False,False,False
abl_no_mask,Without mask supervision,figshare/0964.png,fs_109769,2,True,0.00677490234375,0.00693989172577858,0.005644928198307753,0.010257543064653873,False,False,False
abl_no_mask,Without mask supervision,figshare/0965.png,fs_109769,2,True,0.002414279513888889,0.00229400466196239,0.0024960299488157034,0.0002598244755063206,False,False,False
abl_no_mask,Without mask supervision,figshare/0966.png,fs_109898,2,True,0.007093641493055556,0.006503259763121605,0.008544845506548882,0.011453543789684772,False,False,False
abl_no_mask,Without mask supervision,figshare/0967.png,fs_109898,2,True,0.007514105902777778,0.006758532952517271,0.008839110843837261,0.010320012457668781,False,False,False
abl_no_mask,Without mask supervision,figshare/0968.png,fs_109898,2,True,0.012200249565972222,0.011441697366535664,0.013648833148181438,0.013258518651127815,False,False,False
abl_no_mask,Without mask supervision,figshare/0969.png,fs_109898,2,True,0.0098876953125,0.008845600299537182,0.00936678983271122,0.01403585821390152,False,False,False
abl_no_mask,Without mask supervision,figshare/0970.png,fs_109898,2,True,0.005289713541666667,0.004439210519194603,0.006807285826653242,0.007865982130169868,False,False,False
abl_no_mask,Without mask supervision,figshare/0971.png,fs_109898,2,True,0.0032212999131944445,0.0028506177477538586,0.004291951190680265,0.005509675480425358,False,False,False
abl_no_mask,Without mask supervision,figshare/0976.png,fs_110993,2,True,0.008124457465277778,0.008415715768933296,0.007085453253239393,0.014828716404736042,False,False,False
abl_no_mask,Without mask supervision,figshare/0977.png,fs_110993,2,True,0.005533854166666667,0.00566114904358983,0.005849987734109163,0.00862528569996357,False,False,False
abl_no_mask,Without mask supervision,figshare/0978.png,fs_110993,2,True,0.005018446180555556,0.004934306256473064,0.004585674032568932,0.005293601658195257,False,False,False
abl_no_mask,Without mask supervision,figshare/0979.png,fs_110993,2,True,0.008673773871527778,0.008684239350259304,0.008367054164409637,0.007613935507833958,False,False,False
abl_no_mask,Without mask supervision,figshare/0994.png,fs_112074,2,False,0.009894476996527778,0.009553592652082443,0.011126752011477947,0.0,False,False,False
abl_no_mask,Without mask supervision,figshare/0995.png,fs_112074,2,True,0.013014051649305556,0.012188841588795185,0.010813884437084198,0.11907390505075455,False,False,True
abl_no_mask,Without mask supervision,figshare/0996.png,fs_112074,2,True,0.010002983940972222,0.009926993399858475,0.009396065957844257,0.06631377339363098,False,False,True
abl_no_mask,Without mask supervision,figshare/0997.png,fs_112074,2,False,0.006137424045138889,0.00652746157720685,0.006028842180967331,0.0,False,False,False
abl_no_mask,Without mask supervision,figshare/1035.png,fs_106062,2,True,0.013814290364583334,0.012856744229793549,0.01610558293759823,0.052823618054389954,False,False,False
abl_no_mask,Without mask supervision,figshare/1036.png,fs_106062,2,True,0.020128038194444444,0.01904020830988884,0.026505330577492714,0.004366569686681032,False,False,False
abl_no_mask,Without mask supervision,figshare/1037.png,fs_106062,2,True,0.021884494357638888,0.02054246887564659,0.023501785472035408,0.0635140985250473,False,False,False
abl_no_mask,Without mask supervision,figshare/1038.png,fs_106062,2,True,0.020589192708333332,0.018929757177829742,0.022768476977944374,0.05395126715302467,False,False,False
abl_no_mask,Without mask supervision,figshare/1039.png,fs_106062,2,True,0.017720540364583332,0.016319669783115387,0.01685437746345997,0.04369347542524338,False,False,False
abl_no_mask,Without mask supervision,figshare/1040.png,fs_106062,2,True,0.015923394097222224,0.014378823339939117,0.01580764539539814,0.05669374391436577,False,False,False
abl_no_mask,Without mask supervision,figshare/1041.png,fs_106062,2,True,0.006605360243055556,0.00644412636756897,0.005192432086914778,0.040379878133535385,False,False,True
abl_no_mask,Without mask supervision,figshare/1077.png,fs_109471,2,True,0.005147298177083333,0.004656373057514429,0.005806382745504379,0.006629001349210739,False,False,False
abl_no_mask,Without mask supervision,figshare/1078.png,fs_109471,2,True,0.015157063802083334,0.014781146310269833,0.017923995852470398,0.011004947125911713,False,False,False
abl_no_mask,Without mask supervision,figshare/1079.png,fs_109471,2,True,0.016079372829861112,0.016665717586874962,0.020285330712795258,0.008338370360434055,False,False,False
abl_no_mask,Without mask supervision,figshare/1080.png,fs_109471,2,True,0.0181884765625,0.018801990896463394,0.020145896822214127,0.012001472525298595,False,False,False
abl_no_mask,Without mask supervision,figshare/1081.png,fs_109471,2,True,0.01849365234375,0.01976054534316063,0.022361118346452713,2.3945376597112045e-05,True,False,False
abl_no_mask,Without mask supervision,figshare/1082.png,fs_109471,2,True,0.0038655598958333335,0.004467653576284647,0.0048400480300188065,0.0034910975955426693,False,False,False
abl_no_mask,Without mask supervision,figshare/1083.png,fs_109769,2,True,0.007636176215277778,0.007493861485272646,0.007567205000668764,0.005851592868566513,False,False,False
abl_no_mask,Without mask supervision,figshare/1084.png,fs_109769,2,True,0.005133734809027778,0.00563664548099041,0.006058553233742714,0.002464052988216281,False,False,False
abl_no_mask,Without mask supervision,figshare/1085.png,fs_109769,2,True,0.00714111328125,0.008433406241238117,0.009740174748003483,0.005711785517632961,False,False,False
abl_no_mask,Without mask supervision,figshare/1086.png,fs_109769,2,True,0.0037434895833333335,0.003878111019730568,0.004296137019991875,0.006961760576814413,False,False,False
abl_no_mask,Without mask supervision,figshare/1087.png,fs_109769,2,True,0.0174560546875,0.017139915376901627,0.018360286951065063,0.030472449958324432,False,False,False
abl_no_mask,Without mask supervision,figshare/1088.png,fs_109898,2,True,0.014682345920138888,0.01812247559428215,0.021333590149879456,0.0035633628722280264,False,True,False
abl_no_mask,Without mask supervision,figshare/1089.png,fs_109898,2,True,0.015814887152777776,0.01859702356159687,0.02144930511713028,0.018843892961740494,False,True,False
abl_no_mask,Without mask supervision,figshare/1090.png,fs_109898,2,True,0.016642252604166668,0.017792263999581337,0.023170143365859985,0.0400354340672493,False,True,False
abl_no_mask,Without mask supervision,figshare/1091.png,fs_109898,2,True,0.016628689236111112,0.017051255330443382,0.022631708532571793,0.035154808312654495,False,True,False
abl_no_mask,Without mask supervision,figshare/1092.png,fs_109898,2,True,0.010782877604166666,0.011066583916544914,0.011941337026655674,0.034666288644075394,False,False,True
abl_no_mask,Without mask supervision,figshare/1093.png,fs_109898,2,True,0.007819281684027778,0.007857856340706348,0.01043841801583767,0.016983134672045708,False,False,False
abl_no_mask,Without mask supervision,figshare/1107.png,fs_110993,2,True,0.006429036458333333,0.007326893974095583,0.00798042956739664,0.0,False,False,False
abl_no_mask,Without mask supervision,figshare/1108.png,fs_110993,2,True,0.005947536892361111,0.005667464341968298,0.00816876906901598,0.0,False,False,False
abl_no_mask,Without mask supervision,figshare/1109.png,fs_110993,2,True,0.006585015190972222,0.006635296158492565,0.008270039223134518,0.0014705565990880132,False,False,False
abl_no_mask,Without mask supervision,figshare/1110.png,fs_110993,2,True,0.007676866319444444,0.008151600137352943,0.008872250095009804,0.003988300915807486,False,False,False
abl_no_mask,Without mask supervision,figshare/1111.png,fs_110993,2,True,0.008375379774305556,0.008867267519235611,0.009237740188837051,0.008587033487856388,False,False,False
abl_no_mask,Without mask supervision,figshare/1129.png,fs_112074,2,False,0.008768717447916666,0.008674254640936852,0.010976875200867653,0.0,False,False,False
abl_no_mask,Without mask supervision,figshare/1130.png,fs_112074,2,True,0.013543023003472222,0.013274624943733215,0.01902424357831478,0.04589015245437622,False,True,False
abl_no_mask,Without mask supervision,figshare/1131.png,fs_112074,2,True,0.015252007378472222,0.014839348383247852,0.016410233452916145,0.053972262889146805,False,False,False
abl_no_mask,Without mask supervision,figshare/1132.png,fs_112074,2,True,0.011115180121527778,0.010984991677105427,0.011352239176630974,0.06873080134391785,False,False,True
abl_no_mask,Without mask supervision,figshare/1133.png,fs_112074,2,True,0.009555392795138888,0.00939070712774992,0.011017292737960815,0.0,False,False,False
abl_no_mask,Without mask supervision,figshare/1169.png,fs_106062,2,True,0.013929578993055556,0.013530316762626171,0.00956680066883564,0.0432637594640255,False,False,True
abl_no_mask,Without mask supervision,figshare/1170.png,fs_106062,2,True,0.016513400607638888,0.015430529601871967,0.009053382091224194,0.06675422936677933,False,False,True
abl_no_mask,Without mask supervision,figshare/1171.png,fs_106062,2,True,0.019741482204861112,0.01866288110613823,0.013379680924117565,0.07002027332782745,False,False,True
abl_no_mask,Without mask supervision,figshare/1172.png,fs_106062,2,True,0.019585503472222224,0.018988778814673424,0.01268297340720892,0.1584492027759552,False,False,True
abl_no_mask,Without mask supervision,figshare/1173.png,fs_106062,2,True,0.01873779296875,0.017801055684685707,0.0195321012288332,0.043188102543354034,False,False,True
abl_no_mask,Without mask supervision,figshare/1174.png,fs_106062,2,True,0.01654052734375,0.015893656760454178,0.013672630302608013,0.04342760518193245,False,False,True
abl_no_mask,Without mask supervision,figshare/1175.png,fs_106062,2,True,0.008755154079861112,0.008322539739310741,0.0039537213742733,0.005602000746876001,False,False,False
abl_no_mask,Without mask supervision,figshare/1208.png,fs_109471,2,True,0.005093044704861111,0.004868996795266867,0.005382685922086239,0.008055916987359524,False,False,False
abl_no_mask,Without mask supervision,figshare/1209.png,fs_109471,2,True,0.013637966579861112,0.013414984568953514,0.01234751008450985,0.017656294628977776,False,False,False
abl_no_mask,Without mask supervision,figshare/1210.png,fs_109471,2,True,0.014112684461805556,0.014050647616386414,0.010089999064803123,0.035507600754499435,False,False,False
abl_no_mask,Without mask supervision,figshare/1211.png,fs_109471,2,True,0.014309353298611112,0.01394613552838564,0.013757695443928242,0.023864896968007088,False,False,False
abl_no_mask,Without mask supervision,figshare/1212.png,fs_109471,2,True,0.013203938802083334,0.012729622423648834,0.013388890773057938,0.013366647064685822,False,False,False
abl_no_mask,Without mask supervision,figshare/1213.png,fs_109471,2,True,0.011603461371527778,0.011014822870492935,0.012556204572319984,0.018665861338377,False,False,False
abl_no_mask,Without mask supervision,figshare/1214.png,fs_109769,2,True,0.004530164930555556,0.0045378846116364,0.005035646725445986,0.00415772246196866,False,False,False
abl_no_mask,Without mask supervision,figshare/1215.png,fs_109769,2,True,0.0035875108506944445,0.003432908095419407,0.00381029536947608,0.0026128296740353107,False,False,False
abl_no_mask,Without mask supervision,figshare/1216.png,fs_109769,2,True,0.005527072482638889,0.005352620966732502,0.004672993440181017,0.021674513816833496,False,False,False
abl_no_mask,Without mask supervision,figshare/1217.png,fs_109769,2,True,0.004726833767361111,0.0047885458916425705,0.005145644303411245,0.0004053952870890498,False,False,False
abl_no_mask,Without mask supervision,figshare/1218.png,fs_109769,2,True,0.002834743923611111,0.0028879144228994846,0.0030954114627093077,0.00186160730663687,False,False,False
abl_no_mask,Without mask supervision,figshare/1219.png,fs_109898,2,True,0.006964789496527778,0.0064307586289942265,0.007609431631863117,0.0016946353716775775,False,False,False
abl_no_mask,Without mask supervision,figshare/1220.png,fs_109898,2,True,0.007737901475694444,0.007461532484740019,0.009972257539629936,0.0,False,False,False
abl_no_mask,Without mask supervision,figshare/1221.png,fs_109898,2,False,0.0107421875,0.01015376951545477,0.013311963528394699,0.008705773390829563,False,False,False
abl_no_mask,Without mask supervision,figshare/1230.png,fs_110993,2,True,0.011264377170138888,0.010875408537685871,0.01400325633585453,0.02425214648246765,False,False,False
abl_no_mask,Without mask supervision,figshare/1231.png,fs_110993,2,True,0.0034383138020833335,0.003480063984170556,0.004281998611986637,0.005101102404296398,False,False,False
abl_no_mask,Without mask supervision,figshare/1232.png,fs_110993,2,True,0.002936469184027778,0.003081168979406357,0.003434281563386321,0.005554988980293274,False,False,False
abl_no_mask,Without mask supervision,figshare/1246.png,fs_112074,2,False,0.006184895833333333,0.005550586152821779,0.005063061136752367,0.0,False,False,False
abl_no_mask,Without mask supervision,figshare/1247.png,fs_112074,2,False,0.010423448350694444,0.009541798382997513,0.009246723726391792,3.2523885806767794e-07,False,False,False
abl_no_mask,Without mask supervision,figshare/1248.png,fs_112074,2,False,0.011956108940972222,0.01102010440081358,0.010273754596710205,0.0,False,False,False
abl_no_mask,Without mask supervision,figshare/1249.png,fs_112074,2,False,0.010898166232638888,0.010140332393348217,0.007106227800250053,0.0,False,False,False
abl_no_mask,Without mask supervision,figshare/1250.png,fs_112074,2,False,0.0079345703125,0.0069502852857112885,0.006250828038901091,0.0,False,False,False
abl_no_mask,Without mask supervision,figshare/1301.png,fs_103046,2,True,0.0036756727430555555,0.0035143105778843164,0.0025426119100302458,0.0,False,False,False
abl_no_mask,Without mask supervision,figshare/1302.png,fs_103046,2,True,0.0036824544270833335,0.0032566366717219353,0.0031469061505049467,0.0,False,False,False
abl_no_mask,Without mask supervision,figshare/1303.png,fs_103046,2,True,0.004340277777777778,0.0041085053235292435,0.0039023635908961296,0.0,False,False,False
abl_no_mask,Without mask supervision,figshare/1330.png,fs_103731,2,True,0.004191080729166667,0.0035031733568757772,0.004148922394961119,0.00803376641124487,False,False,False
abl_no_mask,Without mask supervision,figshare/1331.png,fs_103731,2,True,0.003729926215277778,0.0031915558502078056,0.0040163504891097546,0.006272336468100548,False,False,False
abl_no_mask,Without mask supervision,figshare/1332.png,fs_103731,2,True,0.004482693142361111,0.00424381997436285,0.004762021359056234,0.008137236349284649,False,False,False
abl_no_mask,Without mask supervision,figshare/1333.png,fs_103731,2,True,0.006252712673611111,0.006496922113001347,0.007380850147455931,0.009992288425564766,False,False,False
abl_no_mask,Without mask supervision,figshare/1334.png,fs_103731,2,True,0.006585015190972222,0.00732220895588398,0.009624416008591652,0.011155149899423122,False,False,False
abl_no_mask,Without mask supervision,figshare/1335.png,fs_103731,2,True,0.008409288194444444,0.008990384638309479,0.010355791077017784,0.015395517461001873,False,False,False
abl_no_mask,Without mask supervision,figshare/1336.png,fs_103731,2,True,0.008463541666666666,0.009982455521821976,0.012148795649409294,0.020371876657009125,False,False,False
abl_no_mask,Without mask supervision,figshare/1337.png,fs_103731,2,True,0.007086859809027778,0.008043198846280575,0.010947716422379017,0.004322422202676535,False,False,False
abl_no_mask,Without mask supervision,figshare/1338.png,fs_103731,2,True,0.005940755208333333,0.006936912890523672,0.00965770985931158,0.0,False,True,False
abl_no_mask,Without mask supervision,figshare/1339.png,fs_103731,2,True,0.005174424913194444,0.005858781281858683,0.007635061629116535,0.0,False,True,False
abl_no_mask,Without mask supervision,figshare/1374.png,fs_105187,2,True,0.00390625,0.0038568831514567137,0.0034619735088199377,0.007680515293031931,False,False,False
abl_no_mask,Without mask supervision,figshare/1375.png,fs_105187,2,True,0.004665798611111111,0.0048866732977330685,0.004219996742904186,0.009277242235839367,False,False,False
abl_no_mask,Without mask supervision,figshare/1376.png,fs_105187,2,True,0.0030517578125,0.0036410901229828596,0.0032188266050070524,0.0016443098429590464,False,False,False
abl_no_mask,Without mask supervision,figshare/1377.png,fs_105187,2,True,0.00201416015625,0.0026000302750617266,0.0024321251548826694,0.004059305880218744,False,False,False
abl_no_mask,Without mask supervision,figshare/1380.png,fs_105538,2,True,0.010450575086805556,0.011798365041613579,0.011646708473563194,0.016118712723255157,False,False,False
abl_no_mask,Without mask supervision,figshare/1381.png,fs_105538,2,False,0.0031873914930555555,0.0054694851860404015,0.0033072871156036854,0.0,False,False,False
abl_no_mask,Without mask supervision,figshare/1382.png,fs_105538,2,False,0.0032484266493055555,0.0041991048492491245,0.003652531187981367,0.0,False,False,False
abl_no_mask,Without mask supervision,figshare/1408.png,fs_97599,2,True,0.0015936957465277778,0.0011478273663669825,0.0021197849418967962,0.003063605632632971,False,False,False
abl_no_mask,Without mask supervision,figshare/1409.png,fs_97599,2,True,0.00274658203125,0.002598508959636092,0.003134828293696046,0.005076635628938675,False,False,False
abl_no_mask,Without mask supervision,figshare/1487.png,fs_102669,2,True,0.0017225477430555555,0.0018411647761240602,0.0025555442553013563,0.00048568868078291416,False,False,False
abl_no_mask,Without mask supervision,figshare/1488.png,fs_102669,2,True,0.0029703776041666665,0.003531076479703188,0.0037227782886475325,0.0006418685661628842,False,False,False
abl_no_mask,Without mask supervision,figshare/1489.png,fs_103046,2,True,0.002997504340277778,0.0027918934356421232,0.003442208282649517,0.002400281373411417,False,False,False
abl_no_mask,Without mask supervision,figshare/1490.png,fs_103046,2,True,0.005866156684027778,0.005818556062877178,0.006251708138734102,0.0,False,False,False
abl_no_mask,Without mask supervision,figshare/1491.png,fs_103046,2,True,0.0030314127604166665,0.0032422514632344246,0.003259069286286831,0.00011217853898415342,False,False,False
abl_no_mask,Without mask supervision,figshare/1492.png,fs_103046,2,True,0.0027601453993055555,0.0026625157333910465,0.003250016598030925,1.1161597285536118e-05,False,False,False
abl_no_mask,Without mask supervision,figshare/1521.png,fs_103731,2,True,0.00250244140625,0.002368462271988392,0.002797921421006322,0.0038285942282527685,False,False,False
abl_no_mask,Without mask supervision,figshare/1522.png,fs_103731,2,True,0.008416069878472222,0.007875789888203144,0.009657658636569977,0.0007724333554506302,False,False,False
abl_no_mask,Without mask supervision,figshare/1523.png,fs_103731,2,True,0.009304470486111112,0.008564475923776627,0.012006409466266632,0.008137589320540428,False,False,False
abl_no_mask,Without mask supervision,figshare/1524.png,fs_103731,2,True,0.013807508680555556,0.013316183350980282,0.019595757126808167,0.00153875513933599,False,False,False
abl_no_mask,Without mask supervision,figshare/1525.png,fs_103731,2,True,0.013888888888888888,0.01475489605218172,0.018504628911614418,0.003045926569029689,False,False,False
abl_no_mask,Without mask supervision,figshare/1526.png,fs_103731,2,True,0.012593587239583334,0.012660365551710129,0.016016816720366478,0.02024013176560402,False,False,False
abl_no_mask,Without mask supervision,figshare/1527.png,fs_103731,2,True,0.003323025173611111,0.0037382864393293858,0.004918559920042753,0.004794579930603504,False,False,False
abl_no_mask,Without mask supervision,figshare/1557.png,fs_105187,2,True,0.0011800130208333333,0.0010008434765040874,0.0016991011798381805,0.000884914887137711,False,False,False
abl_no_mask,Without mask supervision,figshare/1558.png,fs_105187,2,True,0.0020345052083333335,0.0017381662037223577,0.002476096386089921,0.0,False,False,False
abl_no_mask,Without mask supervision,figshare/1559.png,fs_105187,2,True,0.005086263020833333,0.004826014395803213,0.003687893971800804,0.0,False,False,False
abl_no_mask,Without mask supervision,figshare/1560.png,fs_105187,2,True,0.006598578559027778,0.007387117948383093,0.005459099542349577,0.0,False,False,False
abl_no_mask,Without mask supervision,figshare/1561.png,fs_105187,2,True,0.006103515625,0.005985332187265158,0.006930952426046133,0.0,False,False,False
abl_no_mask,Without mask supervision,figshare/1562.png,fs_105187,2,True,0.004503038194444444,0.004568461328744888,0.0051871417090296745,0.006540677510201931,True,False,False
abl_no_mask,Without mask supervision,figshare/1566.png,fs_105538,2,False,0.002834743923611111,0.003988719079643488,0.0037744510918855667,0.0,True,False,False
abl_no_mask,Without mask supervision,figshare/1567.png,fs_105538,2,False,0.0025227864583333335,0.0040678298100829124,0.0027051218785345554,8.85722002408329e-08,False,False,False
abl_no_mask,Without mask supervision,figshare/1594.png,fs_97599,2,True,0.001864963107638889,0.00151712610386312,0.0022712659556418657,0.0020702825859189034,False,False,False
abl_no_mask,Without mask supervision,figshare/1595.png,fs_97599,2,True,0.001254611545138889,0.001100079738534987,0.001605442725121975,0.0012512871762737632,False,False,False
abl_no_mask,Without mask supervision,figshare/1672.png,fs_102669,2,True,0.001430935329861111,0.0014588066842406988,0.0018956380663439631,9.018220589496195e-05,False,False,False
abl_no_mask,Without mask supervision,figshare/1673.png,fs_103046,2,True,0.004930284288194444,0.0049454448744654655,0.0064612203277647495,0.00034842686727643013,False,False,False
abl_no_mask,Without mask supervision,figshare/1674.png,fs_103046,2,True,0.004611545138888889,0.004394514951854944,0.005739079788327217,0.0027410760521888733,False,False,False
abl_no_mask,Without mask supervision,figshare/1675.png,fs_103046,2,True,0.003716362847222222,0.003732293378561735,0.0044355932623147964,0.00360675947740674,False,False,False
abl_no_mask,Without mask supervision,figshare/1676.png,fs_103046,2,True,0.0029771592881944445,0.0029098198283463717,0.003792092204093933,0.004738118965178728,False,False,False
abl_no_mask,Without mask supervision,figshare/1709.png,fs_103731,2,True,0.009507921006944444,0.008999362587928772,0.010013769380748272,0.0020303113851696253,False,False,False
abl_no_mask,Without mask supervision,figshare/1710.png,fs_103731,2,True,0.014716254340277778,0.015303018502891064,0.019914546981453896,0.0,False,False,False
abl_no_mask,Without mask supervision,figshare/1711.png,fs_103731,2,True,0.015143500434027778,0.015485618263483047,0.019840899854898453,0.0007733319071121514,False,False,False
abl_no_mask,Without mask supervision,figshare/1712.png,fs_103731,2,True,0.013427734375,0.013634528033435345,0.015554598532617092,0.0006495252600871027,False,False,False
abl_no_mask,Without mask supervision,figshare/1713.png,fs_103731,2,True,0.006829155815972222,0.006919612176716328,0.008622094988822937,0.00691341795027256,False,False,False
abl_no_mask,Without mask supervision,figshare/1748.png,fs_105187,2,True,0.0022379557291666665,0.0023087463341653347,0.0029866041149944067,0.0018721385858953,False,False,False
abl_no_mask,Without mask supervision,figshare/1749.png,fs_105187,2,True,0.0029296875,0.0029418461490422487,0.0025037676095962524,0.007012902293354273,False,False,False
abl_no_mask,Without mask supervision,figshare/1750.png,fs_105187,2,True,0.0037027994791666665,0.0039098807610571384,0.0020133748184889555,0.014837268739938736,False,False,False
abl_no_mask,Without mask supervision,figshare/1751.png,fs_105187,2,True,0.003926595052083333,0.004120951518416405,0.0027233674190938473,0.0011432197643443942,False,False,False
abl_no_mask,Without mask supervision,figshare/1752.png,fs_105187,2,True,0.004014756944444444,0.004096456803381443,0.0033389537129551172,0.011011609807610512,False,False,False
abl_no_mask,Without mask supervision,figshare/1753.png,fs_105187,2,True,0.0025160047743055555,0.00239220866933465,0.0025263438001275063,0.005444981623440981,False,False,False
abl_no_mask,Without mask supervision,figshare/1759.png,fs_105538,2,False,0.00347900390625,0.004307993222028017,0.004288217984139919,4.932045953864872e-07,False,False,False
abl_no_mask,Without mask supervision,figshare/1760.png,fs_105538,2,False,0.0036824544270833335,0.005120956804603338,0.004231875762343407,0.005391373764723539,False,False,False
abl_no_mask,Without mask supervision,figshare/1786.png,fs_97599,2,True,0.0017293294270833333,0.00147750205360353,0.0022564276587218046,0.0008166543557308614,False,False,False
abl_no_mask,Without mask supervision,figshare/1787.png,fs_97599,2,True,0.0019327799479166667,0.001798062352463603,0.002011353150010109,0.0012020269641652703,False,False,False
abl_no_mask,Without mask supervision,figshare/1788.png,fs_97599,2,True,0.0018378363715277778,0.0016423927154392004,0.0021531865932047367,0.001775259617716074,False,False,False
abl_no_mask,Without mask supervision,figshare/1914.png,fs_MR049453,0,True,0.012247721354166666,0.011340323835611343,0.01592238061130047,0.0,False,False,False
abl_no_mask,Without mask supervision,figshare/1915.png,fs_MR049453,0,True,0.017964680989583332,0.01702520065009594,0.024044616147875786,0.004388663452118635,False,False,False
abl_no_mask,Without mask supervision,figshare/1916.png,fs_MR049453,0,True,0.04623752170138889,0.04285503551363945,0.05934819206595421,0.0,False,False,False
abl_no_mask,Without mask supervision,figshare/1917.png,fs_MR049453,0,True,0.026136610243055556,0.02405574917793274,0.038383107632398605,0.0,False,False,False
abl_no_mask,Without mask supervision,figshare/1918.png,fs_MR049453,0,True,0.048821343315972224,0.04516749083995819,0.0663304477930069,0.0,False,False,False
abl_no_mask,Without mask supervision,figshare/1919.png,fs_MR049453,0,True,0.044135199652777776,0.04046793654561043,0.05905722454190254,0.0,False,False,False
abl_no_mask,Without mask supervision,figshare/1920.png,fs_MR049453,0,True,0.033745659722222224,0.029830455780029297,0.04465034231543541,0.0,False,False,False
abl_no_mask,Without mask supervision,figshare/1937.png,fs_MR049453B,0,True,0.060553656684027776,0.05611230060458183,0.07432874292135239,0.09404125064611435,False,False,False
abl_no_mask,Without mask supervision,figshare/1938.png,fs_MR049453B,0,True,0.0715603298611111,0.0663297101855278,0.08392570912837982,0.23682284355163574,False,False,False
abl_no_mask,Without mask supervision,figshare/1939.png,fs_MR049453B,0,True,0.037848578559027776,0.03391817957162857,0.044855497777462006,0.10348790884017944,False,False,False
abl_no_mask,Without mask supervision,figshare/1940.png,fs_MR049453B,0,True,0.04197862413194445,0.037814605981111526,0.048788025975227356,0.002672838279977441,False,False,False
abl_no_mask,Without mask supervision,figshare/1941.png,fs_MR049453B,0,True,0.035786946614583336,0.03190704062581062,0.04047105461359024,0.12766961753368378,False,False,False
abl_no_mask,Without mask supervision,figshare/1942.png,fs_MR049453B,0,True,0.0318603515625,0.028243189677596092,0.03979567810893059,0.0029534685891121626,False,False,False
abl_no_mask,Without mask supervision,figshare/1943.png,fs_MR049453B,0,True,0.036051432291666664,0.03319370746612549,0.045026324689388275,0.002587695373222232,False,False,False
abl_no_mask,Without mask supervision,figshare/1944.png,fs_MR049453B,0,True,0.022291395399305556,0.019741762429475784,0.02777514047920704,0.0,False,False,False
abl_no_mask,Without mask supervision,figshare/1950.png,fs_MR050135B,0,True,0.00421142578125,0.003853106638416648,0.006281784735620022,0.0,False,False,False
abl_no_mask,Without mask supervision,figshare/1951.png,fs_MR050135B,0,True,0.010423448350694444,0.01000414602458477,0.01635655201971531,0.0,False,False,False
abl_no_mask,Without mask supervision,figshare/1952.png,fs_MR050135B,0,True,0.019117567274305556,0.020651835948228836,0.03261420875787735,0.0,False,True,False
abl_no_mask,Without mask supervision,figshare/1953.png,fs_MR050135B,0,True,0.015862358940972224,0.015652084723114967,0.02632746659219265,0.0,False,False,False
abl_no_mask,Without mask supervision,figshare/1954.png,fs_MR050135B,0,True,0.006876627604166667,0.005786340683698654,0.010509924031794071,0.0,False,False,False
abl_no_mask,Without mask supervision,figshare/1955.png,fs_MR050135B,0,True,0.011766221788194444,0.010522027499973774,0.017467614263296127,0.0,False,False,False
abl_no_mask,Without mask supervision,figshare/1956.png,fs_MR050135B,0,True,0.012986924913194444,0.014259072951972485,0.02083459496498108,0.0,False,False,False
abl_no_mask,Without mask supervision,figshare/1957.png,fs_MR050135B,0,True,0.015462239583333334,0.016232971101999283,0.024576224386692047,0.0,False,False,False
abl_no_mask,Without mask supervision,figshare/1958.png,fs_MR050135B,0,True,0.015916612413194444,0.015300839208066463,0.021118268370628357,5.758978659287095e-06,False,False,False
abl_no_mask,Without mask supervision,figshare/1959.png,fs_MR050135B,0,True,0.002997504340277778,0.0027347004506736994,0.004827090539038181,0.00566686550155282,False,False,False
abl_no_mask,Without mask supervision,figshare/1960.png,fs_MR050135B,0,True,0.018669976128472224,0.017155596986413002,0.024215077981352806,0.0008369601564481854,False,False,False
abl_no_mask,Without mask supervision,figshare/1961.png,fs_MR050135B,0,True,0.030836317274305556,0.02846214920282364,0.04379326105117798,0.0,False,False,False
abl_no_mask,Without mask supervision,figshare/1962.png,fs_MR050135B,0,True,0.03141954210069445,0.029463062062859535,0.04599896818399429,0.0,False,False,False
abl_no_mask,Without mask supervision,figshare/1963.png,fs_MR050135B,0,True,0.026835123697916668,0.02709345519542694,0.041809212416410446,0.0,False,False,False
abl_no_mask,Without mask supervision,figshare/1974.png,fs_MR050791B,0,True,0.003512912326388889,0.0032865607645362616,0.005255912896245718,0.01119768526405096,False,False,False
abl_no_mask,Without mask supervision,figshare/1975.png,fs_MR050791B,0,True,0.006666395399305556,0.005939610302448273,0.00750582292675972,0.006238712929189205,False,False,False
abl_no_mask,Without mask supervision,figshare/1976.png,fs_MR050791B,0,True,0.011189778645833334,0.010442952625453472,0.013170415535569191,0.051509611308574677,False,False,False
abl_no_mask,Without mask supervision,figshare/1977.png,fs_MR050791B,0,True,0.012885199652777778,0.011985322460532188,0.014798014424741268,0.04474741965532303,False,False,False
abl_no_mask,Without mask supervision,figshare/1978.png,fs_MR050791B,0,True,0.024169921875,0.021648157387971878,0.029609274119138718,0.043941643089056015,False,False,False
abl_no_mask,Without mask supervision,figshare/1979.png,fs_MR050791B,0,True,0.020331488715277776,0.019268037751317024,0.026781421154737473,0.0,False,False,False
abl_no_mask,Without mask supervision,figshare/1980.png,fs_MR050791B,0,True,0.017266167534722224,0.01610773243010044,0.024235012009739876,0.025556031614542007,False,False,False
abl_no_mask,Without mask supervision,figshare/1981.png,fs_MR050791B,0,True,0.012037489149305556,0.011286916211247444,0.016089335083961487,0.026219816878437996,False,False,False
abl_no_mask,Without mask supervision,figshare/1982.png,fs_MR050791B,0,True,0.024854871961805556,0.02443229965865612,0.034766700118780136,0.11496014893054962,False,False,False
abl_no_mask,Without mask supervision,figshare/1983.png,fs_MR050791B,0,True,0.012518988715277778,0.01239769533276558,0.019589360803365707,0.0740748718380928,True,True,False
abl_no_mask,Without mask supervision,figshare/2012.png,fs_MR051461B,0,True,0.015184190538194444,0.013529257848858833,0.017431143671274185,0.13180264830589294,False,False,False
abl_no_mask,Without mask supervision,figshare/2013.png,fs_MR051461B,0,True,0.011617024739583334,0.010811815038323402,0.014223511330783367,0.09360808879137039,False,False,True
abl_no_mask,Without mask supervision,figshare/2014.png,fs_MR051461B,0,True,0.030029296875,0.02649361453950405,0.033304374665021896,0.19330935180187225,False,False,False
abl_no_mask,Without mask supervision,figshare/2015.png,fs_MR051461B,0,True,0.021504720052083332,0.018139349296689034,0.02916363812983036,0.17698299884796143,False,False,True
abl_no_mask,Without mask supervision,figshare/2016.png,fs_MR051461B,0,True,0.0257568359375,0.02337304688990116,0.04160797968506813,0.1675129234790802,False,False,True
abl_no_mask,Without mask supervision,figshare/2087.png,fs_MR053110B,0,True,0.0277099609375,0.02434024214744568,0.03421609848737717,0.07301387935876846,False,False,False
abl_no_mask,Without mask supervision,figshare/2088.png,fs_MR053110B,0,True,0.030239529079861112,0.027422944083809853,0.03908716142177582,0.060387108474969864,False,False,False
abl_no_mask,Without mask supervision,figshare/2089.png,fs_MR053110B,0,True,0.05325656467013889,0.0466439388692379,0.06771595031023026,0.02123522199690342,False,False,False
abl_no_mask,Without mask supervision,figshare/2090.png,fs_MR053110B,0,True,0.05180528428819445,0.04726892709732056,0.06229592487215996,0.005372782703489065,False,False,False
abl_no_mask,Without mask supervision,figshare/2091.png,fs_MR053110B,0,True,0.03962537977430555,0.034938085824251175,0.047807756811380386,0.0005584486061707139,False,False,False
abl_no_mask,Without mask supervision,figshare/2092.png,fs_MR053110B,0,True,0.01458740234375,0.013102738186717033,0.016496669501066208,0.03156765550374985,False,False,False
abl_no_mask,Without mask supervision,figshare/2093.png,fs_MR034694,0,True,0.006198459201388889,0.0058779846876859665,0.009199269115924835,0.00729898689314723,False,False,False
abl_no_mask,Without mask supervision,figshare/2094.png,fs_MR034694,0,True,0.017408582899305556,0.016306722536683083,0.026938768103718758,0.003471837379038334,False,False,False
abl_no_mask,Without mask supervision,figshare/2095.png,fs_MR034694,0,True,0.027872721354166668,0.027185630053281784,0.04075125604867935,0.0,False,False,False
abl_no_mask,Without mask supervision,figshare/2096.png,fs_MR034694,0,True,0.017103407118055556,0.0163068026304245,0.023226210847496986,0.0,False,False,False
abl_no_mask,Without mask supervision,figshare/2112.png,fs_MR034997,0,True,0.008009168836805556,0.006996634881943464,0.012840650975704193,0.024527186527848244,False,False,False
abl_no_mask,Without mask supervision,figshare/2113.png,fs_MR034997,0,True,0.01776123046875,0.016517188400030136,0.02729792334139347,0.01812124438583851,False,False,False
abl_no_mask,Without mask supervision,figshare/2114.png,fs_MR034997,0,True,0.019965277777777776,0.02192148007452488,0.030835052952170372,0.03444291278719902,False,False,False
abl_no_mask,Without mask supervision,figshare/2115.png,fs_MR034997,0,True,0.021172417534722224,0.02440912090241909,0.03224337100982666,0.0,False,False,False
abl_no_mask,Without mask supervision,figshare/2116.png,fs_MR034997,0,True,0.016866048177083332,0.020929569378495216,0.025845179334282875,0.0,False,False,False
abl_no_mask,Without mask supervision,figshare/2117.png,fs_MR034997,0,True,0.015068901909722222,0.017743131145834923,0.023409711197018623,0.0,False,False,False
abl_no_mask,Without mask supervision,figshare/2118.png,fs_MR034997,0,True,0.004909939236111111,0.005766039248555899,0.0072975726798176765,5.672293991665356e-05,False,False,False
abl_no_mask,Without mask supervision,figshare/2134.png,fs_MR049019G,0,True,0.024915907118055556,0.022422323003411293,0.03381726145744324,0.0002212330000475049,False,False,False
abl_no_mask,Without mask supervision,figshare/2135.png,fs_MR049019G,0,True,0.04578993055555555,0.04142408445477486,0.05966447666287422,0.0008534652879461646,False,False,False
abl_no_mask,Without mask supervision,figshare/2136.png,fs_MR049019G,0,True,0.015123155381944444,0.01418848056346178,0.0214813482016325,4.2567234004309285e-07,False,False,False
abl_no_mask,Without mask supervision,figshare/2137.png,fs_MR049019G,0,True,0.017652723524305556,0.016044072806835175,0.0243122149258852,0.0,False,False,False
abl_no_mask,Without mask supervision,figshare/2138.png,fs_MR049019G,0,True,0.027140299479166668,0.025685779750347137,0.041338078677654266,0.0,False,False,False
abl_no_mask,Without mask supervision,figshare/2139.png,fs_MR049019G,0,True,0.016350640190972224,0.015331675298511982,0.023944908753037453,0.0,False,False,False
abl_no_mask,Without mask supervision,figshare/2140.png,fs_MR049019G,0,True,0.019490559895833332,0.01812649890780449,0.02900080382823944,0.0006682128296233714,False,False,False
abl_no_mask,Without mask supervision,figshare/2166.png,fs_MR037458B,0,True,0.011508517795138888,0.01059829443693161,0.010493125766515732,0.003084865165874362,False,False,False
abl_no_mask,Without mask supervision,figshare/2167.png,fs_MR037458B,0,True,0.014377170138888888,0.013612502254545689,0.015815993770956993,0.013094455935060978,False,False,False
abl_no_mask,Without mask supervision,figshare/2168.png,fs_MR037458B,0,True,0.0027940538194444445,0.003048366867005825,0.003699161345139146,0.027285736054182053,False,False,False
abl_no_mask,Without mask supervision,figshare/2169.png,fs_MR037458B,0,True,0.005276150173611111,0.005378695670515299,0.006438513286411762,0.029775194823741913,False,False,False
abl_no_mask,Without mask supervision,figshare/2170.png,fs_MR037458B,0,True,0.007154676649305556,0.0068819476291537285,0.009176638908684254,0.00826194416731596,False,False,False
abl_no_mask,Without mask supervision,figshare/2171.png,fs_MR037458B,0,True,0.019999186197916668,0.019354183226823807,0.025213906541466713,0.17547470331192017,False,False,True
abl_no_mask,Without mask supervision,figshare/2172.png,fs_MR037458B,0,False,0.015726725260416668,0.014850087463855743,0.017583103850483894,0.0,False,False,False
abl_no_mask,Without mask supervision,figshare/2173.png,fs_MR037458B,0,False,0.017137315538194444,0.015550687909126282,0.02227984555065632,0.007263052277266979,False,False,False
abl_no_mask,Without mask supervision,figshare/2196.png,fs_MR040240,0,True,0.00738525390625,0.0071723912842571735,0.011025513522326946,0.00792123656719923,False,False,False
abl_no_mask,Without mask supervision,figshare/2197.png,fs_MR040240,0,True,0.010443793402777778,0.009639519266784191,0.014881723560392857,4.464633548195707e-06,False,False,False
abl_no_mask,Without mask supervision,figshare/2198.png,fs_MR040240,0,True,0.030768500434027776,0.029496420174837112,0.04472590610384941,4.7255125537049025e-05,False,False,False
abl_no_mask,Without mask supervision,figshare/2199.png,fs_MR040240,0,True,0.028327094184027776,0.026830706745386124,0.039494384080171585,0.0136578269302845,False,False,False
abl_no_mask,Without mask supervision,figshare/2200.png,fs_MR040240,0,True,0.025058322482638888,0.02462400682270527,0.03796473890542984,0.0,False,False,False
abl_no_mask,Without mask supervision,figshare/2201.png,fs_MR040240,0,True,0.020948621961805556,0.01987854763865471,0.031719643622636795,0.0,False,False,False
abl_no_mask,Without mask supervision,figshare/2202.png,fs_MR040240,0,True,0.033515082465277776,0.031167054548859596,0.04990534484386444,0.0,False,False,False
abl_no_mask,Without mask supervision,figshare/2203.png,fs_MR040240,0,True,0.025648328993055556,0.02403501234948635,0.03616655245423317,0.02397327311336994,False,False,False
abl_no_mask,Without mask supervision,figshare/2204.png,fs_MR040240,0,True,0.016086154513888888,0.01450508926063776,0.0235142819583416,7.349973020609468e-05,False,False,False
abl_no_mask,Without mask supervision,figshare/2205.png,fs_MR040240,0,True,0.008734809027777778,0.0077456277795135975,0.013193830847740173,0.01011273730546236,False,False,False
abl_no_mask,Without mask supervision,figshare/2270.png,fs_MR049453,0,True,0.004258897569444444,0.003911192994564772,0.006045434158295393,0.0,False,False,False
abl_no_mask,Without mask supervision,figshare/2271.png,fs_MR049453,0,True,0.028001573350694444,0.025232156738638878,0.03658290207386017,0.0,False,False,False
abl_no_mask,Without mask supervision,figshare/2272.png,fs_MR049453,0,True,0.01495361328125,0.0138452323153615,0.02030819281935692,0.0,False,False,False
abl_no_mask,Without mask supervision,figshare/2273.png,fs_MR049453,0,True,0.03408474392361111,0.029710683971643448,0.046034928411245346,0.0,False,False,False
abl_no_mask,Without mask supervision,figshare/2274.png,fs_MR049453,0,True,0.03238254123263889,0.03048509731888771,0.04464295506477356,0.0,False,False,False
abl_no_mask,Without mask supervision,figshare/2275.png,fs_MR049453,0,True,0.023912217881944444,0.02262352779507637,0.03306513652205467,0.0,False,False,False
abl_no_mask,Without mask supervision,figshare/2276.png,fs_MR049453,0,True,0.009962293836805556,0.009502583183348179,0.013241528533399105,0.0,False,False,False
abl_no_mask,Without mask supervision,figshare/2277.png,fs_MR049453,0,True,0.010348849826388888,0.009628632105886936,0.015286607667803764,0.000733864086214453,False,False,False
abl_no_mask,Without mask supervision,figshare/2278.png,fs_MR049453,0,True,0.004014756944444444,0.004239982459694147,0.006296192295849323,0.003242654027417302,False,False,False
abl_no_mask,Without mask supervision,figshare/2286.png,fs_MR049453B,0,True,0.0037367078993055555,0.0032828492112457752,0.004759335424751043,0.0021784622222185135,False,False,False
abl_no_mask,Without mask supervision,figshare/2287.png,fs_MR049453B,0,True,0.003655327690972222,0.0034049679525196552,0.005028137471526861,0.007179372478276491,False,False,False
abl_no_mask,Without mask supervision,figshare/2288.png,fs_MR049453B,0,True,0.050360785590277776,0.04824502021074295,0.06802872568368912,0.08831623941659927,False,False,False
abl_no_mask,Without mask supervision,figshare/2289.png,fs_MR049453B,0,True,0.03554958767361111,0.033649738878011703,0.048244304955005646,0.050116464495658875,False,False,False
abl_no_mask,Without mask supervision,figshare/2290.png,fs_MR049453B,0,True,0.036553276909722224,0.03476892411708832,0.04949897527694702,3.3456032610956754e-07,False,False,False
abl_no_mask,Without mask supervision,figshare/2291.png,fs_MR049453B,0,True,0.019802517361111112,0.018557893112301826,0.027095317840576172,0.0,False,False,False
abl_no_mask,Without mask supervision,figshare/2292.png,fs_MR049453B,0,True,0.009568956163194444,0.008361903950572014,0.011733194813132286,0.023936545476317406,False,False,False
abl_no_mask,Without mask supervision,figshare/2293.png,fs_MR049453B,0,True,0.017734103732638888,0.015713458880782127,0.0246117003262043,0.03631299361586571,False,False,False
abl_no_mask,Without mask supervision,figshare/2294.png,fs_MR049453B,0,True,0.005316840277777778,0.004594466183334589,0.0069395871832966805,0.005423308815807104,False,False,False
abl_no_mask,Without mask supervision,figshare/2295.png,fs_MR049453B,0,True,0.015272352430555556,0.014232927933335304,0.018185818567872047,0.014193984679877758,False,False,False
abl_no_mask,Without mask supervision,figshare/2296.png,fs_MR049453B,0,True,0.024400499131944444,0.023144757375121117,0.030259214341640472,0.031420331448316574,False,False,False
abl_no_mask,Without mask supervision,figshare/2297.png,fs_MR049453B,0,True,0.044074164496527776,0.04135064035654068,0.0611070953309536,0.0009098516311496496,False,False,False
abl_no_mask,Without mask supervision,figshare/2298.png,fs_MR049453B,0,True,0.046210394965277776,0.043226394802331924,0.06273197382688522,0.014662742614746094,False,False,False
abl_no_mask,Without mask supervision,figshare/2299.png,fs_MR049453B,0,True,0.049323187934027776,0.04787933826446533,0.07058236747980118,0.02216014824807644,False,False,False
abl_no_mask,Without mask supervision,figshare/2300.png,fs_MR050135B,0,True,0.004170735677083333,0.003840869991108775,0.00681532546877861,0.03178788721561432,False,False,False
abl_no_mask,Without mask supervision,figshare/2301.png,fs_MR050135B,0,True,0.018263075086805556,0.018066519871354103,0.029209857806563377,0.0,False,True,False
abl_no_mask,Without mask supervision,figshare/2302.png,fs_MR050135B,0,True,0.006137424045138889,0.005868641659617424,0.00853863824158907,0.0,False,False,False
abl_no_mask,Without mask supervision,figshare/2303.png,fs_MR050135B,0,True,0.018941243489583332,0.01742931641638279,0.027295276522636414,0.001975876046344638,False,False,False
abl_no_mask,Without mask supervision,figshare/2304.png,fs_MR050135B,0,True,0.022989908854166668,0.0218767449259758,0.033151548355817795,0.0,False,False,False
abl_no_mask,Without mask supervision,figshare/2305.png,fs_MR050135B,0,True,0.025838216145833332,0.02519412524998188,0.04178975522518158,0.0,False,False,False
abl_no_mask,Without mask supervision,figshare/2306.png,fs_MR050135B,0,True,0.021565755208333332,0.019442180171608925,0.029465988278388977,0.0,False,False,False
abl_no_mask,Without mask supervision,figshare/2307.png,fs_MR050135B,0,True,0.007331000434027778,0.007167642004787922,0.011283076368272305,0.0,False,False,False
abl_no_mask,Without mask supervision,figshare/2308.png,fs_MR050135B,0,True,0.013210720486111112,0.01392951887100935,0.021307844668626785,0.0,False,True,False
abl_no_mask,Without mask supervision,figshare/2309.png,fs_MR050135B,0,True,0.013014051649305556,0.013507887721061707,0.019968366250395775,0.0,False,False,False
abl_no_mask,Without mask supervision,figshare/2310.png,fs_MR050135B,0,True,0.012837727864583334,0.014320787973701954,0.0209181010723114,0.0,False,False,False
abl_no_mask,Without mask supervision,figshare/2317.png,fs_MR050791B,0,True,0.026740180121527776,0.02568982169032097,0.03064030036330223,0.08165474981069565,False,False,False
abl_no_mask,Without mask supervision,figshare/2318.png,fs_MR050791B,0,True,0.04482693142361111,0.04095745459198952,0.06626617908477783,0.07120362669229507,False,False,False
abl_no_mask,Without mask supervision,figshare/2319.png,fs_MR050791B,0,True,0.032111273871527776,0.02970612794160843,0.044508010149002075,0.06125173345208168,False,False,False
abl_no_mask,Without mask supervision,figshare/2320.png,fs_MR050791B,0,True,0.020846896701388888,0.01959943398833275,0.030947059392929077,0.14562487602233887,False,False,False
abl_no_mask,Without mask supervision,figshare/2349.png,fs_MR024780E,0,True,0.007439507378472222,0.007509984076023102,0.010649766772985458,0.0,False,False,False
abl_no_mask,Without mask supervision,figshare/2362.png,fs_MR040240C,0,True,0.008490668402777778,0.007052370812743902,0.012604334391653538,0.016901880502700806,False,False,False
abl_no_mask,Without mask supervision,figshare/2363.png,fs_MR040240C,0,True,0.0033772786458333335,0.00305085233412683,0.005023412872105837,0.009516570717096329,False,False,False
abl_no_mask,Without mask supervision,figshare/2364.png,fs_MR040240C,0,True,0.003851996527777778,0.0037841673474758863,0.006031402386724949,0.0030436909291893244,False,False,False
abl_no_mask,Without mask supervision,figshare/2365.png,fs_MR040240C,0,True,0.020426432291666668,0.01819220371544361,0.03038853593170643,0.054626576602458954,False,False,False
abl_no_mask,Without mask supervision,figshare/2366.png,fs_MR040240C,0,True,0.023417154947916668,0.021356958895921707,0.0342259481549263,0.0037459118757396936,False,False,False
abl_no_mask,Without mask supervision,figshare/2367.png,fs_MR040240C,0,True,0.042928059895833336,0.039753179997205734,0.06276316195726395,0.1002718135714531,False,False,False
abl_no_mask,Without mask supervision,figshare/2368.png,fs_MR040240C,0,True,0.06172010633680555,0.056830476969480515,0.0913349986076355,0.00030589409288950264,True,False,False
abl_no_mask,Without mask supervision,figshare/2369.png,fs_MR040240C,0,True,0.052361382378472224,0.052231524139642715,0.07163435220718384,0.018766364082694054,True,False,False
abl_no_mask,Without mask supervision,figshare/2370.png,fs_MR040240C,0,True,0.07093641493055555,0.07019216567277908,0.10601059347391129,0.07280200719833374,False,False,False
abl_no_mask,Without mask supervision,figshare/2371.png,fs_MR040240C,0,True,0.059244791666666664,0.0553426668047905,0.08521230518817902,0.040669996291399,False,False,False
abl_no_mask,Without mask supervision,figshare/2372.png,fs_MR040240C,0,True,0.01580810546875,0.014696135185658932,0.024462059140205383,0.0,False,False,False
abl_no_mask,Without mask supervision,figshare/2373.png,fs_MR040240D,0,True,0.0035400390625,0.0028816969133913517,0.005250851158052683,0.015069067478179932,False,False,False
abl_no_mask,Without mask supervision,figshare/2374.png,fs_MR040240D,0,True,0.0064697265625,0.005766748450696468,0.010456167161464691,0.0,False,False,False
abl_no_mask,Without mask supervision,figshare/2375.png,fs_MR040240D,0,True,0.003390842013888889,0.002830077661201358,0.00542810931801796,0.0,False,False,False
abl_no_mask,Without mask supervision,figshare/2376.png,fs_MR040240D,0,True,0.03207058376736111,0.028899917379021645,0.04895583912730217,4.839281473323354e-07,False,False,False
abl_no_mask,Without mask supervision,figshare/2377.png,fs_MR040240D,0,True,0.029127332899305556,0.027601873502135277,0.04546450451016426,0.0,False,False,False
abl_no_mask,Without mask supervision,figshare/2378.png,fs_MR040240D,0,True,0.032036675347222224,0.029044145718216896,0.048953548073768616,0.0,False,False,False
abl_no_mask,Without mask supervision,figshare/2379.png,fs_MR040240D,0,True,0.06580268012152778,0.061912763863801956,0.10012286901473999,0.0,False,False,False
abl_no_mask,Without mask supervision,figshare/2380.png,fs_MR040240D,0,True,0.058844672309027776,0.05832488089799881,0.09058934450149536,0.0,False,True,False
abl_no_mask,Without mask supervision,figshare/2381.png,fs_MR040240D,0,True,0.05537245008680555,0.054272234439849854,0.082122802734375,0.0,False,False,False
abl_no_mask,Without mask supervision,figshare/2382.png,fs_MR040240D,0,True,0.052741156684027776,0.047070786356925964,0.08466272056102753,0.0,False,False,False
abl_no_mask,Without mask supervision,figshare/2383.png,fs_MR040240D,0,True,0.00421142578125,0.0038973698392510414,0.006684921681880951,0.001075500389561057,False,False,False
abl_no_mask,Without mask supervision,figshare/2443.png,fs_MR040240,0,True,0.028347439236111112,0.02340351603925228,0.042093683034181595,0.03617669269442558,False,False,False
abl_no_mask,Without mask supervision,figshare/2444.png,fs_MR040240,0,True,0.049886067708333336,0.045084964483976364,0.07693365216255188,0.014642833732068539,False,False,False
abl_no_mask,Without mask supervision,figshare/2445.png,fs_MR040240,0,True,0.046515570746527776,0.044156890362501144,0.0666629746556282,0.0,False,False,False
abl_no_mask,Without mask supervision,figshare/2446.png,fs_MR040240,0,True,0.050103081597222224,0.0484841950237751,0.075750932097435,0.0,True,False,False
abl_no_mask,Without mask supervision,figshare/2447.png,fs_MR040240,0,True,0.029446072048611112,0.029457103461027145,0.04341185465455055,0.0,False,False,False
abl_no_mask,Without mask supervision,figshare/2448.png,fs_MR040240,0,True,0.028788248697916668,0.028713297098875046,0.041585106402635574,0.0,False,False,False
abl_no_mask,Without mask supervision,figshare/2449.png,fs_MR040240,0,True,0.029947916666666668,0.029353907331824303,0.04082038253545761,0.0,False,False,False
abl_no_mask,Without mask supervision,figshare/2450.png,fs_MR040240,0,True,0.037150065104166664,0.03735514357686043,0.052233822643756866,0.0,False,True,False
abl_no_mask,Without mask supervision,figshare/2451.png,fs_MR040240,0,True,0.02386474609375,0.02356002666056156,0.03474557027220726,0.0,False,False,False
abl_no_mask,Without mask supervision,figshare/2452.png,fs_MR040240,0,True,0.009589301215277778,0.00966939888894558,0.014225950464606285,0.009300517849624157,False,False,False
abl_no_mask,Without mask supervision,figshare/2496.png,fs_MR024780E,0,True,0.00408935546875,0.0036606942303478718,0.0058939591981470585,0.001841281889937818,False,False,False
abl_no_mask,Without mask supervision,figshare/2497.png,fs_MR024780E,0,True,0.002448187934027778,0.0021365173161029816,0.004031402990221977,0.0,False,False,False
abl_no_mask,Without mask supervision,figshare/2498.png,fs_MR024780E,0,True,0.007256401909722222,0.006834379397332668,0.009488475508987904,0.0,False,False,False
abl_no_mask,Without mask supervision,figshare/2509.png,fs_MR040240C,0,True,0.021023220486111112,0.01939436048269272,0.030660206452012062,0.007994263432919979,False,False,False
abl_no_mask,Without mask supervision,figshare/2510.png,fs_MR040240C,0,True,0.021708170572916668,0.020673085004091263,0.031792428344488144,0.010300948284566402,False,False,False
abl_no_mask,Without mask supervision,figshare/2511.png,fs_MR040240C,0,True,0.00787353515625,0.006798245944082737,0.013569030910730362,0.0,False,False,False
abl_no_mask,Without mask supervision,figshare/2512.png,fs_MR040240C,0,True,0.009813096788194444,0.008337248116731644,0.01771678775548935,0.009626518003642559,False,False,False
abl_no_mask,Without mask supervision,figshare/2513.png,fs_MR040240C,0,True,0.013502332899305556,0.011873401701450348,0.019458124414086342,0.03365087881684303,False,False,False
abl_no_mask,Without mask supervision,figshare/2514.png,fs_MR040240C,0,True,0.0146484375,0.013311058282852173,0.021024905145168304,0.058897875249385834,False,False,False
abl_no_mask,Without mask supervision,figshare/2515.png,fs_MR040240C,0,True,0.015360514322916666,0.013790789991617203,0.024424755945801735,0.07555880397558212,False,False,False
abl_no_mask,Without mask supervision,figshare/2516.png,fs_MR040240C,0,True,0.03158908420138889,0.02995125576853752,0.04537785425782204,0.006788930390030146,False,False,False
abl_no_mask,Without mask supervision,figshare/2517.png,fs_MR040240C,0,True,0.03372531467013889,0.0315285362303257,0.05312957987189293,4.782333053299226e-05,False,False,False
abl_no_mask,Without mask supervision,figshare/2518.png,fs_MR040240C,0,True,0.013326009114583334,0.012959686107933521,0.02239934913814068,0.00027944595785811543,False,True,False
abl_no_mask,Without mask supervision,figshare/2519.png,fs_MR040240C,0,True,0.013814290364583334,0.013412553817033768,0.02520895004272461,0.0013433053391054273,False,False,False
abl_no_mask,Without mask supervision,figshare/2520.png,fs_MR040240C,0,True,0.03912353515625,0.037009019404649734,0.056694723665714264,0.0814920961856842,False,False,False
abl_no_mask,Without mask supervision,figshare/2521.png,fs_MR040240C,0,True,0.029947916666666668,0.030699996277689934,0.043716102838516235,0.0013787996722385287,False,False,False
abl_no_mask,Without mask supervision,figshare/2522.png,fs_MR040240C,0,True,0.009806315104166666,0.009515460580587387,0.015893008559942245,5.6087292250595056e-06,False,False,False
abl_no_mask,Without mask supervision,figshare/2523.png,fs_MR040240C,0,True,0.007853190104166666,0.00733347050845623,0.013920590281486511,0.0011560488492250443,False,False,False
abl_no_mask,Without mask supervision,figshare/2550.png,fs_MR051461B,0,True,0.008185492621527778,0.007940387353301048,0.011810587719082832,0.03441949933767319,False,False,False
abl_no_mask,Without mask supervision,figshare/2551.png,fs_MR051461B,0,True,0.007317437065972222,0.007036824245005846,0.012069313786923885,0.033015068620443344,False,False,False
abl_no_mask,Without mask supervision,figshare/2552.png,fs_MR051461B,0,True,0.007988823784722222,0.007815994322299957,0.013572564348578453,0.09543552249670029,False,False,True
abl_no_mask,Without mask supervision,figshare/2553.png,fs_MR051461B,0,True,0.008314344618055556,0.007902848534286022,0.01132311299443245,0.08338014036417007,False,False,False
abl_no_mask,Without mask supervision,figshare/2617.png,fs_MR053110B,0,True,0.026041666666666668,0.025267239660024643,0.033440832048654556,0.0018211104907095432,False,False,False
abl_no_mask,Without mask supervision,figshare/2618.png,fs_MR053110B,0,True,0.028272840711805556,0.02713800221681595,0.03311476483941078,0.01760580576956272,False,False,False
abl_no_mask,Without mask supervision,figshare/2619.png,fs_MR053110B,0,True,0.036383734809027776,0.03444300591945648,0.03838597983121872,0.00017919862875714898,False,False,False
abl_no_mask,Without mask supervision,figshare/2620.png,fs_MR053110B,0,True,0.03361680772569445,0.03233405202627182,0.0429450199007988,0.0,False,False,False
abl_no_mask,Without mask supervision,figshare/2621.png,fs_MR053110B,0,True,0.029500325520833332,0.028249753639101982,0.04037606343626976,0.006524730008095503,False,False,False
abl_no_mask,Without mask supervision,figshare/2622.png,fs_MR053110B,0,True,0.028516981336805556,0.027324510738253593,0.03604874759912491,0.004638222046196461,False,False,False
abl_no_mask,Without mask supervision,figshare/2623.png,fs_MR053110B,0,True,0.028164333767361112,0.026531370356678963,0.038071028888225555,0.00029634099337272346,False,False,False
abl_no_mask,Without mask supervision,figshare/2624.png,fs_MR034694,0,True,0.009189181857638888,0.008253664709627628,0.013389116153120995,0.0008231231477111578,False,False,False
abl_no_mask,Without mask supervision,figshare/2625.png,fs_MR034694,0,True,0.00933837890625,0.009182528592646122,0.012898793444037437,0.003117514308542013,False,False,False
abl_no_mask,Without mask supervision,figshare/2626.png,fs_MR034694,0,True,0.020304361979166668,0.019832493737339973,0.029629480093717575,1.0853872481675353e-05,False,False,False
abl_no_mask,Without mask supervision,figshare/2627.png,fs_MR034694,0,True,0.011935763888888888,0.010982796549797058,0.01614859513938427,0.02884465642273426,False,False,False
abl_no_mask,Without mask supervision,figshare/2628.png,fs_MR034694,0,True,0.023857964409722224,0.02296868897974491,0.03427774831652641,0.0059060086496174335,False,False,False
abl_no_mask,Without mask supervision,figshare/2629.png,fs_MR034694,0,True,0.025356716579861112,0.025536099448800087,0.03576836362481117,0.0,False,False,False
abl_no_mask,Without mask supervision,figshare/2630.png,fs_MR034694,0,True,0.017835828993055556,0.01764965057373047,0.022740662097930908,0.0,False,False,False
abl_no_mask,Without mask supervision,figshare/2646.png,fs_MR053241C,0,True,0.008341471354166666,0.007145096082240343,0.010808389633893967,0.01788143813610077,False,False,False
abl_no_mask,Without mask supervision,figshare/2647.png,fs_MR053241C,0,True,0.005655924479166667,0.004496549256145954,0.007992187514901161,0.012811116874217987,False,False,False
abl_no_mask,Without mask supervision,figshare/2648.png,fs_MR053241C,0,True,0.004835340711805556,0.004260700661689043,0.0063423397950828075,0.00933612696826458,False,False,False
abl_no_mask,Without mask supervision,figshare/2649.png,fs_MR053241C,0,True,0.0052490234375,0.004649518523365259,0.006170411128550768,0.016130341216921806,False,False,False
abl_no_mask,Without mask supervision,figshare/2650.png,fs_MR034997,0,True,0.010158962673611112,0.011018629185855389,0.015275838784873486,0.0,False,False,False
abl_no_mask,Without mask supervision,figshare/2651.png,fs_MR034997,0,True,0.021952311197916668,0.024823548272252083,0.032708656042814255,0.0,False,False,False
abl_no_mask,Without mask supervision,figshare/2652.png,fs_MR034997,0,True,0.024447970920138888,0.028492508456110954,0.036966722458601,0.0,False,False,False
abl_no_mask,Without mask supervision,figshare/2653.png,fs_MR034997,0,True,0.022623697916666668,0.027121810242533684,0.03898479416966438,0.0,True,True,False
abl_no_mask,Without mask supervision,figshare/2654.png,fs_MR034997,0,True,0.025139702690972224,0.030553344637155533,0.04177578166127205,0.0,False,False,False
abl_no_mask,Without mask supervision,figshare/2655.png,fs_MR034997,0,True,0.020521375868055556,0.023187609389424324,0.03201527148485184,0.0,True,False,False
abl_no_mask,Without mask supervision,figshare/2656.png,fs_MR034997,0,True,0.0159912109375,0.014966617338359356,0.022968625649809837,0.040230248123407364,False,False,False
abl_no_mask,Without mask supervision,figshare/2675.png,fs_MR049019G,0,True,0.019646538628472224,0.018086722120642662,0.027953995391726494,0.0,False,False,False
abl_no_mask,Without mask supervision,figshare/2676.png,fs_MR049019G,0,True,0.023362901475694444,0.021802272647619247,0.03151076287031174,0.0,False,False,False
abl_no_mask,Without mask supervision,figshare/2677.png,fs_MR049019G,0,True,0.027065700954861112,0.027358518913388252,0.03639776632189751,6.833931820438011e-07,True,True,False
abl_no_mask,Without mask supervision,figshare/2702.png,fs_MR037458B,0,False,0.002509223090277778,0.0023789210245013237,0.003149002557620406,0.0004501562216319144,False,False,False
abl_no_mask,Without mask supervision,figshare/2703.png,fs_MR037458B,0,True,0.006632486979166667,0.007162856869399548,0.009049823507666588,0.01948963850736618,False,False,False
abl_no_mask,Without mask supervision,figshare/2704.png,fs_MR037458B,0,True,0.0128173828125,0.012585138902068138,0.015470259822905064,0.043373990803956985,False,False,False
abl_no_mask,Without mask supervision,figshare/2705.png,fs_MR037458B,0,True,0.020358615451388888,0.01991683430969715,0.031403783708810806,0.185824453830719,False,False,True
abl_no_mask,Without mask supervision,figshare/2706.png,fs_MR037458B,0,False,0.017442491319444444,0.01641259342432022,0.0210842564702034,9.689996716133464e-08,False,False,False
abl_no_mask,Without mask supervision,figshare/2707.png,fs_MR037458B,0,False,0.011298285590277778,0.010531297884881496,0.014390317723155022,1.7694615905838873e-07,False,False,False
abl_no_mask,Without mask supervision,figshare/2708.png,fs_MR037458B,0,False,0.005255805121527778,0.0049378108233213425,0.005191909149289131,0.01395859383046627,False,False,False
abl_no_mask,Without mask supervision,figshare/2709.png,fs_MR037458B,0,False,0.006422254774305556,0.00574919069185853,0.0069645061157643795,0.009640171192586422,False,False,False
abl_no_mask,Without mask supervision,figshare/2743.png,fs_MR049019G,0,True,0.013014051649305556,0.012524224817752838,0.016134558245539665,0.0,False,False,False
abl_no_mask,Without mask supervision,figshare/2744.png,fs_MR049019G,0,True,0.014492458767361112,0.014651592820882797,0.01785186491906643,0.0,False,False,False
abl_no_mask,Without mask supervision,figshare/2745.png,fs_MR049019G,0,True,0.03921847873263889,0.03939954191446304,0.05302023887634277,0.02012113854289055,False,False,False
abl_no_mask,Without mask supervision,figshare/2746.png,fs_MR049019G,0,True,0.024393717447916668,0.024435952305793762,0.030245723202824593,0.02287369593977928,False,False,False
abl_no_mask,Without mask supervision,figshare/2747.png,fs_MR049019G,0,True,0.008884006076388888,0.00887699332088232,0.011960955336689949,0.007314458955079317,False,False,False
abl_no_mask,Without mask supervision,figshare/2769.png,fs_MR037458B,0,True,0.014180501302083334,0.012895629741251469,0.023147914558649063,0.08770924806594849,False,False,False
abl_no_mask,Without mask supervision,figshare/2770.png,fs_MR037458B,0,True,0.007290310329861111,0.009811830706894398,0.010171372443437576,0.07642503827810287,False,False,False
abl_no_mask,Without mask supervision,figshare/2771.png,fs_MR037458B,0,True,0.025214301215277776,0.026264887303113937,0.03998732194304466,0.25446656346321106,False,False,True
abl_no_mask,Without mask supervision,figshare/2772.png,fs_MR037458B,0,True,0.018235948350694444,0.018016131594777107,0.025843117386102676,0.14671489596366882,False,False,False
abl_no_mask,Without mask supervision,figshare/2773.png,fs_MR037458B,0,False,0.017768012152777776,0.016656264662742615,0.02352222427725792,0.004298083018511534,False,False,False
abl_no_mask,Without mask supervision,figshare/2787.png,fs_MR040240,0,True,0.024210611979166668,0.023650499060750008,0.03287224844098091,0.02647238038480282,False,False,False
abl_no_mask,Without mask supervision,figshare/2788.png,fs_MR040240,0,True,0.014492458767361112,0.015023902989923954,0.01879706047475338,0.0025834455154836178,False,False,False
abl_no_mask,Without mask supervision,figshare/2789.png,fs_MR040240,0,True,0.05129665798611111,0.050774674862623215,0.06523940712213516,0.1882985234260559,False,False,False
abl_no_mask,Without mask supervision,figshare/2790.png,fs_MR040240,0,True,0.05272081163194445,0.049914199858903885,0.06977973133325577,0.07303060591220856,True,False,True
abl_no_mask,Without mask supervision,figshare/2791.png,fs_MR040240,0,True,0.038872612847222224,0.0366164967417717,0.057564012706279755,0.08496922254562378,False,False,True
abl_no_mask,Without mask supervision,figshare/2792.png,fs_MR040240,0,True,0.017747667100694444,0.017571913078427315,0.025843201205134392,0.005815197713673115,False,False,False
abl_no_mask,Without mask supervision,figshare/2793.png,fs_MR040240,0,True,0.015550401475694444,0.01602531597018242,0.02538290061056614,3.3334476029267535e-05,True,False,False
abl_no_mask,Without mask supervision,figshare/2794.png,fs_MR040240,0,True,0.006985134548611111,0.006575463339686394,0.01024499349296093,0.019451363012194633,False,False,False
abl_no_mask,Without mask supervision,figshare/2876.png,fs_MR049453,0,True,0.007012261284722222,0.006655027158558369,0.008097515441477299,0.0020282433833926916,False,False,False
abl_no_mask,Without mask supervision,figshare/2877.png,fs_MR049453,0,True,0.018086751302083332,0.017134223133325577,0.022438090294599533,0.007528822403401136,False,False,False
abl_no_mask,Without mask supervision,figshare/2878.png,fs_MR049453,0,True,0.028469509548611112,0.02826782874763012,0.03847357630729675,0.0,False,False,False
abl_no_mask,Without mask supervision,figshare/2879.png,fs_MR049453,0,True,0.04705810546875,0.04625800997018814,0.06171632930636406,0.0,False,False,False
abl_no_mask,Without mask supervision,figshare/2880.png,fs_MR049453,0,True,0.03195529513888889,0.03227407485246658,0.045973941683769226,0.0,False,False,False
abl_no_mask,Without mask supervision,figshare/2881.png,fs_MR049453,0,True,0.029832628038194444,0.029650624841451645,0.04315163940191269,0.0,True,False,False
abl_no_mask,Without mask supervision,figshare/2882.png,fs_MR049453,0,True,0.04216172960069445,0.03959358111023903,0.058997467160224915,0.0,False,False,False
abl_no_mask,Without mask supervision,figshare/2883.png,fs_MR049453,0,True,0.004706488715277778,0.005240497644990683,0.007571793626993895,0.0,False,False,False
abl_no_mask,Without mask supervision,figshare/2884.png,fs_MR049453,0,True,0.006252712673611111,0.007213016040623188,0.01111103780567646,0.0,False,False,False
abl_no_mask,Without mask supervision,figshare/2891.png,fs_MR050135B,0,True,0.011637369791666666,0.012134455144405365,0.02019049972295761,0.0,False,True,False
abl_no_mask,Without mask supervision,figshare/2892.png,fs_MR050135B,0,True,0.015414767795138888,0.015994254499673843,0.025353534147143364,0.0,False,True,False
abl_no_mask,Without mask supervision,figshare/2893.png,fs_MR050135B,0,True,0.019816080729166668,0.01909163035452366,0.031117958948016167,0.0,False,False,False
abl_no_mask,Without mask supervision,figshare/2894.png,fs_MR050135B,0,True,0.042683919270833336,0.040566422045230865,0.054796237498521805,0.0,False,False,False
abl_no_mask,Without mask supervision,figshare/2895.png,fs_MR050135B,0,True,0.004475911458333333,0.004348809830844402,0.006427952088415623,0.0,False,False,False
abl_no_mask,Without mask supervision,figshare/2896.png,fs_MR050135B,0,True,0.012498643663194444,0.011600281111896038,0.017751993611454964,0.0,False,False,False
abl_no_mask,Without mask supervision,figshare/2897.png,fs_MR050135B,0,True,0.016323513454861112,0.0169935692101717,0.02506588026881218,0.0,False,True,False
abl_no_mask,Without mask supervision,figshare/2898.png,fs_MR050135B,0,True,0.0126953125,0.012386390939354897,0.018168460577726364,0.0013839631574228406,False,False,False
abl_no_mask,Without mask supervision,figshare/2899.png,fs_MR050135B,0,True,0.005852593315972222,0.005527927074581385,0.007085035555064678,0.013613168150186539,False,False,False
abl_no_mask,Without mask supervision,figshare/2906.png,fs_MR050791B,0,False,0.00286865234375,0.002720629796385765,0.0036704118829220533,7.690718484809622e-05,False,False,False
abl_no_mask,Without mask supervision,figshare/2907.png,fs_MR050791B,0,True,0.009385850694444444,0.009025029838085175,0.015462529845535755,0.11246826499700546,False,False,True
abl_no_mask,Without mask supervision,figshare/2908.png,fs_MR050791B,0,False,0.014112684461805556,0.013586724177002907,0.021649684756994247,0.0,False,False,False
abl_no_mask,Without mask supervision,figshare/2909.png,fs_MR050791B,0,True,0.020534939236111112,0.020169876515865326,0.028786538168787956,0.11607114225625992,False,False,False
abl_no_mask,Without mask supervision,figshare/2910.png,fs_MR050791B,0,True,0.015265570746527778,0.015148067846894264,0.021820861846208572,0.05487075820565224,False,False,False
abl_no_mask,Without mask supervision,figshare/2911.png,fs_MR050791B,0,True,0.010138617621527778,0.009934813715517521,0.012044885195791721,0.008713229559361935,False,False,False
abl_no_mask,Without mask supervision,figshare/2912.png,fs_MR050791B,0,True,0.010328504774305556,0.010122308507561684,0.01346869207918644,0.056726906448602676,False,False,False
abl_no_mask,Without mask supervision,figshare/2913.png,fs_MR050791B,0,False,0.00726318359375,0.0071527366526424885,0.008374280296266079,0.0,False,False,False
abl_no_mask,Without mask supervision,figshare/2999.png,fs_MR053110B,0,True,0.019449869791666668,0.01947862096130848,0.029561445116996765,0.0,False,False,False
abl_no_mask,Without mask supervision,figshare/3000.png,fs_MR053110B,0,True,0.025614420572916668,0.025731109082698822,0.03955285996198654,0.0,False,False,False
abl_no_mask,Without mask supervision,figshare/3001.png,fs_MR053110B,0,True,0.03150770399305555,0.031502168625593185,0.052877411246299744,5.856274219695479e-05,False,False,False
abl_no_mask,Without mask supervision,figshare/3002.png,fs_MR053110B,0,True,0.038655598958333336,0.03674421086907387,0.055074986070394516,0.009366235695779324,False,True,False
abl_no_mask,Without mask supervision,figshare/3003.png,fs_MR053110B,0,True,0.026896158854166668,0.024779828265309334,0.04360407963395119,0.10120832920074463,False,False,False
abl_no_mask,Without mask supervision,figshare/3004.png,fs_MR053110B,0,True,0.001315646701388889,0.0012069374788552523,0.0022194546181708574,0.005976174492388964,False,False,False
abl_no_mask,Without mask supervision,figshare/3005.png,fs_MR034694,0,True,0.01019287109375,0.009905499406158924,0.01308328378945589,0.008428127504885197,False,False,False
abl_no_mask,Without mask supervision,figshare/3006.png,fs_MR034694,0,True,0.018269856770833332,0.01881704479455948,0.022961366921663284,0.01963869482278824,False,False,False
abl_no_mask,Without mask supervision,figshare/3007.png,fs_MR034694,0,True,0.016255696614583332,0.0162127036601305,0.022221222519874573,0.0,False,False,False
abl_no_mask,Without mask supervision,figshare/3008.png,fs_MR034694,0,True,0.016228569878472224,0.01656368002295494,0.02103273570537567,0.050135403871536255,False,False,False
abl_no_mask,Without mask supervision,figshare/3022.png,fs_MR034997,0,True,0.006361219618055556,0.007023450918495655,0.00937949400395155,0.0,False,False,False
abl_no_mask,Without mask supervision,figshare/3023.png,fs_MR034997,0,True,0.013319227430555556,0.015230144374072552,0.01951400563120842,0.0,False,False,False
abl_no_mask,Without mask supervision,figshare/3024.png,fs_MR034997,0,True,0.021694607204861112,0.024442989379167557,0.03620918095111847,0.0,False,True,False
abl_no_mask,Without mask supervision,figshare/3025.png,fs_MR034997,0,True,0.024787055121527776,0.028361104428768158,0.04336746409535408,0.0,False,False,False
abl_no_mask,Without mask supervision,figshare/3026.png,fs_MR034997,0,True,0.019280327690972224,0.01966090314090252,0.02772747166454792,0.0,False,False,False
abl_no_mask,Without mask supervision,figshare/3027.png,fs_MR034997,0,True,0.013102213541666666,0.012856241315603256,0.01721077784895897,0.0,False,False,False
abl_no_mask,Without mask supervision,figshare/3028.png,fs_MR034997,0,True,0.002570258246527778,0.0022620789241045713,0.0037929497193545103,0.0,False,False,False
abl_no_mask,Without mask supervision,figshare/3039.png,fs_MR024780E,0,True,0.001193576388888889,0.001294007059186697,0.0016610539751127362,0.0008812695159576833,False,False,False
abl_no_mask,Without mask supervision,figshare/3040.png,fs_MR024780E,0,True,0.003017849392361111,0.004102623090147972,0.004746329504996538,0.0004533936153165996,False,False,False
abl_no_mask,Without mask supervision,figshare/3041.png,fs_MR024780E,0,True,0.0025838216145833335,0.003229335881769657,0.004420869518071413,0.008058733306825161,False,False,False
abl_no_mask,Without mask supervision,figshare/3042.png,fs_MR040240C,0,True,0.021280924479166668,0.02003616839647293,0.029030902311205864,0.04175224527716637,False,False,False
abl_no_mask,Without mask supervision,figshare/3043.png,fs_MR040240C,0,True,0.015313042534722222,0.013957441784441471,0.022697389125823975,0.04640275239944458,False,False,False
abl_no_mask,Without mask supervision,figshare/3044.png,fs_MR040240C,0,True,0.034125434027777776,0.031223325058817863,0.05195029079914093,0.02319708652794361,False,False,False
abl_no_mask,Without mask supervision,figshare/3045.png,fs_MR040240C,0,True,0.030219184027777776,0.026287052780389786,0.045945726335048676,0.03969816491007805,False,False,False
abl_no_mask,Without mask supervision,figshare/3046.png,fs_MR040240C,0,True,0.016777886284722224,0.01542128436267376,0.020975708961486816,0.0056421090848743916,False,False,False
abl_no_mask,Without mask supervision,figshare/3047.png,fs_MR040240D,0,True,0.003119574652777778,0.0042610387317836285,0.004835909698158503,0.0,False,False,False
abl_no_mask,Without mask supervision,figshare/3048.png,fs_MR040240D,0,True,0.0020005967881944445,0.0027219310868531466,0.003029528772458434,0.0,False,False,False
abl_no_ppm,Without pyramid pooling,figshare/0001.png,fs_100360,1,True,0.017510308159722224,0.69216388463974,0.11261545866727829,0.06950338929891586,True,True,True
abl_no_ppm,Without pyramid pooling,figshare/0002.png,fs_100360,1,True,0.032938639322916664,0.8252635598182678,0.23018944263458252,0.1694583296775818,True,True,True
abl_no_ppm,Without pyramid pooling,figshare/0003.png,fs_100360,1,True,0.04019504123263889,0.8583877086639404,0.2644958198070526,0.061282746493816376,True,True,True
abl_no_ppm,Without pyramid pooling,figshare/0004.png,fs_100360,1,True,0.034003363715277776,0.8395936489105225,0.22478623688220978,0.06749482452869415,True,True,True
abl_no_ppm,Without pyramid pooling,figshare/0005.png,fs_100360,1,True,0.04301622178819445,0.899785041809082,0.20862866938114166,0.3083430528640747,True,True,True
abl_no_ppm,Without pyramid pooling,figshare/0026.png,fs_102446,1,True,0.0027601453993055555,0.2446695864200592,0.026271196082234383,0.07481338828802109,True,True,True
abl_no_ppm,Without pyramid pooling,figshare/0049.png,fs_104281,1,True,0.00714111328125,0.5322609543800354,0.06767510622739792,0.18658363819122314,True,True,True
abl_no_ppm,Without pyramid pooling,figshare/0050.png,fs_104281,1,True,0.019049750434027776,0.7469373941421509,0.15887323021888733,0.18627393245697021,True,True,True
abl_no_ppm,Without pyramid pooling,figshare/0051.png,fs_104281,1,True,0.022298177083333332,0.7708367705345154,0.18006284534931183,0.16994038224220276,True,True,True
abl_no_ppm,Without pyramid pooling,figshare/0052.png,fs_104281,1,True,0.021280924479166668,0.7772818803787231,0.16962219774723053,0.31796857714653015,True,True,True
abl_no_ppm,Without pyramid pooling,figshare/0053.png,fs_104281,1,True,0.015679253472222224,0.7617687582969666,0.12737853825092316,0.4630344808101654,True,True,True
abl_no_ppm,Without pyramid pooling,figshare/0054.png,fs_104281,1,True,0.008938259548611112,0.5930503606796265,0.07509026676416397,0.28906887769699097,True,True,True
abl_no_ppm,Without pyramid pooling,figshare/0055.png,fs_104281,1,True,0.00494384765625,0.4343251585960388,0.03942209482192993,0.1160188615322113,True,True,True
abl_no_ppm,Without pyramid pooling,figshare/0056.png,fs_105374,1,True,0.004007975260416667,0.4454846978187561,0.038739997893571854,0.01728162355720997,True,True,True
abl_no_ppm,Without pyramid pooling,figshare/0057.png,fs_105374,1,True,0.00408935546875,0.32003888487815857,0.03539213910698891,0.04981442168354988,False,True,True
abl_no_ppm,Without pyramid pooling,figshare/0093.png,fs_107248,1,True,0.009711371527777778,0.4790554940700531,0.07132374495267868,0.04233502969145775,True,True,True
abl_no_ppm,Without pyramid pooling,figshare/0094.png,fs_107248,1,True,0.01177978515625,0.6273633241653442,0.11257721483707428,0.04100362956523895,True,True,True
abl_no_ppm,Without pyramid pooling,figshare/0095.png,fs_107248,1,True,0.004597981770833333,0.23871485888957977,0.04771168902516365,0.022988738492131233,False,True,True
abl_no_ppm,Without pyramid pooling,figshare/0096.png,fs_107248,1,True,0.006700303819444444,0.4579715132713318,0.07375074177980423,0.03047804906964302,True,True,True
abl_no_ppm,Without pyramid pooling,figshare/0097.png,fs_107248,1,True,0.00921630859375,0.6112779974937439,0.0997917503118515,0.049245402216911316,True,True,True
abl_no_ppm,Without pyramid pooling,figshare/0098.png,fs_107248,1,True,0.00750732421875,0.519748866558075,0.08416616171598434,0.04576307162642479,True,True,True
abl_no_ppm,Without pyramid pooling,figshare/0119.png,fs_109411,1,True,0.0018717447916666667,0.24714083969593048,0.017024578526616096,0.03153379261493683,True,True,True
abl_no_ppm,Without pyramid pooling,figshare/0120.png,fs_109968,1,True,0.019124348958333332,0.7776508331298828,0.13044260442256927,0.07529189437627792,True,True,True
abl_no_ppm,Without pyramid pooling,figshare/0121.png,fs_109968,1,True,0.020731608072916668,0.8202234506607056,0.150660440325737,0.19606588780879974,True,True,True
abl_no_ppm,Without pyramid pooling,figshare/0122.png,fs_109968,1,True,0.019239637586805556,0.7496999502182007,0.14700308442115784,0.037869859486818314,True,True,True
abl_no_ppm,Without pyramid pooling,figshare/0123.png,fs_109968,1,True,0.012363009982638888,0.6590587496757507,0.1077689677476883,0.2075803428888321,True,True,True
abl_no_ppm,Without pyramid pooling,figshare/0132.png,fs_111532,1,True,0.017340766059027776,0.776674747467041,0.10517039895057678,0.2516590654850006,True,True,True
abl_no_ppm,Without pyramid pooling,figshare/0133.png,fs_111532,1,True,0.021755642361111112,0.8706356287002563,0.13096223771572113,0.4371602535247803,True,True,True
abl_no_ppm,Without pyramid pooling,figshare/0134.png,fs_111532,1,True,0.022928873697916668,0.8644389510154724,0.12917429208755493,0.3113616108894348,True,True,True
abl_no_ppm,Without pyramid pooling,figshare/0154.png,fs_113435,1,True,0.03425428602430555,0.7894731163978577,0.23650382459163666,0.05281345918774605,True,True,True
abl_no_ppm,Without pyramid pooling,figshare/0155.png,fs_113435,1,True,0.0469970703125,0.8731134533882141,0.28365084528923035,0.06527803838253021,True,True,True
abl_no_ppm,Without pyramid pooling,figshare/0156.png,fs_113435,1,True,0.04841444227430555,0.8813937306404114,0.28475287556648254,0.017220329493284225,True,True,False
abl_no_ppm,Without pyramid pooling,figshare/0157.png,fs_113435,1,True,0.045586480034722224,0.8642117381095886,0.26602309942245483,0.02785838022828102,True,True,False
abl_no_ppm,Without pyramid pooling,figshare/0158.png,fs_113435,1,True,0.037285698784722224,0.8607209324836731,0.21298541128635406,0.07253466546535492,True,True,True
abl_no_ppm,Without pyramid pooling,figshare/0159.png,fs_113435,1,True,0.024427625868055556,0.7573054432868958,0.14680270850658417,0.10307516157627106,True,True,True
abl_no_ppm,Without pyramid pooling,figshare/0160.png,fs_113554,1,True,0.009663899739583334,0.6517230868339539,0.08099280297756195,0.26791396737098694,True,True,True
abl_no_ppm,Without pyramid pooling,figshare/0161.png,fs_113554,1,True,0.012281629774305556,0.7480854988098145,0.09585246443748474,0.29112276434898376,True,True,True
abl_no_ppm,Without pyramid pooling,figshare/0162.png,fs_113554,1,True,0.01031494140625,0.7372993230819702,0.07699013501405716,0.23428408801555634,True,True,True
abl_no_ppm,Without pyramid pooling,figshare/0204.png,fs_99308,1,True,0.024325900607638888,0.7586238384246826,0.17910952866077423,0.14564448595046997,True,True,True
abl_no_ppm,Without pyramid pooling,figshare/0205.png,fs_99308,1,True,0.03409152560763889,0.8597219586372375,0.2112368792295456,0.048591744154691696,True,True,True
abl_no_ppm,Without pyramid pooling,figshare/0206.png,fs_99308,1,True,0.03354220920138889,0.8160470128059387,0.1589432656764984,0.0037703625857830048,True,True,False
abl_no_ppm,Without pyramid pooling,figshare/0207.png,fs_99308,1,True,0.031426323784722224,0.8664084076881409,0.17299893498420715,0.0991419181227684,True,True,True
abl_no_ppm,Without pyramid pooling,figshare/0208.png,fs_99308,1,True,0.023444281684027776,0.8235560655593872,0.1324266642332077,0.2744048833847046,True,True,True
abl_no_ppm,Without pyramid pooling,figshare/0211.png,fs_100360,1,True,0.017788357204861112,0.6302416324615479,0.09858586639165878,0.25053417682647705,True,True,True
abl_no_ppm,Without pyramid pooling,figshare/0212.png,fs_100360,1,True,0.029127332899305556,0.8213598728179932,0.1659001260995865,0.18419036269187927,True,True,True
abl_no_ppm,Without pyramid pooling,figshare/0213.png,fs_100360,1,True,0.03314208984375,0.8350912928581238,0.17232543230056763,0.21289272606372833,True,True,True
abl_no_ppm,Without pyramid pooling,figshare/0214.png,fs_100360,1,True,0.03602430555555555,0.8731968402862549,0.2585334777832031,0.18880176544189453,True,True,True
abl_no_ppm,Without pyramid pooling,figshare/0215.png,fs_100360,1,True,0.031636555989583336,0.8276742696762085,0.22487512230873108,0.2790434658527374,True,True,True
abl_no_ppm,Without pyramid pooling,figshare/0216.png,fs_100360,1,True,0.017157660590277776,0.6517750024795532,0.15043358504772186,0.08383867889642715,True,True,True
abl_no_ppm,Without pyramid pooling,figshare/0217.png,fs_100360,1,True,0.011942545572916666,0.5727681517601013,0.11557455360889435,0.11534428596496582,True,True,True
abl_no_ppm,Without pyramid pooling,figshare/0239.png,fs_102446,1,True,0.0033162434895833335,0.29125067591667175,0.03042840212583542,0.014456729404628277,True,True,True
abl_no_ppm,Without pyramid pooling,figshare/0275.png,fs_104281,1,True,0.011386447482638888,0.6324297189712524,0.1153712272644043,0.18642348051071167,True,True,True
abl_no_ppm,Without pyramid pooling,figshare/0276.png,fs_104281,1,True,0.021430121527777776,0.8101789951324463,0.1793273389339447,0.13168439269065857,True,True,True
abl_no_ppm,Without pyramid pooling,figshare/0277.png,fs_104281,1,True,0.023851182725694444,0.8113354444503784,0.2151176631450653,0.32261738181114197,True,True,True
abl_no_ppm,Without pyramid pooling,figshare/0278.png,fs_104281,1,True,0.022481282552083332,0.7818230390548706,0.2021474838256836,0.29782870411872864,True,True,True
abl_no_ppm,Without pyramid pooling,figshare/0279.png,fs_104281,1,True,0.016438802083333332,0.737473726272583,0.15423642098903656,0.3614894151687622,True,True,True
abl_no_ppm,Without pyramid pooling,figshare/0280.png,fs_104281,1,True,0.011705186631944444,0.6117923259735107,0.10620058327913284,0.42526566982269287,True,True,True
abl_no_ppm,Without pyramid pooling,figshare/0281.png,fs_105374,1,True,0.005703396267361111,0.5325297117233276,0.06527163833379745,0.06652344763278961,True,True,True
abl_no_ppm,Without pyramid pooling,figshare/0282.png,fs_105374,1,True,0.00531005859375,0.5151717066764832,0.06136659160256386,0.10127419978380203,True,True,True
abl_no_ppm,Without pyramid pooling,figshare/0316.png,fs_107248,1,True,0.014017740885416666,0.680928647518158,0.12055715173482895,0.004030998796224594,True,True,False
abl_no_ppm,Without pyramid pooling,figshare/0317.png,fs_107248,1,True,0.014716254340277778,0.7498906850814819,0.1563366800546646,0.09353989362716675,True,True,True
abl_no_ppm,Without pyramid pooling,figshare/0318.png,fs_107248,1,True,0.009738498263888888,0.5850052833557129,0.11489695310592651,0.23025557398796082,True,True,True
abl_no_ppm,Without pyramid pooling,figshare/0319.png,fs_107248,1,True,0.009121365017361112,0.5587207078933716,0.10305554419755936,0.26801079511642456,True,True,True
abl_no_ppm,Without pyramid pooling,figshare/0340.png,fs_109411,1,True,0.0011121961805555555,0.13544045388698578,0.01329133566468954,2.3759454052196816e-05,True,True,False
abl_no_ppm,Without pyramid pooling,figshare/0341.png,fs_109968,1,True,0.015801323784722224,0.7381338477134705,0.13740982115268707,0.04485729709267616,True,True,True
abl_no_ppm,Without pyramid pooling,figshare/0342.png,fs_109968,1,True,0.019314236111111112,0.7755493521690369,0.1804356575012207,0.07374004274606705,True,True,True
abl_no_ppm,Without pyramid pooling,figshare/0343.png,fs_109968,1,True,0.021775987413194444,0.7610586881637573,0.18552741408348083,0.34617167711257935,True,True,True
abl_no_ppm,Without pyramid pooling,figshare/0344.png,fs_109968,1,True,0.019266764322916668,0.7531781792640686,0.1561141312122345,0.3454219698905945,True,True,True
abl_no_ppm,Without pyramid pooling,figshare/0357.png,fs_111532,1,True,0.006612141927083333,0.4097459614276886,0.06120407208800316,0.19930864870548248,True,True,True
abl_no_ppm,Without pyramid pooling,figshare/0358.png,fs_111532,1,True,0.011508517795138888,0.6234205365180969,0.10695398598909378,0.27402135729789734,True,True,True
abl_no_ppm,Without pyramid pooling,figshare/0359.png,fs_111532,1,True,0.015496148003472222,0.7032344341278076,0.14046061038970947,0.3719959557056427,True,True,True
abl_no_ppm,Without pyramid pooling,figshare/0360.png,fs_111532,1,True,0.016886393229166668,0.7389928102493286,0.15563181042671204,0.5038367509841919,True,True,True
abl_no_ppm,Without pyramid pooling,figshare/0361.png,fs_111532,1,True,0.014411078559027778,0.7196768522262573,0.13616761565208435,0.42382189631462097,True,True,True
abl_no_ppm,Without pyramid pooling,figshare/0382.png,fs_113435,1,True,0.014227973090277778,0.6016923189163208,0.14246369898319244,0.6327403783798218,True,True,True
abl_no_ppm,Without pyramid pooling,figshare/0383.png,fs_113435,1,True,0.02447509765625,0.8228906393051147,0.23218460381031036,0.6707209944725037,True,True,True
abl_no_ppm,Without pyramid pooling,figshare/0384.png,fs_113435,1,True,0.030239529079861112,0.811722993850708,0.2673063278198242,0.4439091980457306,True,True,True
abl_no_ppm,Without pyramid pooling,figshare/0385.png,fs_113435,1,True,0.03578016493055555,0.8222461938858032,0.29448607563972473,0.3983689546585083,True,True,True
abl_no_ppm,Without pyramid pooling,figshare/0386.png,fs_113435,1,True,0.03671603732638889,0.8473787903785706,0.2975601255893707,0.4301149547100067,True,True,True
abl_no_ppm,Without pyramid pooling,figshare/0387.png,fs_113435,1,True,0.035407172309027776,0.8089600801467896,0.27592799067497253,0.4806075692176819,True,True,True
abl_no_ppm,Without pyramid pooling,figshare/0388.png,fs_113435,1,True,0.032294379340277776,0.8177747130393982,0.24920052289962769,0.48146411776542664,True,True,True
abl_no_ppm,Without pyramid pooling,figshare/0389.png,fs_113435,1,True,0.02716064453125,0.7486960887908936,0.20552703738212585,0.17693939805030823,True,True,True
abl_no_ppm,Without pyramid pooling,figshare/0390.png,fs_113554,1,True,0.004957411024305556,0.44917726516723633,0.05306814983487129,0.14919018745422363,True,True,True
abl_no_ppm,Without pyramid pooling,figshare/0391.png,fs_113554,1,True,0.01031494140625,0.7170571088790894,0.1034604161977768,0.2956748902797699,True,True,True
abl_no_ppm,Without pyramid pooling,figshare/0392.png,fs_113554,1,True,0.005445692274305556,0.4618827998638153,0.05774806812405586,0.19222533702850342,True,True,True
abl_no_ppm,Without pyramid pooling,figshare/0438.png,fs_99308,1,True,0.027628580729166668,0.8351941704750061,0.25047507882118225,0.40285512804985046,True,True,True
abl_no_ppm,Without pyramid pooling,figshare/0439.png,fs_99308,1,True,0.03233506944444445,0.818243145942688,0.2535928785800934,0.42274096608161926,True,True,True
abl_no_ppm,Without pyramid pooling,figshare/0440.png,fs_99308,1,True,0.0345458984375,0.8448636531829834,0.2706816792488098,0.3177953362464905,True,True,True
abl_no_ppm,Without pyramid pooling,figshare/0441.png,fs_99308,1,True,0.02667236328125,0.7934899926185608,0.22561191022396088,0.4244095981121063,True,True,True
abl_no_ppm,Without pyramid pooling,figshare/0442.png,fs_100360,1,True,0.022006564670138888,0.7171205878257751,0.12844812870025635,0.06933703273534775,True,True,True
abl_no_ppm,Without pyramid pooling,figshare/0443.png,fs_100360,1,True,0.03608534071180555,0.8117454051971436,0.1958707571029663,0.0023837166372686625,True,True,False
abl_no_ppm,Without pyramid pooling,figshare/0444.png,fs_100360,1,True,0.03347439236111111,0.7894916534423828,0.21133480966091156,0.015949560329318047,True,True,False
abl_no_ppm,Without pyramid pooling,figshare/0445.png,fs_100360,1,True,0.03360324435763889,0.782886266708374,0.2281607985496521,0.003070974722504616,True,True,False
abl_no_ppm,Without pyramid pooling,figshare/0446.png,fs_100360,1,True,0.021023220486111112,0.6858959197998047,0.1968643069267273,0.08793660998344421,True,True,True
abl_no_ppm,Without pyramid pooling,figshare/0447.png,fs_100360,1,True,0.019137912326388888,0.7010084986686707,0.16767379641532898,0.08703883737325668,True,True,True
abl_no_ppm,Without pyramid pooling,figshare/0450.png,fs_100639,1,True,0.006137424045138889,0.35836121439933777,0.07090114057064056,0.01276923343539238,True,True,True
abl_no_ppm,Without pyramid pooling,figshare/0451.png,fs_100639,1,True,0.007548014322916667,0.5414090156555176,0.09119327366352081,0.12028881907463074,True,True,True
abl_no_ppm,Without pyramid pooling,figshare/0452.png,fs_100920,1,True,0.010287814670138888,0.5843495726585388,0.1220422312617302,0.10150395333766937,True,True,True
abl_no_ppm,Without pyramid pooling,figshare/0453.png,fs_100920,1,True,0.014051649305555556,0.6421740055084229,0.16288292407989502,0.14301282167434692,True,True,True
abl_no_ppm,Without pyramid pooling,figshare/0454.png,fs_100920,1,True,0.013041178385416666,0.6255159378051758,0.16140994429588318,0.30464690923690796,True,True,True
abl_no_ppm,Without pyramid pooling,figshare/0476.png,fs_102446,1,True,0.003350151909722222,0.2940639853477478,0.041208162903785706,0.047469478100538254,True,True,True
abl_no_ppm,Without pyramid pooling,figshare/0477.png,fs_102446,1,True,0.0024617513020833335,0.2072111815214157,0.03184977546334267,0.028187884017825127,True,True,True
abl_no_ppm,Without pyramid pooling,figshare/0510.png,fs_104281,1,True,0.021931966145833332,0.8090370297431946,0.16649724543094635,0.3540531098842621,True,True,True
abl_no_ppm,Without pyramid pooling,figshare/0511.png,fs_104281,1,True,0.028469509548611112,0.8449447751045227,0.21707463264465332,0.05566933751106262,True,True,True
abl_no_ppm,Without pyramid pooling,figshare/0512.png,fs_104281,1,True,0.029656304253472224,0.8474423885345459,0.2426491379737854,0.02324919030070305,True,True,False
abl_no_ppm,Without pyramid pooling,figshare/0513.png,fs_104281,1,True,0.022772894965277776,0.7608044147491455,0.18435057997703552,0.36204299330711365,True,True,True
abl_no_ppm,Without pyramid pooling,figshare/0517.png,fs_105374,1,True,0.00457763671875,0.4681897461414337,0.050741046667099,0.10479366034269333,True,True,True
abl_no_ppm,Without pyramid pooling,figshare/0551.png,fs_107248,1,True,0.011338975694444444,0.6145534515380859,0.14989881217479706,0.046526700258255005,True,True,True
abl_no_ppm,Without pyramid pooling,figshare/0552.png,fs_107248,1,True,0.014655219184027778,0.6665843725204468,0.17163492739200592,0.13484729826450348,True,True,True
abl_no_ppm,Without pyramid pooling,figshare/0553.png,fs_107248,1,True,0.015292697482638888,0.6654797792434692,0.1835801899433136,0.12203031033277512,True,True,True
abl_no_ppm,Without pyramid pooling,figshare/0554.png,fs_107248,1,True,0.008551703559027778,0.5738246440887451,0.12001466751098633,0.12635675072669983,True,True,True
abl_no_ppm,Without pyramid pooling,figshare/0555.png,fs_107248,1,True,0.007914225260416666,0.5180845856666565,0.10619346797466278,0.09539079666137695,True,True,True
abl_no_ppm,Without pyramid pooling,figshare/0560.png,fs_107946,1,True,0.027635362413194444,0.5912367701530457,0.10051513463258743,0.2024906426668167,True,True,True
abl_no_ppm,Without pyramid pooling,figshare/0561.png,fs_107946,1,True,0.03995090060763889,0.7809703350067139,0.1868986040353775,0.05993596836924553,True,True,True
abl_no_ppm,Without pyramid pooling,figshare/0562.png,fs_107946,1,False,0.030266655815972224,0.7431923747062683,0.20190612971782684,0.08568640798330307,True,True,True
abl_no_ppm,Without pyramid pooling,figshare/0563.png,fs_107946,1,True,0.021253797743055556,0.6963974237442017,0.1633652150630951,0.2727489769458771,True,True,True
abl_no_ppm,Without pyramid pooling,figshare/0579.png,fs_109411,1,True,0.001858181423611111,0.2195027768611908,0.018436411395668983,0.030110051855444908,True,True,True
abl_no_ppm,Without pyramid pooling,figshare/0580.png,fs_109968,1,True,0.0128173828125,0.6960713267326355,0.1409788578748703,0.0076173897832632065,True,True,False
abl_no_ppm,Without pyramid pooling,figshare/0581.png,fs_109968,1,True,0.019239637586805556,0.7062104344367981,0.17243143916130066,0.0025589377619326115,True,True,False
abl_no_ppm,Without pyramid pooling,figshare/0582.png,fs_109968,1,True,0.021511501736111112,0.686902642250061,0.15683399140834808,0.08164609968662262,True,True,True
abl_no_ppm,Without pyramid pooling,figshare/0583.png,fs_109968,1,True,0.017781575520833332,0.7298175096511841,0.1843988448381424,0.227678120136261,True,True,True
abl_no_ppm,Without pyramid pooling,figshare/0593.png,fs_111532,1,True,0.015733506944444444,0.7187377214431763,0.16553382575511932,0.3585001230239868,True,True,True
abl_no_ppm,Without pyramid pooling,figshare/0594.png,fs_111532,1,True,0.019768608940972224,0.7397261261940002,0.20308519899845123,0.43105775117874146,True,True,True
abl_no_ppm,Without pyramid pooling,figshare/0595.png,fs_111532,1,True,0.018961588541666668,0.7381298542022705,0.20065665245056152,0.3019593358039856,True,True,True
abl_no_ppm,Without pyramid pooling,figshare/0597.png,fs_111710,1,True,0.0032958984375,0.3222300708293915,0.03935765475034714,0.045566901564598083,True,True,True
abl_no_ppm,Without pyramid pooling,figshare/0598.png,fs_111710,1,True,0.002495659722222222,0.24748344719409943,0.030621135607361794,0.017982296645641327,True,True,False
abl_no_ppm,Without pyramid pooling,figshare/0625.png,fs_113435,1,True,0.030856662326388888,0.7992720007896423,0.23085029423236847,0.5300644040107727,True,True,True
abl_no_ppm,Without pyramid pooling,figshare/0626.png,fs_113435,1,True,0.04853651258680555,0.844720721244812,0.35886675119400024,0.0448787584900856,True,True,True
abl_no_ppm,Without pyramid pooling,figshare/0627.png,fs_113435,1,True,0.057305230034722224,0.885413646697998,0.40555205941200256,0.1913236826658249,True,True,True
abl_no_ppm,Without pyramid pooling,figshare/0628.png,fs_113435,1,True,0.05818006727430555,0.8299516439437866,0.3912154734134674,0.012779075652360916,True,True,False
abl_no_ppm,Without pyramid pooling,figshare/0629.png,fs_113435,1,True,0.049309624565972224,0.8194290995597839,0.34123530983924866,0.15714620053768158,True,True,True
abl_no_ppm,Without pyramid pooling,figshare/0630.png,fs_113435,1,True,0.022596571180555556,0.6499457359313965,0.20411665737628937,0.4055171608924866,True,True,True
abl_no_ppm,Without pyramid pooling,figshare/0631.png,fs_113554,1,True,0.006985134548611111,0.4941522479057312,0.08669769018888474,0.20271800458431244,True,True,True
abl_no_ppm,Without pyramid pooling,figshare/0632.png,fs_113554,1,True,0.010111490885416666,0.6357972621917725,0.12456362694501877,0.12332767248153687,True,True,True
abl_no_ppm,Without pyramid pooling,figshare/0633.png,fs_113554,1,True,0.008707682291666666,0.587813675403595,0.10654158890247345,0.1336122304201126,True,True,True
abl_no_ppm,Without pyramid pooling,figshare/0634.png,fs_113554,1,True,0.00543212890625,0.41437411308288574,0.07142166048288345,0.07416946440935135,True,True,True
abl_no_ppm,Without pyramid pooling,figshare/0659.png,fs_97374,1,True,0.027398003472222224,0.5560989379882812,0.18610693514347076,0.2757444977760315,True,True,True
abl_no_ppm,Without pyramid pooling,figshare/0660.png,fs_97374,1,True,0.037434895833333336,0.7850382924079895,0.30611974000930786,0.38919103145599365,True,True,True
abl_no_ppm,Without pyramid pooling,figshare/0661.png,fs_97374,1,True,0.03757052951388889,0.8389576077461243,0.31167861819267273,0.3482407331466675,True,True,True
abl_no_ppm,Without pyramid pooling,figshare/0662.png,fs_97374,1,True,0.029574924045138888,0.7776467800140381,0.2544179856777191,0.3437061309814453,True,True,True
abl_no_ppm,Without pyramid pooling,figshare/0663.png,fs_97374,1,True,0.022542317708333332,0.813011109828949,0.21308106184005737,0.4166722297668457,True,True,True
abl_no_ppm,Without pyramid pooling,figshare/0697.png,fs_99308,1,True,0.026265462239583332,0.7967264652252197,0.2705216109752655,0.14599810540676117,True,True,True
abl_no_ppm,Without pyramid pooling,figshare/0698.png,fs_99308,1,True,0.03407118055555555,0.8485780954360962,0.3098828196525574,0.33841943740844727,True,True,True
abl_no_ppm,Without pyramid pooling,figshare/0699.png,fs_99308,1,True,0.03282335069444445,0.8415606021881104,0.29061344265937805,0.13283930718898773,True,True,True
abl_no_ppm,Without pyramid pooling,figshare/0700.png,fs_99308,1,True,0.022515190972222224,0.7738073468208313,0.2237745225429535,0.43823474645614624,True,True,True
abl_no_ppm,Without pyramid pooling,figshare/0701.png,fs_99308,1,True,0.018588595920138888,0.7621394991874695,0.16913090646266937,0.24291802942752838,True,True,True
abl_no_ppm,Without pyramid pooling,figshare/0702.png,fs_99308,1,True,0.012525770399305556,0.595169723033905,0.10037369281053543,0.27236390113830566,True,True,True
abl_no_ppm,Without pyramid pooling,figshare/0712.png,fs_106062,2,True,0.010267469618055556,0.5471127033233643,0.15420082211494446,0.1700439155101776,True,True,True
abl_no_ppm,Without pyramid pooling,figshare/0713.png,fs_106062,2,True,0.011298285590277778,0.6035642623901367,0.163153737783432,0.7023792862892151,True,True,True
abl_no_ppm,Without pyramid pooling,figshare/0714.png,fs_106062,2,True,0.010362413194444444,0.6507450342178345,0.14954760670661926,0.6437952518463135,True,True,True
abl_no_ppm,Without pyramid pooling,figshare/0792.png,fs_88670,0,True,0.02685546875,0.5633211731910706,0.18894736468791962,0.5109894275665283,False,True,True
abl_no_ppm,Without pyramid pooling,figshare/0793.png,fs_88670,0,True,0.0675930447048611,0.8561537265777588,0.3283470571041107,0.7325498461723328,True,True,True
abl_no_ppm,Without pyramid pooling,figshare/0794.png,fs_88670,0,True,0.050421820746527776,0.683826744556427,0.3204965591430664,0.6589662432670593,False,True,True
abl_no_ppm,Without pyramid pooling,figshare/0795.png,fs_88670,0,True,0.05795627170138889,0.743177592754364,0.3540191650390625,0.7475016117095947,True,True,True
abl_no_ppm,Without pyramid pooling,figshare/0796.png,fs_88670,0,True,0.05876329210069445,0.8382600545883179,0.3596284091472626,0.8310644030570984,True,True,True
abl_no_ppm,Without pyramid pooling,figshare/0797.png,fs_88670,0,True,0.04355197482638889,0.7316883206367493,0.27464988827705383,0.7035156488418579,True,True,True
abl_no_ppm,Without pyramid pooling,figshare/0798.png,fs_88670,0,True,0.017123752170138888,0.4770008623600006,0.1236695870757103,0.4379052519798279,False,True,True
abl_no_ppm,Without pyramid pooling,figshare/0857.png,fs_108479,0,True,0.019538031684027776,0.050349485129117966,0.05305728316307068,0.043017901480197906,False,False,False
abl_no_ppm,Without pyramid pooling,figshare/0858.png,fs_108479,0,True,0.024332682291666668,0.26801082491874695,0.16187363862991333,0.20326639711856842,False,False,False
abl_no_ppm,Without pyramid pooling,figshare/0865.png,fs_88670,0,True,0.025275336371527776,0.681775689125061,0.16121192276477814,0.39932727813720703,True,True,True
abl_no_ppm,Without pyramid pooling,figshare/0866.png,fs_88670,0,True,0.05007595486111111,0.825920581817627,0.31427139043807983,0.6771243810653687,True,True,True
abl_no_ppm,Without pyramid pooling,figshare/0867.png,fs_88670,0,True,0.05314805772569445,0.7314797043800354,0.35890141129493713,0.6571032404899597,True,True,True
abl_no_ppm,Without pyramid pooling,figshare/0868.png,fs_88670,0,True,0.06824408637152778,0.8451253771781921,0.3839884102344513,0.7571605443954468,True,True,True
abl_no_ppm,Without pyramid pooling,figshare/0869.png,fs_88670,0,True,0.0754055447048611,0.8448300957679749,0.42509377002716064,0.8371918797492981,True,True,True
abl_no_ppm,Without pyramid pooling,figshare/0912.png,fs_98889,0,True,0.004686143663194444,0.02790609560906887,0.004797599744051695,0.06379713863134384,False,False,False
abl_no_ppm,Without pyramid pooling,figshare/0913.png,fs_98889,0,True,0.01812744140625,0.4459321200847626,0.05634637176990509,0.24179603159427643,True,True,True
abl_no_ppm,Without pyramid pooling,figshare/0914.png,fs_98889,0,True,0.01739501953125,0.43589380383491516,0.12596391141414642,0.2765495181083679,True,True,True
abl_no_ppm,Without pyramid pooling,figshare/0915.png,fs_98889,0,True,0.032185872395833336,0.6821564435958862,0.2267913967370987,0.5396548509597778,True,True,True
abl_no_ppm,Without pyramid pooling,figshare/0916.png,fs_98889,0,True,0.03286404079861111,0.5850124359130859,0.2623198926448822,0.5281373262405396,True,True,True
abl_no_ppm,Without pyramid pooling,figshare/0917.png,fs_98889,0,True,0.037272135416666664,0.6656533479690552,0.2739836275577545,0.4678063988685608,True,True,True
abl_no_ppm,Without pyramid pooling,figshare/0922.png,fs_106062,2,True,0.013054741753472222,0.6478525400161743,0.15285688638687134,0.2236822098493576,True,True,True
abl_no_ppm,Without pyramid pooling,figshare/0923.png,fs_106062,2,True,0.014207628038194444,0.5946258902549744,0.1269197165966034,0.14345403015613556,True,True,True
abl_no_ppm,Without pyramid pooling,figshare/0924.png,fs_106062,2,True,0.013739691840277778,0.5837300419807434,0.12320549041032791,0.57398921251297,True,True,True
abl_no_ppm,Without pyramid pooling,figshare/0925.png,fs_106062,2,True,0.009847005208333334,0.5709571242332458,0.1293487399816513,0.6704455614089966,True,True,True
abl_no_ppm,Without pyramid pooling,figshare/0958.png,fs_109471,2,True,0.006890190972222222,0.49483153223991394,0.0774669423699379,0.005086439661681652,True,True,True
abl_no_ppm,Without pyramid pooling,figshare/0959.png,fs_109471,2,True,0.006449381510416667,0.4567966163158417,0.07154245674610138,0.0,True,True,False
abl_no_ppm,Without pyramid pooling,figshare/0960.png,fs_109471,2,True,0.007907443576388888,0.5622045397758484,0.09785206615924835,0.23289906978607178,True,True,True
abl_no_ppm,Without pyramid pooling,figshare/0961.png,fs_109471,2,True,0.007982042100694444,0.28624996542930603,0.08739946037530899,0.0357668362557888,False,True,False
abl_no_ppm,Without pyramid pooling,figshare/0962.png,fs_109769,2,True,0.005594889322916667,0.40566009283065796,0.09260190278291702,0.006866867188364267,True,True,False
abl_no_ppm,Without pyramid pooling,figshare/0963.png,fs_109769,2,True,0.005866156684027778,0.34961506724357605,0.0975877121090889,0.08172451704740524,False,True,True
abl_no_ppm,Without pyramid pooling,figshare/0964.png,fs_109769,2,True,0.00677490234375,0.45093977451324463,0.10445521771907806,0.008737318217754364,True,True,False
abl_no_ppm,Without pyramid pooling,figshare/0965.png,fs_109769,2,True,0.002414279513888889,0.22019632160663605,0.04075765609741211,0.10035214573144913,True,True,True
abl_no_ppm,Without pyramid pooling,figshare/0966.png,fs_109898,2,True,0.007093641493055556,0.4636422395706177,0.09392255544662476,0.0,True,True,False
abl_no_ppm,Without pyramid pooling,figshare/0967.png,fs_109898,2,True,0.007514105902777778,0.49515238404273987,0.08840015530586243,0.03400745615363121,True,True,True
abl_no_ppm,Without pyramid pooling,figshare/0968.png,fs_109898,2,True,0.012200249565972222,0.5999065637588501,0.12541218101978302,0.06116776540875435,True,True,True
abl_no_ppm,Without pyramid pooling,figshare/0969.png,fs_109898,2,True,0.0098876953125,0.33936214447021484,0.061196453869342804,0.11651720106601715,True,False,True
abl_no_ppm,Without pyramid pooling,figshare/0970.png,fs_109898,2,True,0.005289713541666667,0.3458004593849182,0.05494053289294243,0.00013374369882512838,True,False,False
abl_no_ppm,Without pyramid pooling,figshare/0971.png,fs_109898,2,True,0.0032212999131944445,0.34184518456459045,0.04762445390224457,0.08581309020519257,True,True,True
abl_no_ppm,Without pyramid pooling,figshare/0976.png,fs_110993,2,True,0.008124457465277778,0.5308287143707275,0.0746099129319191,0.11522837728261948,True,True,True
abl_no_ppm,Without pyramid pooling,figshare/0977.png,fs_110993,2,True,0.005533854166666667,0.1760503053665161,0.019257064908742905,0.0,True,True,False
abl_no_ppm,Without pyramid pooling,figshare/0978.png,fs_110993,2,True,0.005018446180555556,0.41244107484817505,0.06770472228527069,0.10305699706077576,True,True,True
abl_no_ppm,Without pyramid pooling,figshare/0979.png,fs_110993,2,True,0.008673773871527778,0.5571702122688293,0.1112903505563736,0.004793871194124222,True,True,False
abl_no_ppm,Without pyramid pooling,figshare/0994.png,fs_112074,2,False,0.009894476996527778,0.7316489219665527,0.08879556506872177,0.04385340213775635,True,True,True
abl_no_ppm,Without pyramid pooling,figshare/0995.png,fs_112074,2,False,0.013014051649305556,0.775108814239502,0.11688254773616791,0.08559948205947876,True,True,True
abl_no_ppm,Without pyramid pooling,figshare/0996.png,fs_112074,2,False,0.010002983940972222,0.7197962403297424,0.09499498456716537,0.03061060607433319,True,True,True
abl_no_ppm,Without pyramid pooling,figshare/0997.png,fs_112074,2,False,0.006137424045138889,0.5532662272453308,0.06132352724671364,0.05180507153272629,True,True,True
abl_no_ppm,Without pyramid pooling,figshare/1035.png,fs_106062,2,True,0.013814290364583334,0.5971971154212952,0.16649778187274933,0.1352567970752716,True,True,True
abl_no_ppm,Without pyramid pooling,figshare/1036.png,fs_106062,2,True,0.020128038194444444,0.7538637518882751,0.21744874119758606,0.0006414137315005064,True,True,False
abl_no_ppm,Without pyramid pooling,figshare/1037.png,fs_106062,2,True,0.021884494357638888,0.6929376125335693,0.21886256337165833,0.0033055804669857025,True,True,True
abl_no_ppm,Without pyramid pooling,figshare/1038.png,fs_106062,2,True,0.020589192708333332,0.7321100831031799,0.2248527705669403,0.0036524736788123846,True,True,True
abl_no_ppm,Without pyramid pooling,figshare/1039.png,fs_106062,2,True,0.017720540364583332,0.6438270807266235,0.18583159148693085,0.33254551887512207,True,True,True
abl_no_ppm,Without pyramid pooling,figshare/1040.png,fs_106062,2,True,0.015923394097222224,0.5080798268318176,0.13488200306892395,0.0980483740568161,True,True,True
abl_no_ppm,Without pyramid pooling,figshare/1041.png,fs_106062,2,True,0.006605360243055556,0.48534831404685974,0.11032936722040176,0.548930287361145,True,True,True
abl_no_ppm,Without pyramid pooling,figshare/1077.png,fs_109471,2,True,0.005147298177083333,0.4090890884399414,0.07650861889123917,0.4543325901031494,True,True,True
abl_no_ppm,Without pyramid pooling,figshare/1078.png,fs_109471,2,True,0.015157063802083334,0.5962106585502625,0.17049364745616913,0.0,True,True,False
abl_no_ppm,Without pyramid pooling,figshare/1079.png,fs_109471,2,True,0.016079372829861112,0.6071488261222839,0.20110906660556793,0.0,True,True,False
abl_no_ppm,Without pyramid pooling,figshare/1080.png,fs_109471,2,True,0.0181884765625,0.6335630416870117,0.22426283359527588,2.3492997570428997e-05,True,True,False
abl_no_ppm,Without pyramid pooling,figshare/1081.png,fs_109471,2,True,0.01849365234375,0.6621048450469971,0.2027728259563446,0.008195457048714161,True,True,False
abl_no_ppm,Without pyramid pooling,figshare/1082.png,fs_109471,2,True,0.0038655598958333335,0.17889584600925446,0.05224964767694473,0.0,False,False,False
abl_no_ppm,Without pyramid pooling,figshare/1083.png,fs_109769,2,True,0.007636176215277778,0.5064436197280884,0.13946852087974548,0.6618163585662842,True,True,True
abl_no_ppm,Without pyramid pooling,figshare/1084.png,fs_109769,2,True,0.005133734809027778,0.36204010248184204,0.09755158424377441,0.0,True,True,False
abl_no_ppm,Without pyramid pooling,figshare/1085.png,fs_109769,2,True,0.00714111328125,0.3204028308391571,0.09998726099729538,0.0,False,True,False
abl_no_ppm,Without pyramid pooling,figshare/1086.png,fs_109769,2,True,0.0037434895833333335,0.10088609904050827,0.03816869854927063,0.0005421784589998424,False,False,False
abl_no_ppm,Without pyramid pooling,figshare/1087.png,fs_109769,2,True,0.0174560546875,0.3061298727989197,0.05407172814011574,0.0767975002527237,True,False,True
abl_no_ppm,Without pyramid pooling,figshare/1088.png,fs_109898,2,True,0.014682345920138888,0.5582308769226074,0.15313616394996643,2.2354404791258276e-05,True,True,False
abl_no_ppm,Without pyramid pooling,figshare/1089.png,fs_109898,2,True,0.015814887152777776,0.6513678431510925,0.16418226063251495,0.01021359022706747,True,True,True
abl_no_ppm,Without pyramid pooling,figshare/1090.png,fs_109898,2,True,0.016642252604166668,0.7116616368293762,0.20499324798583984,0.07447821646928787,True,True,True
abl_no_ppm,Without pyramid pooling,figshare/1091.png,fs_109898,2,True,0.016628689236111112,0.7216178774833679,0.17367781698703766,0.05134640261530876,True,True,True
abl_no_ppm,Without pyramid pooling,figshare/1092.png,fs_109898,2,True,0.010782877604166666,0.6392328143119812,0.14775912463665009,0.07569270581007004,True,True,True
abl_no_ppm,Without pyramid pooling,figshare/1093.png,fs_109898,2,True,0.007819281684027778,0.50834721326828,0.10838637501001358,0.06659772247076035,True,True,True
abl_no_ppm,Without pyramid pooling,figshare/1107.png,fs_110993,2,True,0.006429036458333333,0.46962976455688477,0.11244089901447296,0.6329236626625061,True,True,True
abl_no_ppm,Without pyramid pooling,figshare/1108.png,fs_110993,2,True,0.005947536892361111,0.40981924533843994,0.0979086309671402,0.40065550804138184,True,True,True
abl_no_ppm,Without pyramid pooling,figshare/1109.png,fs_110993,2,True,0.006585015190972222,0.393067330121994,0.11358726024627686,0.0,True,True,False
abl_no_ppm,Without pyramid pooling,figshare/1110.png,fs_110993,2,True,0.007676866319444444,0.5091439485549927,0.13498233258724213,0.06368570774793625,True,True,True
abl_no_ppm,Without pyramid pooling,figshare/1111.png,fs_110993,2,True,0.008375379774305556,0.5394650101661682,0.13031308352947235,0.06909902393817902,True,True,True
abl_no_ppm,Without pyramid pooling,figshare/1129.png,fs_112074,2,False,0.008768717447916666,0.6349764466285706,0.07047376781702042,0.1335974931716919,True,True,True
abl_no_ppm,Without pyramid pooling,figshare/1130.png,fs_112074,2,False,0.013543023003472222,0.6972967982292175,0.12066905945539474,0.006471829954534769,True,True,False
abl_no_ppm,Without pyramid pooling,figshare/1131.png,fs_112074,2,True,0.015252007378472222,0.7564847469329834,0.1453864872455597,0.0007651811465620995,True,True,False
abl_no_ppm,Without pyramid pooling,figshare/1132.png,fs_112074,2,False,0.011115180121527778,0.6844975352287292,0.12619848549365997,0.2624721825122833,True,True,True
abl_no_ppm,Without pyramid pooling,figshare/1133.png,fs_112074,2,True,0.009555392795138888,0.6656314134597778,0.10623933374881744,0.008633184246718884,True,True,False
abl_no_ppm,Without pyramid pooling,figshare/1169.png,fs_106062,2,True,0.013929578993055556,0.6626359224319458,0.24610857665538788,0.7597768902778625,True,True,True
abl_no_ppm,Without pyramid pooling,figshare/1170.png,fs_106062,2,True,0.016513400607638888,0.7097321152687073,0.25860223174095154,0.8357154130935669,True,True,True
abl_no_ppm,Without pyramid pooling,figshare/1171.png,fs_106062,2,True,0.019741482204861112,0.7466890811920166,0.27313902974128723,0.6795355081558228,True,True,True
abl_no_ppm,Without pyramid pooling,figshare/1172.png,fs_106062,2,True,0.019585503472222224,0.6752690672874451,0.2548619508743286,0.8342550992965698,True,True,True
abl_no_ppm,Without pyramid pooling,figshare/1173.png,fs_106062,2,True,0.01873779296875,0.7406696677207947,0.2784675359725952,0.7801270484924316,True,True,True
abl_no_ppm,Without pyramid pooling,figshare/1174.png,fs_106062,2,True,0.01654052734375,0.7271620035171509,0.2693451941013336,0.6712430715560913,True,True,True
abl_no_ppm,Without pyramid pooling,figshare/1175.png,fs_106062,2,True,0.008755154079861112,0.5558202862739563,0.14873014390468597,0.7277469635009766,True,True,True
abl_no_ppm,Without pyramid pooling,figshare/1208.png,fs_109471,2,True,0.005093044704861111,0.2699846923351288,0.09119077771902084,0.0,False,True,False
abl_no_ppm,Without pyramid pooling,figshare/1209.png,fs_109471,2,True,0.013637966579861112,0.5900766849517822,0.23322796821594238,0.0013755874242633581,True,True,False
abl_no_ppm,Without pyramid pooling,figshare/1210.png,fs_109471,2,True,0.014112684461805556,0.5509008765220642,0.22017084062099457,0.6111497282981873,True,True,True
abl_no_ppm,Without pyramid pooling,figshare/1211.png,fs_109471,2,True,0.014309353298611112,0.5756029486656189,0.2391289919614792,0.38282647728919983,True,True,True
abl_no_ppm,Without pyramid pooling,figshare/1212.png,fs_109471,2,True,0.013203938802083334,0.6172893047332764,0.22025077044963837,0.0,True,True,False
abl_no_ppm,Without pyramid pooling,figshare/1213.png,fs_109471,2,True,0.011603461371527778,0.6051564812660217,0.18537962436676025,5.3711378313892055e-06,True,True,False
abl_no_ppm,Without pyramid pooling,figshare/1214.png,fs_109769,2,True,0.004530164930555556,0.18692947924137115,0.06045599654316902,0.0,True,True,False
abl_no_ppm,Without pyramid pooling,figshare/1215.png,fs_109769,2,True,0.0035875108506944445,0.16365742683410645,0.07754259556531906,0.0018953944090753794,False,True,False
abl_no_ppm,Without pyramid pooling,figshare/1216.png,fs_109769,2,True,0.005527072482638889,0.23272843658924103,0.1113736554980278,0.5821990370750427,True,True,True
abl_no_ppm,Without pyramid pooling,figshare/1217.png,fs_109769,2,True,0.004726833767361111,0.2708507180213928,0.10122638195753098,0.599900484085083,True,True,True
abl_no_ppm,Without pyramid pooling,figshare/1218.png,fs_109769,2,True,0.002834743923611111,0.14588667452335358,0.03848104923963547,0.003879079595208168,True,True,False
abl_no_ppm,Without pyramid pooling,figshare/1219.png,fs_109898,2,True,0.006964789496527778,0.4640868902206421,0.12209107726812363,0.5965293049812317,True,True,True
abl_no_ppm,Without pyramid pooling,figshare/1220.png,fs_109898,2,True,0.007737901475694444,0.4554520845413208,0.1111070066690445,0.0,True,True,False
abl_no_ppm,Without pyramid pooling,figshare/1221.png,fs_109898,2,True,0.0107421875,0.36806559562683105,0.13232024013996124,0.0,True,True,False
abl_no_ppm,Without pyramid pooling,figshare/1230.png,fs_110993,2,True,0.011264377170138888,0.12784062325954437,0.017938341945409775,0.0,True,False,False
abl_no_ppm,Without pyramid pooling,figshare/1231.png,fs_110993,2,True,0.0034383138020833335,0.25920069217681885,0.0447738952934742,0.13558471202850342,True,True,True
abl_no_ppm,Without pyramid pooling,figshare/1232.png,fs_110993,2,True,0.002936469184027778,0.2787952125072479,0.06149931252002716,0.4078315198421478,True,True,True
abl_no_ppm,Without pyramid pooling,figshare/1246.png,fs_112074,2,False,0.006184895833333333,0.48203045129776,0.08975038677453995,0.026852359995245934,True,True,True
abl_no_ppm,Without pyramid pooling,figshare/1247.png,fs_112074,2,False,0.010423448350694444,0.6726021766662598,0.14615586400032043,0.19758868217468262,True,True,True
abl_no_ppm,Without pyramid pooling,figshare/1248.png,fs_112074,2,False,0.011956108940972222,0.5984184145927429,0.15236780047416687,0.2503475844860077,True,True,True
abl_no_ppm,Without pyramid pooling,figshare/1249.png,fs_112074,2,False,0.010898166232638888,0.6502746939659119,0.15594296157360077,0.2462480664253235,True,True,True
abl_no_ppm,Without pyramid pooling,figshare/1250.png,fs_112074,2,False,0.0079345703125,0.6048657298088074,0.11334554105997086,0.18127568066120148,True,True,True
abl_no_ppm,Without pyramid pooling,figshare/1301.png,fs_103046,2,True,0.0036756727430555555,0.2825257480144501,0.06151016801595688,0.050164539366960526,True,True,True
abl_no_ppm,Without pyramid pooling,figshare/1302.png,fs_103046,2,True,0.0036824544270833335,0.3084927797317505,0.0611736886203289,0.10871660709381104,True,True,True
abl_no_ppm,Without pyramid pooling,figshare/1303.png,fs_103046,2,True,0.004340277777777778,0.39498281478881836,0.07246486097574234,0.15584346652030945,True,True,True
abl_no_ppm,Without pyramid pooling,figshare/1330.png,fs_103731,2,True,0.004191080729166667,0.36856648325920105,0.057608794420957565,0.0016726694302633405,True,True,False
abl_no_ppm,Without pyramid pooling,figshare/1331.png,fs_103731,2,True,0.003729926215277778,0.2961116433143616,0.05162163823843002,0.0,True,True,False
abl_no_ppm,Without pyramid pooling,figshare/1332.png,fs_103731,2,True,0.004482693142361111,0.32331451773643494,0.048195600509643555,0.0003157237952109426,True,True,False
abl_no_ppm,Without pyramid pooling,figshare/1333.png,fs_103731,2,True,0.006252712673611111,0.4551457464694977,0.08719107508659363,0.0,True,True,False
abl_no_ppm,Without pyramid pooling,figshare/1334.png,fs_103731,2,True,0.006585015190972222,0.4675767421722412,0.08762853592634201,0.035747360438108444,True,True,True
abl_no_ppm,Without pyramid pooling,figshare/1335.png,fs_103731,2,True,0.008409288194444444,0.5659149885177612,0.11342573910951614,0.03866400197148323,True,True,True
abl_no_ppm,Without pyramid pooling,figshare/1336.png,fs_103731,2,True,0.008463541666666666,0.5470311641693115,0.1030040830373764,0.09829398989677429,True,True,True
abl_no_ppm,Without pyramid pooling,figshare/1337.png,fs_103731,2,True,0.007086859809027778,0.4212929308414459,0.09453115612268448,0.04355458542704582,True,True,False
abl_no_ppm,Without pyramid pooling,figshare/1338.png,fs_103731,2,True,0.005940755208333333,0.13217754662036896,0.06392937898635864,0.0,False,False,False
abl_no_ppm,Without pyramid pooling,figshare/1339.png,fs_103731,2,True,0.005174424913194444,0.1881924867630005,0.06250523030757904,0.0,True,True,False
abl_no_ppm,Without pyramid pooling,figshare/1374.png,fs_105187,2,True,0.00390625,0.3423978090286255,0.04923880100250244,0.24465055763721466,True,True,True
abl_no_ppm,Without pyramid pooling,figshare/1375.png,fs_105187,2,True,0.004665798611111111,0.41513216495513916,0.06010822579264641,0.18546515703201294,True,True,True
abl_no_ppm,Without pyramid pooling,figshare/1376.png,fs_105187,2,True,0.0030517578125,0.3097729980945587,0.03984233736991882,0.3490724563598633,True,True,True
abl_no_ppm,Without pyramid pooling,figshare/1377.png,fs_105187,2,True,0.00201416015625,0.25383836030960083,0.02700725756585598,0.25758448243141174,True,True,True
abl_no_ppm,Without pyramid pooling,figshare/1380.png,fs_105538,2,False,0.010450575086805556,0.2601112127304077,0.01810474321246147,0.0033294889144599438,True,False,False
abl_no_ppm,Without pyramid pooling,figshare/1381.png,fs_105538,2,False,0.0031873914930555555,0.42764049768447876,0.032100554555654526,0.0032282411120831966,True,True,False
abl_no_ppm,Without pyramid pooling,figshare/1382.png,fs_105538,2,False,0.0032484266493055555,0.21783173084259033,0.009366984479129314,0.04942968115210533,True,True,True
abl_no_ppm,Without pyramid pooling,figshare/1408.png,fs_97599,2,True,0.0015936957465277778,0.06112051010131836,0.0037956684827804565,8.071637012108113e-07,True,False,False
abl_no_ppm,Without pyramid pooling,figshare/1409.png,fs_97599,2,True,0.00274658203125,0.3576977252960205,0.027899550274014473,0.007448650896549225,True,True,True
abl_no_ppm,Without pyramid pooling,figshare/1487.png,fs_102669,2,True,0.0017225477430555555,0.1084187850356102,0.012925366871058941,0.0,True,False,False
abl_no_ppm,Without pyramid pooling,figshare/1488.png,fs_102669,2,True,0.0029703776041666665,0.2473294883966446,0.03131144866347313,0.17691519856452942,True,False,True
abl_no_ppm,Without pyramid pooling,figshare/1489.png,fs_103046,2,True,0.002997504340277778,0.29972606897354126,0.05368892103433609,0.0,True,True,False
abl_no_ppm,Without pyramid pooling,figshare/1490.png,fs_103046,2,True,0.005866156684027778,0.41029855608940125,0.1044580265879631,0.37632641196250916,True,True,True
abl_no_ppm,Without pyramid pooling,figshare/1491.png,fs_103046,2,True,0.0030314127604166665,0.2889649569988251,0.05090981721878052,0.3645576536655426,True,True,True
abl_no_ppm,Without pyramid pooling,figshare/1492.png,fs_103046,2,True,0.0027601453993055555,0.27449777722358704,0.05067714303731918,0.1758384257555008,True,True,True
abl_no_ppm,Without pyramid pooling,figshare/1521.png,fs_103731,2,True,0.00250244140625,0.14541438221931458,0.020549099892377853,0.0,True,False,False
abl_no_ppm,Without pyramid pooling,figshare/1522.png,fs_103731,2,True,0.008416069878472222,0.5224432945251465,0.11297643929719925,0.0,True,True,False
abl_no_ppm,Without pyramid pooling,figshare/1523.png,fs_103731,2,True,0.009304470486111112,0.46123960614204407,0.12446846067905426,0.0,True,True,False
abl_no_ppm,Without pyramid pooling,figshare/1524.png,fs_103731,2,True,0.013807508680555556,0.592495322227478,0.17536623775959015,0.0,True,True,False
abl_no_ppm,Without pyramid pooling,figshare/1525.png,fs_103731,2,True,0.013888888888888888,0.4539293348789215,0.1282087117433548,0.0,True,True,False
abl_no_ppm,Without pyramid pooling,figshare/1526.png,fs_103731,2,True,0.012593587239583334,0.44281554222106934,0.1516236513853073,2.1151587134227157e-05,True,True,False
abl_no_ppm,Without pyramid pooling,figshare/1527.png,fs_103731,2,True,0.003323025173611111,0.24395832419395447,0.050473012030124664,0.0,True,True,False
abl_no_ppm,Without pyramid pooling,figshare/1557.png,fs_105187,2,True,0.0011800130208333333,0.004967519082129002,0.0007835827418603003,0.0,False,False,False
abl_no_ppm,Without pyramid pooling,figshare/1558.png,fs_105187,2,True,0.0020345052083333335,0.014780513942241669,0.00214456208050251,0.0,True,False,False
abl_no_ppm,Without pyramid pooling,figshare/1559.png,fs_105187,2,True,0.005086263020833333,0.447538286447525,0.10493707656860352,0.6723324060440063,True,True,True
abl_no_ppm,Without pyramid pooling,figshare/1560.png,fs_105187,2,True,0.006598578559027778,0.4969028830528259,0.12674331665039062,0.7248008251190186,True,True,True
abl_no_ppm,Without pyramid pooling,figshare/1561.png,fs_105187,2,True,0.006103515625,0.4528592526912689,0.12471486628055573,0.45605069398880005,True,True,True
abl_no_ppm,Without pyramid pooling,figshare/1562.png,fs_105187,2,True,0.004503038194444444,0.3663509786128998,0.08859486877918243,0.0,True,True,False
abl_no_ppm,Without pyramid pooling,figshare/1566.png,fs_105538,2,False,0.002834743923611111,0.3336533308029175,0.02334047295153141,0.08326882123947144,True,True,True
abl_no_ppm,Without pyramid pooling,figshare/1567.png,fs_105538,2,False,0.0025227864583333335,0.29625242948532104,0.02911713346838951,0.014583601616322994,True,True,True
abl_no_ppm,Without pyramid pooling,figshare/1594.png,fs_97599,2,True,0.001864963107638889,0.136193186044693,0.01974359154701233,0.0,True,False,False
abl_no_ppm,Without pyramid pooling,figshare/1595.png,fs_97599,2,True,0.001254611545138889,0.10480616241693497,0.011906295083463192,0.0,True,False,False
abl_no_ppm,Without pyramid pooling,figshare/1672.png,fs_102669,2,True,0.001430935329861111,0.1824442446231842,0.02359187975525856,0.0,True,False,False
abl_no_ppm,Without pyramid pooling,figshare/1673.png,fs_103046,2,True,0.004930284288194444,0.33950740098953247,0.09806983172893524,0.0,True,True,False
abl_no_ppm,Without pyramid pooling,figshare/1674.png,fs_103046,2,True,0.004611545138888889,0.32724130153656006,0.09399398416280746,0.03268240764737129,True,True,False
abl_no_ppm,Without pyramid pooling,figshare/1675.png,fs_103046,2,True,0.003716362847222222,0.2729957103729248,0.07074462622404099,0.5955937504768372,True,True,True
abl_no_ppm,Without pyramid pooling,figshare/1676.png,fs_103046,2,True,0.0029771592881944445,0.29720544815063477,0.06224003806710243,0.48260295391082764,True,True,True
abl_no_ppm,Without pyramid pooling,figshare/1709.png,fs_103731,2,True,0.009507921006944444,0.43384116888046265,0.12931056320667267,0.0,True,True,False
abl_no_ppm,Without pyramid pooling,figshare/1710.png,fs_103731,2,True,0.014716254340277778,0.4849792420864105,0.20615769922733307,0.0,True,True,False
abl_no_ppm,Without pyramid pooling,figshare/1711.png,fs_103731,2,True,0.015143500434027778,0.49986016750335693,0.21189622581005096,0.0,True,True,False
abl_no_ppm,Without pyramid pooling,figshare/1712.png,fs_103731,2,True,0.013427734375,0.5242598652839661,0.18852068483829498,0.0,True,True,False
abl_no_ppm,Without pyramid pooling,figshare/1713.png,fs_103731,2,True,0.006829155815972222,0.46404820680618286,0.11696149408817291,0.0,True,True,False
abl_no_ppm,Without pyramid pooling,figshare/1748.png,fs_105187,2,True,0.0022379557291666665,0.28272977471351624,0.045303769409656525,0.4365898072719574,True,True,True
abl_no_ppm,Without pyramid pooling,figshare/1749.png,fs_105187,2,True,0.0029296875,0.3062741160392761,0.058148231357336044,0.5493670105934143,True,True,True
abl_no_ppm,Without pyramid pooling,figshare/1750.png,fs_105187,2,True,0.0037027994791666665,0.37402722239494324,0.0748339369893074,0.6386092901229858,True,True,True
abl_no_ppm,Without pyramid pooling,figshare/1751.png,fs_105187,2,True,0.003926595052083333,0.4006790518760681,0.0826980397105217,0.698550820350647,True,True,True
abl_no_ppm,Without pyramid pooling,figshare/1752.png,fs_105187,2,True,0.004014756944444444,0.4024497866630554,0.08220718801021576,0.7027867436408997,True,True,True
abl_no_ppm,Without pyramid pooling,figshare/1753.png,fs_105187,2,True,0.0025160047743055555,0.3114907443523407,0.053788263350725174,0.5263354778289795,True,True,True
abl_no_ppm,Without pyramid pooling,figshare/1759.png,fs_105538,2,False,0.00347900390625,0.033543359488248825,0.003725227201357484,0.02078823745250702,False,False,False
abl_no_ppm,Without pyramid pooling,figshare/1760.png,fs_105538,2,False,0.0036824544270833335,0.18004052340984344,0.018572691828012466,0.017569223418831825,True,False,True
abl_no_ppm,Without pyramid pooling,figshare/1786.png,fs_97599,2,True,0.0017293294270833333,0.19571660459041595,0.02540944702923298,0.0,True,False,False
abl_no_ppm,Without pyramid pooling,figshare/1787.png,fs_97599,2,True,0.0019327799479166667,0.2053948938846588,0.030997341498732567,0.0,True,False,False
abl_no_ppm,Without pyramid pooling,figshare/1788.png,fs_97599,2,True,0.0018378363715277778,0.21638327836990356,0.03327186033129692,0.0,True,False,False
abl_no_ppm,Without pyramid pooling,figshare/1914.png,fs_MR049453,0,True,0.012247721354166666,0.031595826148986816,0.0038407237734645605,0.0,False,False,False
abl_no_ppm,Without pyramid pooling,figshare/1915.png,fs_MR049453,0,True,0.017964680989583332,0.4373254179954529,0.09994008392095566,0.057471852749586105,False,True,True
abl_no_ppm,Without pyramid pooling,figshare/1916.png,fs_MR049453,0,True,0.04623752170138889,0.9011861681938171,0.24177850782871246,0.5295250415802002,True,True,True
abl_no_ppm,Without pyramid pooling,figshare/1917.png,fs_MR049453,0,True,0.026136610243055556,0.5827212929725647,0.1846977025270462,0.4385037124156952,True,True,True
abl_no_ppm,Without pyramid pooling,figshare/1918.png,fs_MR049453,0,True,0.048821343315972224,0.8414910435676575,0.30009523034095764,0.5413126349449158,True,True,True
abl_no_ppm,Without pyramid pooling,figshare/1919.png,fs_MR049453,0,True,0.044135199652777776,0.8313918709754944,0.282037615776062,0.5789056420326233,True,True,True
abl_no_ppm,Without pyramid pooling,figshare/1920.png,fs_MR049453,0,True,0.033745659722222224,0.7946861982345581,0.21961382031440735,0.5331878066062927,True,True,True
abl_no_ppm,Without pyramid pooling,figshare/1937.png,fs_MR049453B,0,True,0.060553656684027776,0.7006245255470276,0.28773078322410583,0.3964799642562866,True,True,True
abl_no_ppm,Without pyramid pooling,figshare/1938.png,fs_MR049453B,0,True,0.0715603298611111,0.8445997834205627,0.35016217827796936,0.5590997338294983,True,True,True
abl_no_ppm,Without pyramid pooling,figshare/1939.png,fs_MR049453B,0,True,0.037848578559027776,0.6009501814842224,0.23262852430343628,0.3518896698951721,True,True,True
abl_no_ppm,Without pyramid pooling,figshare/1940.png,fs_MR049453B,0,True,0.04197862413194445,0.6314143538475037,0.25523123145103455,0.4244803190231323,True,True,True
abl_no_ppm,Without pyramid pooling,figshare/1941.png,fs_MR049453B,0,True,0.035786946614583336,0.5198239684104919,0.2191428691148758,0.3510948717594147,True,False,True
abl_no_ppm,Without pyramid pooling,figshare/1942.png,fs_MR049453B,0,True,0.0318603515625,0.515315055847168,0.201531782746315,0.42081722617149353,False,True,True
abl_no_ppm,Without pyramid pooling,figshare/1943.png,fs_MR049453B,0,True,0.036051432291666664,0.6605175733566284,0.2216208577156067,0.43441691994667053,True,True,True
abl_no_ppm,Without pyramid pooling,figshare/1944.png,fs_MR049453B,0,True,0.022291395399305556,0.3884347677230835,0.11099588125944138,0.023625994101166725,False,True,False
abl_no_ppm,Without pyramid pooling,figshare/1950.png,fs_MR050135B,0,True,0.00421142578125,0.25108546018600464,0.038392145186662674,0.13190896809101105,True,True,False
abl_no_ppm,Without pyramid pooling,figshare/1951.png,fs_MR050135B,0,True,0.010423448350694444,0.40938475728034973,0.09123563021421432,0.20221158862113953,True,True,True
abl_no_ppm,Without pyramid pooling,figshare/1952.png,fs_MR050135B,0,True,0.019117567274305556,0.7010146975517273,0.14571812748908997,0.3670627176761627,True,True,True
abl_no_ppm,Without pyramid pooling,figshare/1953.png,fs_MR050135B,0,True,0.015862358940972224,0.6983381509780884,0.12122640758752823,0.3607287108898163,True,True,True
abl_no_ppm,Without pyramid pooling,figshare/1954.png,fs_MR050135B,0,True,0.006876627604166667,0.24677114188671112,0.04812885448336601,0.14252237975597382,True,True,True
abl_no_ppm,Without pyramid pooling,figshare/1955.png,fs_MR050135B,0,True,0.011766221788194444,0.3725418150424957,0.07762731611728668,0.19737286865711212,True,True,True
abl_no_ppm,Without pyramid pooling,figshare/1956.png,fs_MR050135B,0,True,0.012986924913194444,0.5596990585327148,0.11615186184644699,0.27951136231422424,True,True,True
abl_no_ppm,Without pyramid pooling,figshare/1957.png,fs_MR050135B,0,True,0.015462239583333334,0.5531888008117676,0.13073672354221344,0.3759135603904724,True,True,True
abl_no_ppm,Without pyramid pooling,figshare/1958.png,fs_MR050135B,0,True,0.015916612413194444,0.5917970538139343,0.1302201747894287,0.2795373499393463,True,True,True
abl_no_ppm,Without pyramid pooling,figshare/1959.png,fs_MR050135B,0,True,0.002997504340277778,0.13419362902641296,0.008296574465930462,0.11568509787321091,False,False,False
abl_no_ppm,Without pyramid pooling,figshare/1960.png,fs_MR050135B,0,True,0.018669976128472224,0.4664710760116577,0.03391297906637192,0.4953072965145111,True,True,True
abl_no_ppm,Without pyramid pooling,figshare/1961.png,fs_MR050135B,0,True,0.030836317274305556,0.5217366218566895,0.1250493824481964,0.10845793038606644,True,True,True
abl_no_ppm,Without pyramid pooling,figshare/1962.png,fs_MR050135B,0,True,0.03141954210069445,0.856031060218811,0.22022588551044464,0.45584091544151306,True,True,True
abl_no_ppm,Without pyramid pooling,figshare/1963.png,fs_MR050135B,0,True,0.026835123697916668,0.8535618185997009,0.1729084700345993,0.42366328835487366,True,True,True
abl_no_ppm,Without pyramid pooling,figshare/1974.png,fs_MR050791B,0,True,0.003512912326388889,0.02829582244157791,0.018249861896038055,0.030254704877734184,False,False,False
abl_no_ppm,Without pyramid pooling,figshare/1975.png,fs_MR050791B,0,True,0.006666395399305556,0.004140881821513176,0.0018325125565752387,0.018617475405335426,False,False,False
abl_no_ppm,Without pyramid pooling,figshare/1976.png,fs_MR050791B,0,True,0.011189778645833334,0.0928332656621933,0.024899587035179138,4.132542017032392e-06,False,False,False
abl_no_ppm,Without pyramid pooling,figshare/1977.png,fs_MR050791B,0,True,0.012885199652777778,0.20707091689109802,0.08662189543247223,0.2563342750072479,False,False,False
abl_no_ppm,Without pyramid pooling,figshare/1978.png,fs_MR050791B,0,True,0.024169921875,0.4343029856681824,0.15065637230873108,0.43909183144569397,False,True,True
abl_no_ppm,Without pyramid pooling,figshare/1979.png,fs_MR050791B,0,True,0.020331488715277776,0.30591410398483276,0.13501141965389252,0.3986530303955078,False,True,True
abl_no_ppm,Without pyramid pooling,figshare/1980.png,fs_MR050791B,0,True,0.017266167534722224,0.19542405009269714,0.10418133437633514,0.23811909556388855,False,True,True
abl_no_ppm,Without pyramid pooling,figshare/1981.png,fs_MR050791B,0,True,0.012037489149305556,0.259783536195755,0.09193011373281479,0.25477033853530884,False,True,True
abl_no_ppm,Without pyramid pooling,figshare/1982.png,fs_MR050791B,0,True,0.024854871961805556,0.06163474917411804,0.0034086222294718027,0.017631756141781807,True,False,False
abl_no_ppm,Without pyramid pooling,figshare/1983.png,fs_MR050791B,0,True,0.012518988715277778,0.04070352017879486,0.002441588556393981,0.05881493538618088,False,False,False
abl_no_ppm,Without pyramid pooling,figshare/2012.png,fs_MR051461B,0,True,0.015184190538194444,0.43687430024147034,0.10233671218156815,0.3101614713668823,False,True,True
abl_no_ppm,Without pyramid pooling,figshare/2013.png,fs_MR051461B,0,True,0.011617024739583334,0.24206329882144928,0.07139106839895248,0.20921164751052856,False,True,True
abl_no_ppm,Without pyramid pooling,figshare/2014.png,fs_MR051461B,0,True,0.030029296875,0.6807109713554382,0.18184247612953186,0.5651549100875854,True,True,True
abl_no_ppm,Without pyramid pooling,figshare/2015.png,fs_MR051461B,0,True,0.021504720052083332,0.37938496470451355,0.13316789269447327,0.4497002363204956,False,True,True
abl_no_ppm,Without pyramid pooling,figshare/2016.png,fs_MR051461B,0,True,0.0257568359375,0.48302847146987915,0.1325705200433731,0.40649521350860596,True,True,True
abl_no_ppm,Without pyramid pooling,figshare/2087.png,fs_MR053110B,0,True,0.0277099609375,0.01617458462715149,0.010975790210068226,0.04559507593512535,False,False,False
abl_no_ppm,Without pyramid pooling,figshare/2088.png,fs_MR053110B,0,True,0.030239529079861112,0.1076621264219284,0.02790405973792076,0.1902245283126831,False,True,True
abl_no_ppm,Without pyramid pooling,figshare/2089.png,fs_MR053110B,0,True,0.05325656467013889,0.2441873997449875,0.1398826539516449,0.3859124779701233,False,False,True
abl_no_ppm,Without pyramid pooling,figshare/2090.png,fs_MR053110B,0,True,0.05180528428819445,0.48217883706092834,0.2423655092716217,0.35554230213165283,True,True,False
abl_no_ppm,Without pyramid pooling,figshare/2091.png,fs_MR053110B,0,True,0.03962537977430555,0.4750734865665436,0.19272956252098083,0.348722904920578,True,True,True
abl_no_ppm,Without pyramid pooling,figshare/2092.png,fs_MR053110B,0,True,0.01458740234375,0.15109479427337646,0.0675206407904625,0.12749749422073364,False,False,False
abl_no_ppm,Without pyramid pooling,figshare/2093.png,fs_MR034694,0,True,0.006198459201388889,0.15004563331604004,0.01918984018266201,0.18041561543941498,False,False,True
abl_no_ppm,Without pyramid pooling,figshare/2094.png,fs_MR034694,0,True,0.017408582899305556,0.47016096115112305,0.11268074810504913,0.17208467423915863,True,True,True
abl_no_ppm,Without pyramid pooling,figshare/2095.png,fs_MR034694,0,True,0.027872721354166668,0.8349536061286926,0.19161128997802734,0.3847622871398926,True,True,True
abl_no_ppm,Without pyramid pooling,figshare/2096.png,fs_MR034694,0,True,0.017103407118055556,0.599357008934021,0.12855643033981323,0.23456339538097382,True,True,True
abl_no_ppm,Without pyramid pooling,figshare/2112.png,fs_MR034997,0,True,0.008009168836805556,0.34687551856040955,0.04140226170420647,0.14408236742019653,True,True,True
abl_no_ppm,Without pyramid pooling,figshare/2113.png,fs_MR034997,0,True,0.01776123046875,0.2966221868991852,0.06310497224330902,0.20464736223220825,True,False,False
abl_no_ppm,Without pyramid pooling,figshare/2114.png,fs_MR034997,0,True,0.019965277777777776,0.6469610929489136,0.13713330030441284,0.4467789828777313,True,True,True
abl_no_ppm,Without pyramid pooling,figshare/2115.png,fs_MR034997,0,True,0.021172417534722224,0.6723991632461548,0.1518930047750473,0.519206702709198,True,True,True
abl_no_ppm,Without pyramid pooling,figshare/2116.png,fs_MR034997,0,True,0.016866048177083332,0.5404759645462036,0.1200314462184906,0.40535032749176025,True,True,True
abl_no_ppm,Without pyramid pooling,figshare/2117.png,fs_MR034997,0,True,0.015068901909722222,0.5361497402191162,0.10676947981119156,0.3965862989425659,True,True,True
abl_no_ppm,Without pyramid pooling,figshare/2118.png,fs_MR034997,0,True,0.004909939236111111,0.24792024493217468,0.03652427718043327,0.16513018310070038,True,True,True
abl_no_ppm,Without pyramid pooling,figshare/2134.png,fs_MR049019G,0,True,0.024915907118055556,0.5802997350692749,0.10394158214330673,0.04008595272898674,True,True,False
abl_no_ppm,Without pyramid pooling,figshare/2135.png,fs_MR049019G,0,True,0.04578993055555555,0.6941632032394409,0.18168854713439941,0.17219103872776031,True,True,True
abl_no_ppm,Without pyramid pooling,figshare/2136.png,fs_MR049019G,0,True,0.015123155381944444,0.3286930024623871,0.10081997513771057,0.16138148307800293,False,True,False
abl_no_ppm,Without pyramid pooling,figshare/2137.png,fs_MR049019G,0,True,0.017652723524305556,0.2735624313354492,0.10321192443370819,0.17746339738368988,False,True,True
abl_no_ppm,Without pyramid pooling,figshare/2138.png,fs_MR049019G,0,True,0.027140299479166668,0.34377533197402954,0.12768661975860596,0.32417625188827515,False,True,True
abl_no_ppm,Without pyramid pooling,figshare/2139.png,fs_MR049019G,0,True,0.016350640190972224,0.24570006132125854,0.10282166302204132,0.262458860874176,True,True,True
abl_no_ppm,Without pyramid pooling,figshare/2140.png,fs_MR049019G,0,True,0.019490559895833332,0.2966979146003723,0.11137684434652328,0.21450212597846985,False,True,True
abl_no_ppm,Without pyramid pooling,figshare/2166.png,fs_MR037458B,0,False,0.011508517795138888,0.20505298674106598,0.016287310048937798,0.04201802983880043,False,False,True
abl_no_ppm,Without pyramid pooling,figshare/2167.png,fs_MR037458B,0,True,0.014377170138888888,0.05555911362171173,0.0036865982692688704,0.021914450451731682,True,False,False
abl_no_ppm,Without pyramid pooling,figshare/2168.png,fs_MR037458B,0,True,0.0027940538194444445,0.36934104561805725,0.01955779455602169,0.033558353781700134,False,True,False
abl_no_ppm,Without pyramid pooling,figshare/2169.png,fs_MR037458B,0,True,0.005276150173611111,0.4862701892852783,0.03394699469208717,0.2660893499851227,True,True,True
abl_no_ppm,Without pyramid pooling,figshare/2170.png,fs_MR037458B,0,True,0.007154676649305556,0.21582230925559998,0.020726274698972702,0.121249720454216,False,False,False
abl_no_ppm,Without pyramid pooling,figshare/2171.png,fs_MR037458B,0,True,0.019999186197916668,0.6334228515625,0.08463717252016068,0.49338313937187195,True,True,True
abl_no_ppm,Without pyramid pooling,figshare/2172.png,fs_MR037458B,0,True,0.015726725260416668,0.7467779517173767,0.10419438034296036,0.4238412380218506,True,True,True
abl_no_ppm,Without pyramid pooling,figshare/2173.png,fs_MR037458B,0,True,0.017137315538194444,0.7180089950561523,0.07315521687269211,0.33880162239074707,True,True,True
abl_no_ppm,Without pyramid pooling,figshare/2196.png,fs_MR040240,0,True,0.00738525390625,0.2225555032491684,0.050070684403181076,0.09444931894540787,True,True,True
abl_no_ppm,Without pyramid pooling,figshare/2197.png,fs_MR040240,0,True,0.010443793402777778,0.48384642601013184,0.09024963527917862,0.1970212310552597,True,True,False
abl_no_ppm,Without pyramid pooling,figshare/2198.png,fs_MR040240,0,True,0.030768500434027776,0.7386474013328552,0.2260030210018158,0.55915766954422,True,True,True
abl_no_ppm,Without pyramid pooling,figshare/2199.png,fs_MR040240,0,True,0.028327094184027776,0.6435431241989136,0.19091276824474335,0.4594762623310089,True,True,True
abl_no_ppm,Without pyramid pooling,figshare/2200.png,fs_MR040240,0,True,0.025058322482638888,0.5890557765960693,0.17797724902629852,0.42531919479370117,True,True,True
abl_no_ppm,Without pyramid pooling,figshare/2201.png,fs_MR040240,0,True,0.020948621961805556,0.4518412947654724,0.1440049111843109,0.34210944175720215,True,True,True
abl_no_ppm,Without pyramid pooling,figshare/2202.png,fs_MR040240,0,True,0.033515082465277776,0.7140313386917114,0.1702592968940735,0.5495656132698059,True,True,True
abl_no_ppm,Without pyramid pooling,figshare/2203.png,fs_MR040240,0,True,0.025648328993055556,0.7473271489143372,0.16729329526424408,0.4429323971271515,True,True,True
abl_no_ppm,Without pyramid pooling,figshare/2204.png,fs_MR040240,0,True,0.016086154513888888,0.5609983801841736,0.1077885776758194,0.3131316602230072,True,True,True
abl_no_ppm,Without pyramid pooling,figshare/2205.png,fs_MR040240,0,True,0.008734809027777778,0.07374218851327896,0.010196730494499207,0.06259177625179291,False,False,False
abl_no_ppm,Without pyramid pooling,figshare/2270.png,fs_MR049453,0,True,0.004258897569444444,0.019546393305063248,0.0016368761425837874,0.021466758102178574,False,False,False
abl_no_ppm,Without pyramid pooling,figshare/2271.png,fs_MR049453,0,True,0.028001573350694444,0.7088688611984253,0.22618724405765533,0.3670882284641266,True,True,True
abl_no_ppm,Without pyramid pooling,figshare/2272.png,fs_MR049453,0,True,0.01495361328125,0.3655923008918762,0.1285901516675949,0.32636314630508423,True,True,True
abl_no_ppm,Without pyramid pooling,figshare/2273.png,fs_MR049453,0,True,0.03408474392361111,0.6910009384155273,0.26388058066368103,0.5769996047019958,True,True,True
abl_no_ppm,Without pyramid pooling,figshare/2274.png,fs_MR049453,0,True,0.03238254123263889,0.702147901058197,0.24969151616096497,0.49844664335250854,True,True,True
abl_no_ppm,Without pyramid pooling,figshare/2275.png,fs_MR049453,0,True,0.023912217881944444,0.6766836047172546,0.19563524425029755,0.4572114646434784,True,True,True
abl_no_ppm,Without pyramid pooling,figshare/2276.png,fs_MR049453,0,True,0.009962293836805556,0.42397892475128174,0.08853434026241302,0.18988633155822754,True,True,True
abl_no_ppm,Without pyramid pooling,figshare/2277.png,fs_MR049453,0,True,0.010348849826388888,0.3674638271331787,0.08834502100944519,0.27702710032463074,True,True,True
abl_no_ppm,Without pyramid pooling,figshare/2278.png,fs_MR049453,0,True,0.004014756944444444,0.26267653703689575,0.03624451905488968,0.09837962687015533,True,True,True
abl_no_ppm,Without pyramid pooling,figshare/2286.png,fs_MR049453B,0,True,0.0037367078993055555,0.09543074667453766,0.010257329791784286,0.0747695192694664,False,False,False
abl_no_ppm,Without pyramid pooling,figshare/2287.png,fs_MR049453B,0,True,0.003655327690972222,0.11979673057794571,0.030015109106898308,0.10632561892271042,False,True,True
abl_no_ppm,Without pyramid pooling,figshare/2288.png,fs_MR049453B,0,True,0.050360785590277776,0.6153734922409058,0.34064286947250366,0.5544325113296509,True,True,True
abl_no_ppm,Without pyramid pooling,figshare/2289.png,fs_MR049453B,0,True,0.03554958767361111,0.442338764667511,0.2487785965204239,0.27823978662490845,True,True,False
abl_no_ppm,Without pyramid pooling,figshare/2290.png,fs_MR049453B,0,True,0.036553276909722224,0.6731783151626587,0.28895077109336853,0.5253908634185791,True,True,True
abl_no_ppm,Without pyramid pooling,figshare/2291.png,fs_MR049453B,0,True,0.019802517361111112,0.548495888710022,0.18604449927806854,0.28214776515960693,True,True,True
abl_no_ppm,Without pyramid pooling,figshare/2292.png,fs_MR049453B,0,True,0.009568956163194444,0.29972928762435913,0.05160398781299591,0.13892096281051636,True,True,True
abl_no_ppm,Without pyramid pooling,figshare/2293.png,fs_MR049453B,0,True,0.017734103732638888,0.5816130638122559,0.11929674446582794,0.2360929399728775,True,True,True
abl_no_ppm,Without pyramid pooling,figshare/2294.png,fs_MR049453B,0,True,0.005316840277777778,0.15046177804470062,0.04344955086708069,0.08126089721918106,False,False,False
abl_no_ppm,Without pyramid pooling,figshare/2295.png,fs_MR049453B,0,True,0.015272352430555556,0.20888853073120117,0.10329756140708923,0.2032736986875534,False,False,False
abl_no_ppm,Without pyramid pooling,figshare/2296.png,fs_MR049453B,0,True,0.024400499131944444,0.31635671854019165,0.15842068195343018,0.303227961063385,False,False,True
abl_no_ppm,Without pyramid pooling,figshare/2297.png,fs_MR049453B,0,True,0.044074164496527776,0.5769544839859009,0.2862513065338135,0.5114917159080505,True,True,True
abl_no_ppm,Without pyramid pooling,figshare/2298.png,fs_MR049453B,0,True,0.046210394965277776,0.5717309713363647,0.3025832772254944,0.5986959338188171,True,True,True
abl_no_ppm,Without pyramid pooling,figshare/2299.png,fs_MR049453B,0,True,0.049323187934027776,0.6228026151657104,0.3135746419429779,0.46618059277534485,True,True,True
abl_no_ppm,Without pyramid pooling,figshare/2300.png,fs_MR050135B,0,True,0.004170735677083333,0.2373489886522293,0.03518770635128021,0.09853058308362961,True,True,True
abl_no_ppm,Without pyramid pooling,figshare/2301.png,fs_MR050135B,0,True,0.018263075086805556,0.6008914113044739,0.10225064307451248,0.24971294403076172,True,True,True
abl_no_ppm,Without pyramid pooling,figshare/2302.png,fs_MR050135B,0,True,0.006137424045138889,0.2831447124481201,0.03488181531429291,0.04869019240140915,True,True,True
abl_no_ppm,Without pyramid pooling,figshare/2303.png,fs_MR050135B,0,True,0.018941243489583332,0.5639883875846863,0.15582379698753357,0.398591011762619,True,True,True
abl_no_ppm,Without pyramid pooling,figshare/2304.png,fs_MR050135B,0,True,0.022989908854166668,0.7934032082557678,0.175832137465477,0.39965739846229553,True,True,True
abl_no_ppm,Without pyramid pooling,figshare/2305.png,fs_MR050135B,0,True,0.025838216145833332,0.7963424324989319,0.2004476636648178,0.4585472345352173,True,True,True
abl_no_ppm,Without pyramid pooling,figshare/2306.png,fs_MR050135B,0,True,0.021565755208333332,0.735085666179657,0.1827033907175064,0.3018012046813965,True,True,True
abl_no_ppm,Without pyramid pooling,figshare/2307.png,fs_MR050135B,0,True,0.007331000434027778,0.35608017444610596,0.07442153990268707,0.16913224756717682,True,True,True
abl_no_ppm,Without pyramid pooling,figshare/2308.png,fs_MR050135B,0,True,0.013210720486111112,0.37866345047950745,0.1132846474647522,0.20425806939601898,False,False,True
abl_no_ppm,Without pyramid pooling,figshare/2309.png,fs_MR050135B,0,True,0.013014051649305556,0.5781723856925964,0.1348683089017868,0.326246052980423,True,True,True
abl_no_ppm,Without pyramid pooling,figshare/2310.png,fs_MR050135B,0,True,0.012837727864583334,0.6281750202178955,0.12068427354097366,0.21482545137405396,True,True,True
abl_no_ppm,Without pyramid pooling,figshare/2317.png,fs_MR050791B,0,True,0.026740180121527776,0.02493850328028202,0.011109203100204468,0.00018137131701223552,False,False,False
abl_no_ppm,Without pyramid pooling,figshare/2318.png,fs_MR050791B,0,True,0.04482693142361111,0.5494341850280762,0.16221623122692108,0.3264266550540924,True,True,True
abl_no_ppm,Without pyramid pooling,figshare/2319.png,fs_MR050791B,0,True,0.032111273871527776,0.3265838027000427,0.16500574350357056,0.37968015670776367,False,True,False
abl_no_ppm,Without pyramid pooling,figshare/2320.png,fs_MR050791B,0,True,0.020846896701388888,0.1529565304517746,0.11987550556659698,0.26728641986846924,False,True,True
abl_no_ppm,Without pyramid pooling,figshare/2349.png,fs_MR024780E,0,True,0.007439507378472222,0.494353324174881,0.06337025761604309,0.10389460623264313,True,True,True
abl_no_ppm,Without pyramid pooling,figshare/2362.png,fs_MR040240C,0,True,0.008490668402777778,0.12534484267234802,0.01266974862664938,0.11862803250551224,False,False,False
abl_no_ppm,Without pyramid pooling,figshare/2363.png,fs_MR040240C,0,True,0.0033772786458333335,0.13148216903209686,0.011898831464350224,0.3045092225074768,True,True,False
abl_no_ppm,Without pyramid pooling,figshare/2364.png,fs_MR040240C,0,True,0.003851996527777778,0.23064938187599182,0.029935045167803764,0.0656299814581871,True,True,True
abl_no_ppm,Without pyramid pooling,figshare/2365.png,fs_MR040240C,0,True,0.020426432291666668,0.2823357582092285,0.08773761987686157,0.18460164964199066,False,False,True
abl_no_ppm,Without pyramid pooling,figshare/2366.png,fs_MR040240C,0,True,0.023417154947916668,0.4978499412536621,0.1599249243736267,0.39830878376960754,True,True,True
abl_no_ppm,Without pyramid pooling,figshare/2367.png,fs_MR040240C,0,True,0.042928059895833336,0.709213376045227,0.24651993811130524,0.3832527697086334,True,True,True
abl_no_ppm,Without pyramid pooling,figshare/2368.png,fs_MR040240C,0,True,0.06172010633680555,0.5909687280654907,0.27871301770210266,0.32543855905532837,True,False,False
abl_no_ppm,Without pyramid pooling,figshare/2369.png,fs_MR040240C,0,True,0.052361382378472224,0.33318519592285156,0.16725392639636993,0.3027639389038086,False,False,False
abl_no_ppm,Without pyramid pooling,figshare/2370.png,fs_MR040240C,0,True,0.07093641493055555,0.867748498916626,0.2768312990665436,0.5464162826538086,True,True,True
abl_no_ppm,Without pyramid pooling,figshare/2371.png,fs_MR040240C,0,True,0.059244791666666664,0.8025922179222107,0.23549963533878326,0.5102307796478271,True,True,True
abl_no_ppm,Without pyramid pooling,figshare/2372.png,fs_MR040240C,0,True,0.01580810546875,0.4514809250831604,0.10613749921321869,0.2647298574447632,True,True,True
abl_no_ppm,Without pyramid pooling,figshare/2373.png,fs_MR040240D,0,True,0.0035400390625,0.09248767048120499,0.015236836858093739,0.04493386670947075,False,False,False
abl_no_ppm,Without pyramid pooling,figshare/2374.png,fs_MR040240D,0,True,0.0064697265625,0.05121166631579399,0.027157943695783615,0.0300948116928339,False,False,False
abl_no_ppm,Without pyramid pooling,figshare/2375.png,fs_MR040240D,0,True,0.003390842013888889,0.05196338891983032,0.0056489515118300915,0.0005559660494327545,False,False,False
abl_no_ppm,Without pyramid pooling,figshare/2376.png,fs_MR040240D,0,True,0.03207058376736111,0.5154322385787964,0.17417143285274506,0.4294975996017456,True,True,True
abl_no_ppm,Without pyramid pooling,figshare/2377.png,fs_MR040240D,0,True,0.029127332899305556,0.49670538306236267,0.16449856758117676,0.44985800981521606,True,True,True
abl_no_ppm,Without pyramid pooling,figshare/2378.png,fs_MR040240D,0,True,0.032036675347222224,0.5054505467414856,0.17524345219135284,0.32847926020622253,False,True,True
abl_no_ppm,Without pyramid pooling,figshare/2379.png,fs_MR040240D,0,True,0.06580268012152778,0.8626843690872192,0.32734838128089905,0.3161972165107727,True,True,True
abl_no_ppm,Without pyramid pooling,figshare/2380.png,fs_MR040240D,0,True,0.058844672309027776,0.7936639189720154,0.3118365705013275,0.21660028398036957,True,True,True
abl_no_ppm,Without pyramid pooling,figshare/2381.png,fs_MR040240D,0,True,0.05537245008680555,0.7330758571624756,0.2121424823999405,0.3988301157951355,True,True,True
abl_no_ppm,Without pyramid pooling,figshare/2382.png,fs_MR040240D,0,True,0.052741156684027776,0.759627640247345,0.25094079971313477,0.4186398983001709,True,True,True
abl_no_ppm,Without pyramid pooling,figshare/2383.png,fs_MR040240D,0,True,0.00421142578125,0.20649248361587524,0.031904999166727066,0.08894708752632141,False,True,False
abl_no_ppm,Without pyramid pooling,figshare/2443.png,fs_MR040240,0,True,0.028347439236111112,0.7224947810173035,0.170241579413414,0.39811158180236816,True,True,True
abl_no_ppm,Without pyramid pooling,figshare/2444.png,fs_MR040240,0,True,0.049886067708333336,0.7772508859634399,0.31999415159225464,0.5443715453147888,True,True,True
abl_no_ppm,Without pyramid pooling,figshare/2445.png,fs_MR040240,0,True,0.046515570746527776,0.8600074052810669,0.3005470037460327,0.5670104026794434,True,True,True
abl_no_ppm,Without pyramid pooling,figshare/2446.png,fs_MR040240,0,True,0.050103081597222224,0.8723321557044983,0.3555711507797241,0.6143729090690613,True,True,True
abl_no_ppm,Without pyramid pooling,figshare/2447.png,fs_MR040240,0,True,0.029446072048611112,0.5401433110237122,0.1797938346862793,0.29297009110450745,True,True,True
abl_no_ppm,Without pyramid pooling,figshare/2448.png,fs_MR040240,0,True,0.028788248697916668,0.6484019756317139,0.20417092740535736,0.3997131884098053,True,True,True
abl_no_ppm,Without pyramid pooling,figshare/2449.png,fs_MR040240,0,True,0.029947916666666668,0.7563995122909546,0.21515798568725586,0.4214881956577301,True,True,True
abl_no_ppm,Without pyramid pooling,figshare/2450.png,fs_MR040240,0,True,0.037150065104166664,0.786619246006012,0.26656317710876465,0.4488910734653473,True,True,True
abl_no_ppm,Without pyramid pooling,figshare/2451.png,fs_MR040240,0,True,0.02386474609375,0.36866050958633423,0.0797240361571312,0.022589925676584244,True,False,False
abl_no_ppm,Without pyramid pooling,figshare/2452.png,fs_MR040240,0,True,0.009589301215277778,0.028879547491669655,0.003309735096991062,0.05613492801785469,False,False,False
abl_no_ppm,Without pyramid pooling,figshare/2496.png,fs_MR024780E,0,True,0.00408935546875,0.003065675962716341,0.001159275183454156,0.0044221882708370686,False,False,False
abl_no_ppm,Without pyramid pooling,figshare/2497.png,fs_MR024780E,0,True,0.002448187934027778,0.028976978734135628,0.00596058601513505,0.001956181600689888,False,False,False
abl_no_ppm,Without pyramid pooling,figshare/2498.png,fs_MR024780E,0,True,0.007256401909722222,0.20302723348140717,0.02740204893052578,0.0,True,False,False
abl_no_ppm,Without pyramid pooling,figshare/2509.png,fs_MR040240C,0,True,0.021023220486111112,0.7452769875526428,0.16133812069892883,0.36738914251327515,True,True,True
abl_no_ppm,Without pyramid pooling,figshare/2510.png,fs_MR040240C,0,True,0.021708170572916668,0.6181023716926575,0.17443139851093292,0.5026022791862488,True,True,True
abl_no_ppm,Without pyramid pooling,figshare/2511.png,fs_MR040240C,0,True,0.00787353515625,0.16691893339157104,0.06866756081581116,0.21816785633563995,False,True,True
abl_no_ppm,Without pyramid pooling,figshare/2512.png,fs_MR040240C,0,True,0.009813096788194444,0.27174678444862366,0.0858985185623169,0.30645352602005005,False,True,True
abl_no_ppm,Without pyramid pooling,figshare/2513.png,fs_MR040240C,0,True,0.013502332899305556,0.40316182374954224,0.11009406298398972,0.3563441336154938,True,True,True
abl_no_ppm,Without pyramid pooling,figshare/2514.png,fs_MR040240C,0,True,0.0146484375,0.3793434798717499,0.10433002561330795,0.45424118638038635,True,True,True
abl_no_ppm,Without pyramid pooling,figshare/2515.png,fs_MR040240C,0,True,0.015360514322916666,0.25244003534317017,0.09834472835063934,0.30970969796180725,False,True,True
abl_no_ppm,Without pyramid pooling,figshare/2516.png,fs_MR040240C,0,True,0.03158908420138889,0.7272890210151672,0.21436607837677002,0.47591254115104675,True,True,True
abl_no_ppm,Without pyramid pooling,figshare/2517.png,fs_MR040240C,0,True,0.03372531467013889,0.6910396218299866,0.23028205335140228,0.44433045387268066,True,True,True
abl_no_ppm,Without pyramid pooling,figshare/2518.png,fs_MR040240C,0,True,0.013326009114583334,0.3679281771183014,0.11616246402263641,0.19837674498558044,True,True,True
abl_no_ppm,Without pyramid pooling,figshare/2519.png,fs_MR040240C,0,True,0.013814290364583334,0.28293201327323914,0.10746978968381882,0.19632329046726227,False,True,True
abl_no_ppm,Without pyramid pooling,figshare/2520.png,fs_MR040240C,0,True,0.03912353515625,0.797328531742096,0.22881165146827698,0.43432918190956116,True,True,True
abl_no_ppm,Without pyramid pooling,figshare/2521.png,fs_MR040240C,0,True,0.029947916666666668,0.5185766816139221,0.0996457189321518,0.2029554694890976,True,True,True
abl_no_ppm,Without pyramid pooling,figshare/2522.png,fs_MR040240C,0,True,0.009806315104166666,0.28024235367774963,0.08536405861377716,0.18889281153678894,True,True,True
abl_no_ppm,Without pyramid pooling,figshare/2523.png,fs_MR040240C,0,True,0.007853190104166666,0.25695663690567017,0.07238933444023132,0.1859315186738968,True,True,True
abl_no_ppm,Without pyramid pooling,figshare/2550.png,fs_MR051461B,0,True,0.008185492621527778,0.16719520092010498,0.057308197021484375,0.10524064302444458,False,False,False
abl_no_ppm,Without pyramid pooling,figshare/2551.png,fs_MR051461B,0,True,0.007317437065972222,0.24396851658821106,0.06557431071996689,0.1696007251739502,False,True,True
abl_no_ppm,Without pyramid pooling,figshare/2552.png,fs_MR051461B,0,True,0.007988823784722222,0.189573273062706,0.07270445674657822,0.2243414670228958,False,True,True
abl_no_ppm,Without pyramid pooling,figshare/2553.png,fs_MR051461B,0,True,0.008314344618055556,0.25107014179229736,0.07735905796289444,0.1583113968372345,True,True,True
abl_no_ppm,Without pyramid pooling,figshare/2617.png,fs_MR053110B,0,True,0.026041666666666668,0.29214099049568176,0.11053622514009476,0.12131793797016144,False,False,True
abl_no_ppm,Without pyramid pooling,figshare/2618.png,fs_MR053110B,0,True,0.028272840711805556,0.2875651717185974,0.14373202621936798,0.14041092991828918,False,False,True
abl_no_ppm,Without pyramid pooling,figshare/2619.png,fs_MR053110B,0,True,0.036383734809027776,0.3438076376914978,0.15709368884563446,0.07364969700574875,True,True,True
abl_no_ppm,Without pyramid pooling,figshare/2620.png,fs_MR053110B,0,True,0.03361680772569445,0.29715263843536377,0.1747596710920334,0.042591653764247894,False,True,False
abl_no_ppm,Without pyramid pooling,figshare/2621.png,fs_MR053110B,0,True,0.029500325520833332,0.373542457818985,0.15000984072685242,0.07169268280267715,False,False,True
abl_no_ppm,Without pyramid pooling,figshare/2622.png,fs_MR053110B,0,True,0.028516981336805556,0.5287654399871826,0.2129831165075302,0.1718224436044693,False,True,True
abl_no_ppm,Without pyramid pooling,figshare/2623.png,fs_MR053110B,0,True,0.028164333767361112,0.5687116980552673,0.2454630583524704,0.3155208230018616,False,True,True
abl_no_ppm,Without pyramid pooling,figshare/2624.png,fs_MR034694,0,True,0.009189181857638888,0.3510633707046509,0.06930050253868103,0.10683886706829071,True,True,True
abl_no_ppm,Without pyramid pooling,figshare/2625.png,fs_MR034694,0,True,0.00933837890625,0.013868851587176323,0.0018671465804800391,0.00023853070160839707,False,False,False
abl_no_ppm,Without pyramid pooling,figshare/2626.png,fs_MR034694,0,True,0.020304361979166668,0.034582577645778656,0.0047477190382778645,0.004748285748064518,False,False,False
abl_no_ppm,Without pyramid pooling,figshare/2627.png,fs_MR034694,0,True,0.011935763888888888,0.409289687871933,0.07277487218379974,0.042165953665971756,True,True,False
abl_no_ppm,Without pyramid pooling,figshare/2628.png,fs_MR034694,0,True,0.023857964409722224,0.778275191783905,0.19327783584594727,0.39596349000930786,True,True,True
abl_no_ppm,Without pyramid pooling,figshare/2629.png,fs_MR034694,0,True,0.025356716579861112,0.6283370852470398,0.1552940309047699,0.203083798289299,True,True,True
abl_no_ppm,Without pyramid pooling,figshare/2630.png,fs_MR034694,0,True,0.017835828993055556,0.7095579504966736,0.1265229433774948,0.1959667205810547,True,True,True
abl_no_ppm,Without pyramid pooling,figshare/2646.png,fs_MR053241C,0,True,0.008341471354166666,0.02503373473882675,0.0031075195875018835,0.006522543262690306,False,False,False
abl_no_ppm,Without pyramid pooling,figshare/2647.png,fs_MR053241C,0,True,0.005655924479166667,0.11739686131477356,0.012668429873883724,0.3137117326259613,True,True,True
abl_no_ppm,Without pyramid pooling,figshare/2648.png,fs_MR053241C,0,True,0.004835340711805556,0.021830279380083084,0.0024362795520573854,0.0005387954879552126,False,False,False
abl_no_ppm,Without pyramid pooling,figshare/2649.png,fs_MR053241C,0,True,0.0052490234375,0.03234701603651047,0.0026390859857201576,0.03601972386240959,False,False,False
abl_no_ppm,Without pyramid pooling,figshare/2650.png,fs_MR034997,0,True,0.010158962673611112,0.5317644476890564,0.10310262441635132,0.25593042373657227,True,True,True
abl_no_ppm,Without pyramid pooling,figshare/2651.png,fs_MR034997,0,True,0.021952311197916668,0.7486683130264282,0.18368734419345856,0.41740649938583374,True,True,True
abl_no_ppm,Without pyramid pooling,figshare/2652.png,fs_MR034997,0,True,0.024447970920138888,0.7495020031929016,0.2042168527841568,0.46504297852516174,True,True,True
abl_no_ppm,Without pyramid pooling,figshare/2653.png,fs_MR034997,0,True,0.022623697916666668,0.645685076713562,0.18279561400413513,0.47941213846206665,True,True,True
abl_no_ppm,Without pyramid pooling,figshare/2654.png,fs_MR034997,0,True,0.025139702690972224,0.7853025197982788,0.19647589325904846,0.48483139276504517,True,True,True
abl_no_ppm,Without pyramid pooling,figshare/2655.png,fs_MR034997,0,True,0.020521375868055556,0.6866436004638672,0.13650353252887726,0.3037666082382202,True,True,True
abl_no_ppm,Without pyramid pooling,figshare/2656.png,fs_MR034997,0,True,0.0159912109375,0.43616679310798645,0.10963330417871475,0.2584048807621002,True,True,True
abl_no_ppm,Without pyramid pooling,figshare/2675.png,fs_MR049019G,0,True,0.019646538628472224,0.2826935052871704,0.10008934885263443,0.11788298189640045,True,False,False
abl_no_ppm,Without pyramid pooling,figshare/2676.png,fs_MR049019G,0,True,0.023362901475694444,0.31720075011253357,0.1515534520149231,0.26716262102127075,True,True,True
abl_no_ppm,Without pyramid pooling,figshare/2677.png,fs_MR049019G,0,True,0.027065700954861112,0.44375747442245483,0.18971480429172516,0.36900970339775085,True,True,True
abl_no_ppm,Without pyramid pooling,figshare/2702.png,fs_MR037458B,0,False,0.002509223090277778,0.003982010763138533,0.0003494241100270301,0.006336067337542772,False,False,False
abl_no_ppm,Without pyramid pooling,figshare/2703.png,fs_MR037458B,0,False,0.006632486979166667,0.0257677361369133,0.0012810593470931053,0.0,True,False,False
abl_no_ppm,Without pyramid pooling,figshare/2704.png,fs_MR037458B,0,True,0.0128173828125,0.5360898971557617,0.07657477259635925,0.3201337158679962,True,True,True
abl_no_ppm,Without pyramid pooling,figshare/2705.png,fs_MR037458B,0,True,0.020358615451388888,0.5524483919143677,0.07667580991983414,0.479746013879776,True,True,True
abl_no_ppm,Without pyramid pooling,figshare/2706.png,fs_MR037458B,0,True,0.017442491319444444,0.6139097213745117,0.09007641673088074,0.7373610734939575,True,True,True
abl_no_ppm,Without pyramid pooling,figshare/2707.png,fs_MR037458B,0,True,0.011298285590277778,0.5071398615837097,0.08604796975851059,0.5832558870315552,True,True,True
abl_no_ppm,Without pyramid pooling,figshare/2708.png,fs_MR037458B,0,True,0.005255805121527778,0.21363860368728638,0.016643470153212547,0.31190767884254456,True,True,True
abl_no_ppm,Without pyramid pooling,figshare/2709.png,fs_MR037458B,0,True,0.006422254774305556,0.1888221651315689,0.02423582784831524,0.28033262491226196,False,True,True
abl_no_ppm,Without pyramid pooling,figshare/2743.png,fs_MR049019G,0,True,0.013014051649305556,0.29585906863212585,0.13190077245235443,0.1336566060781479,True,True,False
abl_no_ppm,Without pyramid pooling,figshare/2744.png,fs_MR049019G,0,True,0.014492458767361112,0.2541462182998657,0.13602203130722046,0.20804347097873688,True,True,False
abl_no_ppm,Without pyramid pooling,figshare/2745.png,fs_MR049019G,0,True,0.03921847873263889,0.412227064371109,0.2426806390285492,0.3143487870693207,False,False,True
abl_no_ppm,Without pyramid pooling,figshare/2746.png,fs_MR049019G,0,True,0.024393717447916668,0.3068721890449524,0.18037176132202148,0.1986340880393982,True,False,False
abl_no_ppm,Without pyramid pooling,figshare/2747.png,fs_MR049019G,0,True,0.008884006076388888,0.15271566808223724,0.08257544785737991,0.0741957500576973,False,True,False
abl_no_ppm,Without pyramid pooling,figshare/2769.png,fs_MR037458B,0,True,0.014180501302083334,0.33848094940185547,0.07659924030303955,0.24172255396842957,True,True,True
abl_no_ppm,Without pyramid pooling,figshare/2770.png,fs_MR037458B,0,True,0.007290310329861111,0.3374650478363037,0.05686214938759804,0.13459374010562897,True,True,True
abl_no_ppm,Without pyramid pooling,figshare/2771.png,fs_MR037458B,0,True,0.025214301215277776,0.6326655149459839,0.18848370015621185,0.48269981145858765,True,True,True
abl_no_ppm,Without pyramid pooling,figshare/2772.png,fs_MR037458B,0,True,0.018235948350694444,0.5189558267593384,0.13755705952644348,0.5133585929870605,True,True,True
abl_no_ppm,Without pyramid pooling,figshare/2773.png,fs_MR037458B,0,True,0.017768012152777776,0.4658934473991394,0.07230426371097565,0.5221218466758728,True,True,True
abl_no_ppm,Without pyramid pooling,figshare/2787.png,fs_MR040240,0,True,0.024210611979166668,0.528180718421936,0.20374232530593872,0.3908829987049103,False,True,True
abl_no_ppm,Without pyramid pooling,figshare/2788.png,fs_MR040240,0,True,0.014492458767361112,0.36938807368278503,0.12062324583530426,0.27074313163757324,True,True,True
abl_no_ppm,Without pyramid pooling,figshare/2789.png,fs_MR040240,0,True,0.05129665798611111,0.8704532384872437,0.3988404870033264,0.6941309571266174,True,True,True
abl_no_ppm,Without pyramid pooling,figshare/2790.png,fs_MR040240,0,True,0.05272081163194445,0.8670068383216858,0.40158358216285706,0.70499587059021,True,True,True
abl_no_ppm,Without pyramid pooling,figshare/2791.png,fs_MR040240,0,True,0.038872612847222224,0.8072100281715393,0.24167996644973755,0.5564267039299011,True,True,True
abl_no_ppm,Without pyramid pooling,figshare/2792.png,fs_MR040240,0,True,0.017747667100694444,0.4661105275154114,0.1423991173505783,0.2989445924758911,True,True,False
abl_no_ppm,Without pyramid pooling,figshare/2793.png,fs_MR040240,0,True,0.015550401475694444,0.5945927500724792,0.13973289728164673,0.1999749392271042,True,True,False
abl_no_ppm,Without pyramid pooling,figshare/2794.png,fs_MR040240,0,True,0.006985134548611111,0.27688533067703247,0.07613982260227203,0.1483619660139084,True,True,False
abl_no_ppm,Without pyramid pooling,figshare/2876.png,fs_MR049453,0,True,0.007012261284722222,0.07314299046993256,0.034002650529146194,0.0018928321078419685,False,False,False
abl_no_ppm,Without pyramid pooling,figshare/2877.png,fs_MR049453,0,True,0.018086751302083332,0.39105847477912903,0.19831374287605286,0.27005502581596375,False,True,True
abl_no_ppm,Without pyramid pooling,figshare/2878.png,fs_MR049453,0,True,0.028469509548611112,0.5205783843994141,0.2910158038139343,0.39470356702804565,True,True,True
abl_no_ppm,Without pyramid pooling,figshare/2879.png,fs_MR049453,0,True,0.04705810546875,0.717578649520874,0.3917351961135864,0.5018466114997864,True,True,True
abl_no_ppm,Without pyramid pooling,figshare/2880.png,fs_MR049453,0,True,0.03195529513888889,0.614833652973175,0.3033170998096466,0.3469879925251007,True,True,True
abl_no_ppm,Without pyramid pooling,figshare/2881.png,fs_MR049453,0,True,0.029832628038194444,0.507296085357666,0.2515496611595154,0.2966521978378296,True,True,True
abl_no_ppm,Without pyramid pooling,figshare/2882.png,fs_MR049453,0,True,0.04216172960069445,0.6214914917945862,0.2742915451526642,0.10067138075828552,True,True,True
abl_no_ppm,Without pyramid pooling,figshare/2883.png,fs_MR049453,0,True,0.004706488715277778,0.20692194998264313,0.049524806439876556,0.1383272111415863,True,True,True
abl_no_ppm,Without pyramid pooling,figshare/2884.png,fs_MR049453,0,True,0.006252712673611111,0.407427042722702,0.06605104357004166,0.15437203645706177,True,True,True
abl_no_ppm,Without pyramid pooling,figshare/2891.png,fs_MR050135B,0,True,0.011637369791666666,0.5147009491920471,0.11639430373907089,0.3046697676181793,True,True,True
abl_no_ppm,Without pyramid pooling,figshare/2892.png,fs_MR050135B,0,True,0.015414767795138888,0.5734184980392456,0.15679459273815155,0.38001951575279236,True,True,True
abl_no_ppm,Without pyramid pooling,figshare/2893.png,fs_MR050135B,0,True,0.019816080729166668,0.6266975402832031,0.18980732560157776,0.37963420152664185,True,True,True
abl_no_ppm,Without pyramid pooling,figshare/2894.png,fs_MR050135B,0,True,0.042683919270833336,0.7963361144065857,0.3304692208766937,0.5097975134849548,True,True,True
abl_no_ppm,Without pyramid pooling,figshare/2895.png,fs_MR050135B,0,True,0.004475911458333333,0.14099018275737762,0.041154760867357254,0.06392771005630493,True,True,False
abl_no_ppm,Without pyramid pooling,figshare/2896.png,fs_MR050135B,0,True,0.012498643663194444,0.3545352518558502,0.12247400730848312,0.2157987654209137,True,True,True
abl_no_ppm,Without pyramid pooling,figshare/2897.png,fs_MR050135B,0,True,0.016323513454861112,0.4094339609146118,0.15288032591342926,0.2570144832134247,True,True,True
abl_no_ppm,Without pyramid pooling,figshare/2898.png,fs_MR050135B,0,True,0.0126953125,0.412564754486084,0.13277216255664825,0.18004277348518372,True,True,True
abl_no_ppm,Without pyramid pooling,figshare/2899.png,fs_MR050135B,0,True,0.005852593315972222,0.15239585936069489,0.04233486205339432,0.024015678092837334,False,False,False
abl_no_ppm,Without pyramid pooling,figshare/2906.png,fs_MR050791B,0,False,0.00286865234375,0.004089596681296825,0.002002317924052477,0.0,False,False,False
abl_no_ppm,Without pyramid pooling,figshare/2907.png,fs_MR050791B,0,True,0.009385850694444444,0.04958963766694069,0.061917953193187714,0.1264493316411972,False,True,True
abl_no_ppm,Without pyramid pooling,figshare/2908.png,fs_MR050791B,0,True,0.014112684461805556,0.15983739495277405,0.12424978613853455,0.29813969135284424,False,True,True
abl_no_ppm,Without pyramid pooling,figshare/2909.png,fs_MR050791B,0,True,0.020534939236111112,0.15425902605056763,0.11840306222438812,0.27368876338005066,False,True,True
abl_no_ppm,Without pyramid pooling,figshare/2910.png,fs_MR050791B,0,True,0.015265570746527778,0.12526972591876984,0.07160472124814987,0.2388453334569931,False,True,True
abl_no_ppm,Without pyramid pooling,figshare/2911.png,fs_MR050791B,0,True,0.010138617621527778,0.05383460596203804,0.056758422404527664,0.08474947512149811,False,False,False
abl_no_ppm,Without pyramid pooling,figshare/2912.png,fs_MR050791B,0,True,0.010328504774305556,0.049783818423748016,0.06365763396024704,0.11677293479442596,False,False,False
abl_no_ppm,Without pyramid pooling,figshare/2913.png,fs_MR050791B,0,True,0.00726318359375,0.04773634299635887,0.04236825183033943,0.09348451346158981,False,False,False
abl_no_ppm,Without pyramid pooling,figshare/2999.png,fs_MR053110B,0,True,0.019449869791666668,0.02160419523715973,0.016823606565594673,0.0,False,False,False
abl_no_ppm,Without pyramid pooling,figshare/3000.png,fs_MR053110B,0,True,0.025614420572916668,0.20628537237644196,0.14385980367660522,0.023703789338469505,False,True,False
abl_no_ppm,Without pyramid pooling,figshare/3001.png,fs_MR053110B,0,True,0.03150770399305555,0.3956843912601471,0.1854974925518036,0.08742742240428925,False,True,True
abl_no_ppm,Without pyramid pooling,figshare/3002.png,fs_MR053110B,0,True,0.038655598958333336,0.31957489252090454,0.20206370949745178,0.11966845393180847,True,False,False
abl_no_ppm,Without pyramid pooling,figshare/3003.png,fs_MR053110B,0,True,0.026896158854166668,0.20843827724456787,0.1080174520611763,0.12580135464668274,False,False,False
abl_no_ppm,Without pyramid pooling,figshare/3004.png,fs_MR053110B,0,True,0.001315646701388889,0.033687811344861984,0.009133139625191689,0.022592606022953987,False,False,False
abl_no_ppm,Without pyramid pooling,figshare/3005.png,fs_MR034694,0,True,0.01019287109375,0.37275266647338867,0.13324449956417084,0.04860542714595795,True,True,True
abl_no_ppm,Without pyramid pooling,figshare/3006.png,fs_MR034694,0,True,0.018269856770833332,0.6108269691467285,0.23930390179157257,0.19203855097293854,True,True,True
abl_no_ppm,Without pyramid pooling,figshare/3007.png,fs_MR034694,0,True,0.016255696614583332,0.515139639377594,0.2102964222431183,0.259630411863327,True,True,True
abl_no_ppm,Without pyramid pooling,figshare/3008.png,fs_MR034694,0,True,0.016228569878472224,0.5509592890739441,0.16577689349651337,0.0017941464902833104,True,True,False
abl_no_ppm,Without pyramid pooling,figshare/3022.png,fs_MR034997,0,True,0.006361219618055556,0.32681864500045776,0.058362048119306564,0.17056100070476532,True,True,True
abl_no_ppm,Without pyramid pooling,figshare/3023.png,fs_MR034997,0,True,0.013319227430555556,0.6483971476554871,0.13588698208332062,0.20341195166110992,True,True,True
abl_no_ppm,Without pyramid pooling,figshare/3024.png,fs_MR034997,0,True,0.021694607204861112,0.6626313328742981,0.20471656322479248,0.36615297198295593,True,True,True
abl_no_ppm,Without pyramid pooling,figshare/3025.png,fs_MR034997,0,True,0.024787055121527776,0.6761661171913147,0.23981279134750366,0.47346585988998413,True,True,True
abl_no_ppm,Without pyramid pooling,figshare/3026.png,fs_MR034997,0,True,0.019280327690972224,0.626007616519928,0.19969680905342102,0.30111539363861084,True,True,True
abl_no_ppm,Without pyramid pooling,figshare/3027.png,fs_MR034997,0,True,0.013102213541666666,0.4884635806083679,0.14408965408802032,0.2511160373687744,True,True,True
abl_no_ppm,Without pyramid pooling,figshare/3028.png,fs_MR034997,0,True,0.002570258246527778,0.08645474165678024,0.026636656373739243,0.03272510692477226,False,True,False
abl_no_ppm,Without pyramid pooling,figshare/3039.png,fs_MR024780E,0,True,0.001193576388888889,0.01816018857061863,0.000944165454711765,0.012232397682964802,True,False,False
abl_no_ppm,Without pyramid pooling,figshare/3040.png,fs_MR024780E,0,True,0.003017849392361111,0.27810391783714294,0.026110293343663216,0.05987145006656647,True,True,True
abl_no_ppm,Without pyramid pooling,figshare/3041.png,fs_MR024780E,0,True,0.0025838216145833335,0.12957535684108734,0.02385023981332779,0.04876095801591873,True,True,False
abl_no_ppm,Without pyramid pooling,figshare/3042.png,fs_MR040240C,0,True,0.021280924479166668,0.15040060877799988,0.10710502415895462,0.16043366491794586,False,False,False
abl_no_ppm,Without pyramid pooling,figshare/3043.png,fs_MR040240C,0,True,0.015313042534722222,0.07430001348257065,0.09900856763124466,0.14493954181671143,False,False,False
abl_no_ppm,Without pyramid pooling,figshare/3044.png,fs_MR040240C,0,True,0.034125434027777776,0.2751692235469818,0.2019903063774109,0.33946382999420166,False,False,False
abl_no_ppm,Without pyramid pooling,figshare/3045.png,fs_MR040240C,0,True,0.030219184027777776,0.2793879508972168,0.17601443827152252,0.4067564308643341,False,True,True
abl_no_ppm,Without pyramid pooling,figshare/3046.png,fs_MR040240C,0,True,0.016777886284722224,0.24511046707630157,0.10018308460712433,0.17526866495609283,False,True,True
abl_no_ppm,Without pyramid pooling,figshare/3047.png,fs_MR040240D,0,True,0.003119574652777778,0.1355045586824417,0.035308416932821274,0.014338362962007523,True,False,False
abl_no_ppm,Without pyramid pooling,figshare/3048.png,fs_MR040240D,0,True,0.0020005967881944445,0.06910288333892822,0.018566347658634186,0.03866450488567352,True,False,True
abl_concat,BiFAM -> concatenation,figshare/0001.png,fs_100360,1,True,0.017510308159722224,0.7946207523345947,0.15754078328609467,0.8041911125183105,True,True,True
abl_concat,BiFAM -> concatenation,figshare/0002.png,fs_100360,1,True,0.032938639322916664,0.9086093902587891,0.2794702351093292,0.7471447587013245,True,True,True
abl_concat,BiFAM -> concatenation,figshare/0003.png,fs_100360,1,True,0.04019504123263889,0.9480284452438354,0.3257260024547577,0.8562537431716919,True,True,True
abl_concat,BiFAM -> concatenation,figshare/0004.png,fs_100360,1,True,0.034003363715277776,0.8959221839904785,0.2861727774143219,0.8419339060783386,True,True,True
abl_concat,BiFAM -> concatenation,figshare/0005.png,fs_100360,1,True,0.04301622178819445,0.9654461741447449,0.257248193025589,0.9477749466896057,True,True,True
abl_concat,BiFAM -> concatenation,figshare/0026.png,fs_102446,1,True,0.0027601453993055555,0.4332493841648102,0.029463600367307663,0.0831577330827713,True,True,True
abl_concat,BiFAM -> concatenation,figshare/0049.png,fs_104281,1,True,0.00714111328125,0.7176911234855652,0.08683668822050095,0.8858591914176941,True,True,True
abl_concat,BiFAM -> concatenation,figshare/0050.png,fs_104281,1,True,0.019049750434027776,0.8100029230117798,0.18999138474464417,0.8134542107582092,True,True,True
abl_concat,BiFAM -> concatenation,figshare/0051.png,fs_104281,1,True,0.022298177083333332,0.8611243963241577,0.2158936858177185,0.8700369596481323,True,True,True
abl_concat,BiFAM -> concatenation,figshare/0052.png,fs_104281,1,True,0.021280924479166668,0.8545870780944824,0.20327067375183105,0.8634918928146362,True,True,True
abl_concat,BiFAM -> concatenation,figshare/0053.png,fs_104281,1,True,0.015679253472222224,0.8103464841842651,0.15075726807117462,0.9378184676170349,True,True,True
abl_concat,BiFAM -> concatenation,figshare/0054.png,fs_104281,1,True,0.008938259548611112,0.763634204864502,0.08889748901128769,0.9402331709861755,True,True,True
abl_concat,BiFAM -> concatenation,figshare/0055.png,fs_104281,1,True,0.00494384765625,0.6762467622756958,0.05002987012267113,0.8335842490196228,True,True,True
abl_concat,BiFAM -> concatenation,figshare/0056.png,fs_105374,1,True,0.004007975260416667,0.6915931701660156,0.04437442123889923,0.856024980545044,True,True,True
abl_concat,BiFAM -> concatenation,figshare/0057.png,fs_105374,1,True,0.00408935546875,0.6785343289375305,0.04062558710575104,0.8494802117347717,True,True,True
abl_concat,BiFAM -> concatenation,figshare/0093.png,fs_107248,1,True,0.009711371527777778,0.6765923500061035,0.09227047115564346,0.9259676933288574,True,True,True
abl_concat,BiFAM -> concatenation,figshare/0094.png,fs_107248,1,True,0.01177978515625,0.8575637340545654,0.12948933243751526,0.9716209769248962,True,True,True
abl_concat,BiFAM -> concatenation,figshare/0095.png,fs_107248,1,True,0.004597981770833333,0.36242419481277466,0.06007296219468117,0.31436407566070557,False,True,True
abl_concat,BiFAM -> concatenation,figshare/0096.png,fs_107248,1,True,0.006700303819444444,0.7453094124794006,0.09332069009542465,0.8993615508079529,True,True,True
abl_concat,BiFAM -> concatenation,figshare/0097.png,fs_107248,1,True,0.00921630859375,0.8429853320121765,0.11194949597120285,0.9883490800857544,True,True,True
abl_concat,BiFAM -> concatenation,figshare/0098.png,fs_107248,1,True,0.00750732421875,0.7937114834785461,0.09387856721878052,0.3770965039730072,True,True,True
abl_concat,BiFAM -> concatenation,figshare/0119.png,fs_109411,1,True,0.0018717447916666667,0.4729672074317932,0.019393570721149445,0.5456461310386658,True,True,True
abl_concat,BiFAM -> concatenation,figshare/0120.png,fs_109968,1,True,0.019124348958333332,0.8851642608642578,0.17308883368968964,0.9164080619812012,True,True,True
abl_concat,BiFAM -> concatenation,figshare/0121.png,fs_109968,1,True,0.020731608072916668,0.9072515964508057,0.19409038126468658,0.9383905529975891,True,True,True
abl_concat,BiFAM -> concatenation,figshare/0122.png,fs_109968,1,True,0.019239637586805556,0.8781635761260986,0.1906200796365738,0.7938080430030823,True,True,True
abl_concat,BiFAM -> concatenation,figshare/0123.png,fs_109968,1,True,0.012363009982638888,0.8589692115783691,0.1270008385181427,0.9676554799079895,True,True,True
abl_concat,BiFAM -> concatenation,figshare/0132.png,fs_111532,1,True,0.017340766059027776,0.904032826423645,0.1440594643354416,0.9544708132743835,True,True,True
abl_concat,BiFAM -> concatenation,figshare/0133.png,fs_111532,1,True,0.021755642361111112,0.9431730508804321,0.16017691791057587,0.9668011665344238,True,True,True
abl_concat,BiFAM -> concatenation,figshare/0134.png,fs_111532,1,True,0.022928873697916668,0.944940447807312,0.16395166516304016,0.937856137752533,True,True,True
abl_concat,BiFAM -> concatenation,figshare/0154.png,fs_113435,1,True,0.03425428602430555,0.9257298111915588,0.28467443585395813,0.7787039279937744,True,True,True
abl_concat,BiFAM -> concatenation,figshare/0155.png,fs_113435,1,True,0.0469970703125,0.9625239372253418,0.34313613176345825,0.0,True,True,False
abl_concat,BiFAM -> concatenation,figshare/0156.png,fs_113435,1,True,0.04841444227430555,0.9566825032234192,0.3452512323856354,0.0,True,True,False
abl_concat,BiFAM -> concatenation,figshare/0157.png,fs_113435,1,True,0.045586480034722224,0.9414485096931458,0.3210381865501404,0.7058007717132568,True,True,True
abl_concat,BiFAM -> concatenation,figshare/0158.png,fs_113435,1,True,0.037285698784722224,0.9612376689910889,0.25884535908699036,0.9176098108291626,True,True,True
abl_concat,BiFAM -> concatenation,figshare/0159.png,fs_113435,1,True,0.024427625868055556,0.9066352844238281,0.17689284682273865,0.9375918507575989,True,True,True
abl_concat,BiFAM -> concatenation,figshare/0160.png,fs_113554,1,True,0.009663899739583334,0.8567332625389099,0.10059721022844315,0.9524980783462524,True,True,True
abl_concat,BiFAM -> concatenation,figshare/0161.png,fs_113554,1,True,0.012281629774305556,0.8924701809883118,0.11545218527317047,0.9828731417655945,True,True,True
abl_concat,BiFAM -> concatenation,figshare/0162.png,fs_113554,1,True,0.01031494140625,0.8570066690444946,0.09751549363136292,0.9634240865707397,True,True,True
abl_concat,BiFAM -> concatenation,figshare/0204.png,fs_99308,1,True,0.024325900607638888,0.8110295534133911,0.2210487723350525,0.7638514637947083,True,True,True
abl_concat,BiFAM -> concatenation,figshare/0205.png,fs_99308,1,True,0.03409152560763889,0.9174559116363525,0.2767753005027771,0.4925609230995178,True,True,False
abl_concat,BiFAM -> concatenation,figshare/0206.png,fs_99308,1,True,0.03354220920138889,0.9111576676368713,0.2598735988140106,0.8798277974128723,True,True,True
abl_concat,BiFAM -> concatenation,figshare/0207.png,fs_99308,1,True,0.031426323784722224,0.93111652135849,0.23332172632217407,0.7653811573982239,True,True,True
abl_concat,BiFAM -> concatenation,figshare/0208.png,fs_99308,1,True,0.023444281684027776,0.9195734262466431,0.1715918779373169,0.8707345128059387,True,True,True
abl_concat,BiFAM -> concatenation,figshare/0211.png,fs_100360,1,True,0.017788357204861112,0.9000370502471924,0.15256032347679138,0.9797865748405457,True,True,True
abl_concat,BiFAM -> concatenation,figshare/0212.png,fs_100360,1,True,0.029127332899305556,0.9193406701087952,0.2648945748806,0.9745678901672363,True,True,True
abl_concat,BiFAM -> concatenation,figshare/0213.png,fs_100360,1,True,0.03314208984375,0.9172170162200928,0.3050963580608368,0.90702223777771,True,True,True
abl_concat,BiFAM -> concatenation,figshare/0214.png,fs_100360,1,True,0.03602430555555555,0.9286775588989258,0.311574250459671,0.9738491773605347,True,True,True
abl_concat,BiFAM -> concatenation,figshare/0215.png,fs_100360,1,True,0.031636555989583336,0.8643425107002258,0.2728407680988312,0.9596002101898193,True,True,True
abl_concat,BiFAM -> concatenation,figshare/0216.png,fs_100360,1,True,0.017157660590277776,0.7339741587638855,0.1791422963142395,0.07489192485809326,True,True,True
abl_concat,BiFAM -> concatenation,figshare/0217.png,fs_100360,1,True,0.011942545572916666,0.6883692741394043,0.10081099718809128,0.018200701102614403,False,True,True
abl_concat,BiFAM -> concatenation,figshare/0239.png,fs_102446,1,True,0.0033162434895833335,0.6211224794387817,0.03958262875676155,0.8320568799972534,True,True,True
abl_concat,BiFAM -> concatenation,figshare/0275.png,fs_104281,1,True,0.011386447482638888,0.8030317425727844,0.13809405267238617,0.9534114003181458,True,True,True
abl_concat,BiFAM -> concatenation,figshare/0276.png,fs_104281,1,True,0.021430121527777776,0.9033373594284058,0.22445064783096313,0.9054045081138611,True,True,True
abl_concat,BiFAM -> concatenation,figshare/0277.png,fs_104281,1,True,0.023851182725694444,0.893538773059845,0.2516492009162903,0.8753554821014404,True,True,True
abl_concat,BiFAM -> concatenation,figshare/0278.png,fs_104281,1,True,0.022481282552083332,0.8820877075195312,0.23844005167484283,0.8708194494247437,True,True,True
abl_concat,BiFAM -> concatenation,figshare/0279.png,fs_104281,1,True,0.016438802083333332,0.8611828088760376,0.17949149012565613,0.8539338707923889,True,True,True
abl_concat,BiFAM -> concatenation,figshare/0280.png,fs_104281,1,True,0.011705186631944444,0.8684760928153992,0.11705569922924042,0.991866409778595,True,True,True
abl_concat,BiFAM -> concatenation,figshare/0281.png,fs_105374,1,True,0.005703396267361111,0.7650418281555176,0.07299767434597015,0.9606130123138428,True,True,True
abl_concat,BiFAM -> concatenation,figshare/0282.png,fs_105374,1,True,0.00531005859375,0.7012167572975159,0.07070429623126984,0.9275959730148315,True,True,True
abl_concat,BiFAM -> concatenation,figshare/0316.png,fs_107248,1,True,0.014017740885416666,0.8202787041664124,0.17049194872379303,0.9182705283164978,True,True,True
abl_concat,BiFAM -> concatenation,figshare/0317.png,fs_107248,1,True,0.014716254340277778,0.8410544991493225,0.18010741472244263,0.9693659543991089,True,True,True
abl_concat,BiFAM -> concatenation,figshare/0318.png,fs_107248,1,True,0.009738498263888888,0.8304039835929871,0.12791110575199127,0.9696990847587585,True,True,True
abl_concat,BiFAM -> concatenation,figshare/0319.png,fs_107248,1,True,0.009121365017361112,0.7815289497375488,0.11721505969762802,0.9286564588546753,True,True,True
abl_concat,BiFAM -> concatenation,figshare/0340.png,fs_109411,1,True,0.0011121961805555555,0.10518193989992142,0.014765960164368153,0.14861667156219482,True,True,False
abl_concat,BiFAM -> concatenation,figshare/0341.png,fs_109968,1,True,0.015801323784722224,0.853513777256012,0.176896870136261,0.9702925086021423,True,True,True
abl_concat,BiFAM -> concatenation,figshare/0342.png,fs_109968,1,True,0.019314236111111112,0.8567740321159363,0.2200600951910019,0.9446493983268738,True,True,True
abl_concat,BiFAM -> concatenation,figshare/0343.png,fs_109968,1,True,0.021775987413194444,0.8912404775619507,0.24119865894317627,0.9396793246269226,True,True,True
abl_concat,BiFAM -> concatenation,figshare/0344.png,fs_109968,1,True,0.019266764322916668,0.9069953560829163,0.20326152443885803,0.9835156798362732,True,True,True
abl_concat,BiFAM -> concatenation,figshare/0357.png,fs_111532,1,True,0.006612141927083333,0.7473607063293457,0.07134784013032913,0.9300593733787537,True,True,True
abl_concat,BiFAM -> concatenation,figshare/0358.png,fs_111532,1,True,0.011508517795138888,0.8843721151351929,0.12156768888235092,0.9762742519378662,True,True,True
abl_concat,BiFAM -> concatenation,figshare/0359.png,fs_111532,1,True,0.015496148003472222,0.9125248789787292,0.17267902195453644,0.9784742593765259,True,True,True
abl_concat,BiFAM -> concatenation,figshare/0360.png,fs_111532,1,True,0.016886393229166668,0.8966839909553528,0.18890395760536194,0.9718875288963318,True,True,True
abl_concat,BiFAM -> concatenation,figshare/0361.png,fs_111532,1,True,0.014411078559027778,0.8999397158622742,0.15696962177753448,0.985009491443634,True,True,True
abl_concat,BiFAM -> concatenation,figshare/0382.png,fs_113435,1,True,0.014227973090277778,0.8344922661781311,0.16936935484409332,0.9191445708274841,True,True,True
abl_concat,BiFAM -> concatenation,figshare/0383.png,fs_113435,1,True,0.02447509765625,0.8917255401611328,0.26431766152381897,0.8789350390434265,True,True,True
abl_concat,BiFAM -> concatenation,figshare/0384.png,fs_113435,1,True,0.030239529079861112,0.8790076375007629,0.3106362819671631,0.6741806268692017,True,True,True
abl_concat,BiFAM -> concatenation,figshare/0385.png,fs_113435,1,True,0.03578016493055555,0.9235994219779968,0.34879326820373535,0.8093311190605164,True,True,True
abl_concat,BiFAM -> concatenation,figshare/0386.png,fs_113435,1,True,0.03671603732638889,0.9263933897018433,0.34481745958328247,0.812497615814209,True,True,True
abl_concat,BiFAM -> concatenation,figshare/0387.png,fs_113435,1,True,0.035407172309027776,0.9330853819847107,0.337067186832428,0.820186972618103,True,True,True
abl_concat,BiFAM -> concatenation,figshare/0388.png,fs_113435,1,True,0.032294379340277776,0.931032121181488,0.31012576818466187,0.857130229473114,True,True,True
abl_concat,BiFAM -> concatenation,figshare/0389.png,fs_113435,1,True,0.02716064453125,0.9002739787101746,0.25749441981315613,0.7403367161750793,True,True,True
abl_concat,BiFAM -> concatenation,figshare/0390.png,fs_113554,1,True,0.004957411024305556,0.5569338202476501,0.06365342438220978,0.7929304242134094,True,True,True
abl_concat,BiFAM -> concatenation,figshare/0391.png,fs_113554,1,True,0.01031494140625,0.7944962382316589,0.12291339784860611,0.9303255081176758,True,True,True
abl_concat,BiFAM -> concatenation,figshare/0392.png,fs_113554,1,True,0.005445692274305556,0.7040979266166687,0.07444395124912262,0.9060178995132446,True,True,True
abl_concat,BiFAM -> concatenation,figshare/0438.png,fs_99308,1,True,0.027628580729166668,0.9261893630027771,0.29526472091674805,0.7625893950462341,True,True,True
abl_concat,BiFAM -> concatenation,figshare/0439.png,fs_99308,1,True,0.03233506944444445,0.9367496371269226,0.3156975507736206,0.7408573627471924,True,True,True
abl_concat,BiFAM -> concatenation,figshare/0440.png,fs_99308,1,True,0.0345458984375,0.9407783150672913,0.331787645816803,0.9223262071609497,True,True,True
abl_concat,BiFAM -> concatenation,figshare/0441.png,fs_99308,1,True,0.02667236328125,0.8865951895713806,0.2712857723236084,0.43473103642463684,True,True,False
abl_concat,BiFAM -> concatenation,figshare/0442.png,fs_100360,1,True,0.022006564670138888,0.8624110221862793,0.21280254423618317,0.9359622597694397,True,True,True
abl_concat,BiFAM -> concatenation,figshare/0443.png,fs_100360,1,True,0.03608534071180555,0.954650342464447,0.26635468006134033,0.9968488216400146,True,True,True
abl_concat,BiFAM -> concatenation,figshare/0444.png,fs_100360,1,True,0.03347439236111111,0.9345738291740417,0.31409260630607605,0.9829230904579163,True,True,True
abl_concat,BiFAM -> concatenation,figshare/0445.png,fs_100360,1,True,0.03360324435763889,0.9399531483650208,0.31570854783058167,0.9948385953903198,True,True,True
abl_concat,BiFAM -> concatenation,figshare/0446.png,fs_100360,1,True,0.021023220486111112,0.777012825012207,0.23168271780014038,0.9704898595809937,True,True,True
abl_concat,BiFAM -> concatenation,figshare/0447.png,fs_100360,1,True,0.019137912326388888,0.88845294713974,0.21167421340942383,0.9779090881347656,True,True,True
abl_concat,BiFAM -> concatenation,figshare/0450.png,fs_100639,1,True,0.006137424045138889,0.7673018574714661,0.07742329686880112,0.9498833417892456,True,True,True
abl_concat,BiFAM -> concatenation,figshare/0451.png,fs_100639,1,True,0.007548014322916667,0.8173370957374573,0.09445566684007645,0.9757621884346008,True,True,True
abl_concat,BiFAM -> concatenation,figshare/0452.png,fs_100920,1,True,0.010287814670138888,0.834185779094696,0.14157910645008087,0.9697059988975525,True,True,True
abl_concat,BiFAM -> concatenation,figshare/0453.png,fs_100920,1,True,0.014051649305555556,0.83976811170578,0.18806825578212738,0.9764994978904724,True,True,True
abl_concat,BiFAM -> concatenation,figshare/0454.png,fs_100920,1,True,0.013041178385416666,0.8023855686187744,0.18247009813785553,0.9495834708213806,True,True,True
abl_concat,BiFAM -> concatenation,figshare/0476.png,fs_102446,1,True,0.003350151909722222,0.5947074294090271,0.05122828111052513,0.8211630582809448,True,True,True
abl_concat,BiFAM -> concatenation,figshare/0477.png,fs_102446,1,True,0.0024617513020833335,0.48716041445732117,0.03806675598025322,0.04431711137294769,True,True,True
abl_concat,BiFAM -> concatenation,figshare/0510.png,fs_104281,1,True,0.021931966145833332,0.9230782985687256,0.20121918618679047,0.9679575562477112,True,True,True
abl_concat,BiFAM -> concatenation,figshare/0511.png,fs_104281,1,True,0.028469509548611112,0.9472546577453613,0.2667429447174072,0.8944001197814941,True,True,True
abl_concat,BiFAM -> concatenation,figshare/0512.png,fs_104281,1,True,0.029656304253472224,0.9318109750747681,0.2952074706554413,0.9653046131134033,True,True,True
abl_concat,BiFAM -> concatenation,figshare/0513.png,fs_104281,1,True,0.022772894965277776,0.9038625359535217,0.24578186869621277,0.967605710029602,True,True,True
abl_concat,BiFAM -> concatenation,figshare/0517.png,fs_105374,1,True,0.00457763671875,0.721045970916748,0.06107840687036514,0.9184305667877197,True,True,True
abl_concat,BiFAM -> concatenation,figshare/0551.png,fs_107248,1,True,0.011338975694444444,0.8099450469017029,0.16469207406044006,0.9765762686729431,True,True,True
abl_concat,BiFAM -> concatenation,figshare/0552.png,fs_107248,1,True,0.014655219184027778,0.8454868793487549,0.2053470015525818,0.9890223145484924,True,True,True
abl_concat,BiFAM -> concatenation,figshare/0553.png,fs_107248,1,True,0.015292697482638888,0.8214330077171326,0.20939086377620697,0.9743631482124329,True,True,True
abl_concat,BiFAM -> concatenation,figshare/0554.png,fs_107248,1,True,0.008551703559027778,0.8000032305717468,0.11925768107175827,0.9732011556625366,True,True,True
abl_concat,BiFAM -> concatenation,figshare/0555.png,fs_107248,1,True,0.007914225260416666,0.7714192271232605,0.114656001329422,0.9506759643554688,True,True,True
abl_concat,BiFAM -> concatenation,figshare/0560.png,fs_107946,1,True,0.027635362413194444,0.9062654376029968,0.11853549629449844,0.9808276295661926,True,True,True
abl_concat,BiFAM -> concatenation,figshare/0561.png,fs_107946,1,True,0.03995090060763889,0.9249382019042969,0.1582711637020111,0.9819033145904541,True,True,True
abl_concat,BiFAM -> concatenation,figshare/0562.png,fs_107946,1,True,0.030266655815972224,0.6648334860801697,0.2634269595146179,0.18486785888671875,True,True,True
abl_concat,BiFAM -> concatenation,figshare/0563.png,fs_107946,1,True,0.021253797743055556,0.6485955119132996,0.20070043206214905,0.0005269166431389749,True,True,False
abl_concat,BiFAM -> concatenation,figshare/0579.png,fs_109411,1,True,0.001858181423611111,0.48091059923171997,0.020752564072608948,0.652944028377533,True,True,True
abl_concat,BiFAM -> concatenation,figshare/0580.png,fs_109968,1,True,0.0128173828125,0.8612340688705444,0.1689334660768509,0.9597811698913574,True,True,True
abl_concat,BiFAM -> concatenation,figshare/0581.png,fs_109968,1,True,0.019239637586805556,0.8779275417327881,0.24831219017505646,0.9680907130241394,True,True,True
abl_concat,BiFAM -> concatenation,figshare/0582.png,fs_109968,1,True,0.021511501736111112,0.9001649022102356,0.2555554509162903,0.9765399098396301,True,True,True
abl_concat,BiFAM -> concatenation,figshare/0583.png,fs_109968,1,True,0.017781575520833332,0.8845131993293762,0.22531580924987793,0.9856970906257629,True,True,True
abl_concat,BiFAM -> concatenation,figshare/0593.png,fs_111532,1,True,0.015733506944444444,0.8915528655052185,0.1888870745897293,0.9912194609642029,True,True,True
abl_concat,BiFAM -> concatenation,figshare/0594.png,fs_111532,1,True,0.019768608940972224,0.9031456112861633,0.23016701638698578,0.9307107329368591,True,True,True
abl_concat,BiFAM -> concatenation,figshare/0595.png,fs_111532,1,True,0.018961588541666668,0.898203432559967,0.2195393145084381,0.9589380621910095,True,True,True
abl_concat,BiFAM -> concatenation,figshare/0597.png,fs_111710,1,True,0.0032958984375,0.6101253032684326,0.041475921869277954,0.04640839248895645,True,True,True
abl_concat,BiFAM -> concatenation,figshare/0598.png,fs_111710,1,True,0.002495659722222222,0.5507203340530396,0.03782196342945099,0.7743611931800842,True,True,True
abl_concat,BiFAM -> concatenation,figshare/0625.png,fs_113435,1,True,0.030856662326388888,0.9424715042114258,0.28785330057144165,0.9897850155830383,True,True,True
abl_concat,BiFAM -> concatenation,figshare/0626.png,fs_113435,1,True,0.04853651258680555,0.9433255195617676,0.4350701570510864,0.8361678123474121,True,True,True
abl_concat,BiFAM -> concatenation,figshare/0627.png,fs_113435,1,True,0.057305230034722224,0.9658442735671997,0.5015559792518616,0.8456793427467346,True,True,True
abl_concat,BiFAM -> concatenation,figshare/0628.png,fs_113435,1,True,0.05818006727430555,0.9551553726196289,0.4899307191371918,0.8328158259391785,True,True,True
abl_concat,BiFAM -> concatenation,figshare/0629.png,fs_113435,1,True,0.049309624565972224,0.9361065030097961,0.42037850618362427,0.9247129559516907,True,True,True
abl_concat,BiFAM -> concatenation,figshare/0630.png,fs_113435,1,True,0.022596571180555556,0.8083803057670593,0.2553774118423462,0.8468222618103027,True,True,True
abl_concat,BiFAM -> concatenation,figshare/0631.png,fs_113554,1,True,0.006985134548611111,0.768682062625885,0.09993903338909149,0.9622746706008911,True,True,True
abl_concat,BiFAM -> concatenation,figshare/0632.png,fs_113554,1,True,0.010111490885416666,0.79940265417099,0.14734122157096863,0.9482731819152832,True,True,True
abl_concat,BiFAM -> concatenation,figshare/0633.png,fs_113554,1,True,0.008707682291666666,0.7818565368652344,0.12651434540748596,0.9499281644821167,True,True,True
abl_concat,BiFAM -> concatenation,figshare/0634.png,fs_113554,1,True,0.00543212890625,0.7013869881629944,0.08573207259178162,0.9246793389320374,True,True,True
abl_concat,BiFAM -> concatenation,figshare/0659.png,fs_97374,1,True,0.027398003472222224,0.8076597452163696,0.25592005252838135,0.7914773225784302,True,False,True
abl_concat,BiFAM -> concatenation,figshare/0660.png,fs_97374,1,True,0.037434895833333336,0.9445828199386597,0.3647462725639343,0.8747448921203613,True,True,True
abl_concat,BiFAM -> concatenation,figshare/0661.png,fs_97374,1,True,0.03757052951388889,0.9500522017478943,0.3652436435222626,0.920685350894928,True,True,True
abl_concat,BiFAM -> concatenation,figshare/0662.png,fs_97374,1,True,0.029574924045138888,0.9368601441383362,0.30753293633461,0.7631663680076599,True,True,True
abl_concat,BiFAM -> concatenation,figshare/0663.png,fs_97374,1,True,0.022542317708333332,0.9311703443527222,0.2457427680492401,0.6727508902549744,True,True,True
abl_concat,BiFAM -> concatenation,figshare/0697.png,fs_99308,1,True,0.026265462239583332,0.8773613572120667,0.32261061668395996,0.8999404311180115,True,True,True
abl_concat,BiFAM -> concatenation,figshare/0698.png,fs_99308,1,True,0.03407118055555555,0.914739191532135,0.3798450231552124,0.8916717767715454,True,True,True
abl_concat,BiFAM -> concatenation,figshare/0699.png,fs_99308,1,True,0.03282335069444445,0.9220401644706726,0.3593103885650635,0.9714107513427734,True,True,True
abl_concat,BiFAM -> concatenation,figshare/0700.png,fs_99308,1,True,0.022515190972222224,0.8845788836479187,0.26675650477409363,0.9423794746398926,True,True,True
abl_concat,BiFAM -> concatenation,figshare/0701.png,fs_99308,1,True,0.018588595920138888,0.9238055348396301,0.20316307246685028,0.9987969994544983,True,True,True
abl_concat,BiFAM -> concatenation,figshare/0702.png,fs_99308,1,True,0.012525770399305556,0.8795613646507263,0.11655633896589279,0.9941099882125854,True,True,True
abl_concat,BiFAM -> concatenation,figshare/0712.png,fs_106062,2,True,0.010267469618055556,0.7676808834075928,0.17013470828533173,0.4481998085975647,True,True,True
abl_concat,BiFAM -> concatenation,figshare/0713.png,fs_106062,2,True,0.011298285590277778,0.8169689774513245,0.17447784543037415,0.26793593168258667,True,True,True
abl_concat,BiFAM -> concatenation,figshare/0714.png,fs_106062,2,True,0.010362413194444444,0.7902016043663025,0.15645892918109894,0.3188169598579407,True,True,True
abl_concat,BiFAM -> concatenation,figshare/0792.png,fs_88670,0,True,0.02685546875,0.6097694039344788,0.21212875843048096,0.002023177221417427,True,True,False
abl_concat,BiFAM -> concatenation,figshare/0793.png,fs_88670,0,True,0.0675930447048611,0.9442582726478577,0.3889741897583008,0.025047309696674347,True,True,False
abl_concat,BiFAM -> concatenation,figshare/0794.png,fs_88670,0,True,0.050421820746527776,0.8554292321205139,0.360968679189682,0.005838941782712936,True,True,False
abl_concat,BiFAM -> concatenation,figshare/0795.png,fs_88670,0,True,0.05795627170138889,0.949761688709259,0.4027077257633209,0.011883804574608803,True,True,False
abl_concat,BiFAM -> concatenation,figshare/0796.png,fs_88670,0,True,0.05876329210069445,0.9622490406036377,0.4067227244377136,0.012872729450464249,True,True,False
abl_concat,BiFAM -> concatenation,figshare/0797.png,fs_88670,0,True,0.04355197482638889,0.8944150805473328,0.3465334475040436,0.004351522773504257,True,True,False
abl_concat,BiFAM -> concatenation,figshare/0798.png,fs_88670,0,True,0.017123752170138888,0.7158646583557129,0.1820565164089203,3.2982420634652954e-06,True,True,False
abl_concat,BiFAM -> concatenation,figshare/0857.png,fs_108479,0,True,0.019538031684027776,0.33881670236587524,0.12127047777175903,0.011125432327389717,False,True,False
abl_concat,BiFAM -> concatenation,figshare/0858.png,fs_108479,0,True,0.024332682291666668,0.6782570481300354,0.22091549634933472,0.0024652222637087107,True,True,False
abl_concat,BiFAM -> concatenation,figshare/0865.png,fs_88670,0,True,0.025275336371527776,0.8839161396026611,0.11128727346658707,0.0297293309122324,True,True,False
abl_concat,BiFAM -> concatenation,figshare/0866.png,fs_88670,0,True,0.05007595486111111,0.946793794631958,0.34534138441085815,0.00917066540569067,True,True,False
abl_concat,BiFAM -> concatenation,figshare/0867.png,fs_88670,0,True,0.05314805772569445,0.8283911347389221,0.39038243889808655,0.005651353392750025,True,True,False
abl_concat,BiFAM -> concatenation,figshare/0868.png,fs_88670,0,True,0.06824408637152778,0.9375855922698975,0.407575786113739,0.030143631622195244,True,True,False
abl_concat,BiFAM -> concatenation,figshare/0869.png,fs_88670,0,True,0.0754055447048611,0.9604341387748718,0.46464306116104126,0.018406778573989868,True,True,False
abl_concat,BiFAM -> concatenation,figshare/0912.png,fs_98889,0,True,0.004686143663194444,0.0007867484237067401,0.0002556882973294705,0.01021532341837883,False,False,False
abl_concat,BiFAM -> concatenation,figshare/0913.png,fs_98889,0,True,0.01812744140625,0.834314227104187,0.12050686776638031,0.017198950052261353,True,True,True
abl_concat,BiFAM -> concatenation,figshare/0914.png,fs_98889,0,True,0.01739501953125,0.8623117804527283,0.14529287815093994,0.0042877402156591415,True,True,False
abl_concat,BiFAM -> concatenation,figshare/0915.png,fs_98889,0,True,0.032185872395833336,0.8591138124465942,0.23444315791130066,0.03795540705323219,True,True,True
abl_concat,BiFAM -> concatenation,figshare/0916.png,fs_98889,0,True,0.03286404079861111,0.8726182579994202,0.2864738404750824,0.014962857589125633,True,True,False
abl_concat,BiFAM -> concatenation,figshare/0917.png,fs_98889,0,True,0.037272135416666664,0.8634080290794373,0.30013519525527954,0.01225149817764759,True,True,True
abl_concat,BiFAM -> concatenation,figshare/0922.png,fs_106062,2,True,0.013054741753472222,0.8363825082778931,0.19187311828136444,0.34061360359191895,True,True,True
abl_concat,BiFAM -> concatenation,figshare/0923.png,fs_106062,2,True,0.014207628038194444,0.8620115518569946,0.20492754876613617,0.3439980447292328,True,True,True
abl_concat,BiFAM -> concatenation,figshare/0924.png,fs_106062,2,True,0.013739691840277778,0.8640792965888977,0.19725637137889862,0.33021801710128784,True,True,True
abl_concat,BiFAM -> concatenation,figshare/0925.png,fs_106062,2,True,0.009847005208333334,0.7979124784469604,0.15085920691490173,0.2758915424346924,True,True,True
abl_concat,BiFAM -> concatenation,figshare/0958.png,fs_109471,2,True,0.006890190972222222,0.7067099213600159,0.10012049227952957,0.13331714272499084,True,True,True
abl_concat,BiFAM -> concatenation,figshare/0959.png,fs_109471,2,True,0.006449381510416667,0.7004499435424805,0.09499996155500412,0.16914787888526917,True,True,True
abl_concat,BiFAM -> concatenation,figshare/0960.png,fs_109471,2,True,0.007907443576388888,0.7788544297218323,0.10748899728059769,0.20011723041534424,True,True,True
abl_concat,BiFAM -> concatenation,figshare/0961.png,fs_109471,2,True,0.007982042100694444,0.7481839656829834,0.10856571793556213,0.19221460819244385,True,True,True
abl_concat,BiFAM -> concatenation,figshare/0962.png,fs_109769,2,True,0.005594889322916667,0.640036404132843,0.10143642127513885,0.30392035841941833,True,True,True
abl_concat,BiFAM -> concatenation,figshare/0963.png,fs_109769,2,True,0.005866156684027778,0.6074877381324768,0.10341383516788483,0.24217712879180908,True,True,True
abl_concat,BiFAM -> concatenation,figshare/0964.png,fs_109769,2,True,0.00677490234375,0.7497090697288513,0.11325054615736008,0.3625439703464508,True,True,True
abl_concat,BiFAM -> concatenation,figshare/0965.png,fs_109769,2,True,0.002414279513888889,0.4574853777885437,0.0444427989423275,0.15688401460647583,True,True,True
abl_concat,BiFAM -> concatenation,figshare/0966.png,fs_109898,2,True,0.007093641493055556,0.712339460849762,0.10268661379814148,0.3175312578678131,True,True,True
abl_concat,BiFAM -> concatenation,figshare/0967.png,fs_109898,2,True,0.007514105902777778,0.7396509051322937,0.10693862289190292,0.2760689854621887,True,True,True
abl_concat,BiFAM -> concatenation,figshare/0968.png,fs_109898,2,True,0.012200249565972222,0.8547552824020386,0.15329957008361816,0.1875838190317154,True,True,True
abl_concat,BiFAM -> concatenation,figshare/0969.png,fs_109898,2,True,0.0098876953125,0.7744819521903992,0.125961035490036,0.00024283769016619772,True,True,False
abl_concat,BiFAM -> concatenation,figshare/0970.png,fs_109898,2,True,0.005289713541666667,0.6226094365119934,0.0823378786444664,0.08838498592376709,True,True,True
abl_concat,BiFAM -> concatenation,figshare/0971.png,fs_109898,2,True,0.0032212999131944445,0.5563040375709534,0.05106053873896599,0.06852699816226959,True,True,True
abl_concat,BiFAM -> concatenation,figshare/0976.png,fs_110993,2,True,0.008124457465277778,0.7727046608924866,0.11049804836511612,0.24762041866779327,True,True,True
abl_concat,BiFAM -> concatenation,figshare/0977.png,fs_110993,2,True,0.005533854166666667,0.6432045698165894,0.08359690755605698,0.2525103688240051,True,True,True
abl_concat,BiFAM -> concatenation,figshare/0978.png,fs_110993,2,True,0.005018446180555556,0.5492269396781921,0.0720861405134201,0.2813696563243866,True,True,True
abl_concat,BiFAM -> concatenation,figshare/0979.png,fs_110993,2,True,0.008673773871527778,0.788276195526123,0.1268177181482315,0.3531463146209717,True,True,True
abl_concat,BiFAM -> concatenation,figshare/0994.png,fs_112074,2,False,0.009894476996527778,0.8219497799873352,0.09853709489107132,0.021650440990924835,True,True,True
abl_concat,BiFAM -> concatenation,figshare/0995.png,fs_112074,2,False,0.013014051649305556,0.8663187026977539,0.13081704080104828,0.820097029209137,True,True,True
abl_concat,BiFAM -> concatenation,figshare/0996.png,fs_112074,2,False,0.010002983940972222,0.8450296521186829,0.1022980809211731,0.02209973707795143,True,True,True
abl_concat,BiFAM -> concatenation,figshare/0997.png,fs_112074,2,True,0.006137424045138889,0.7482072114944458,0.06383617967367172,0.0,True,True,False
abl_concat,BiFAM -> concatenation,figshare/1035.png,fs_106062,2,True,0.013814290364583334,0.8340346813201904,0.1815241277217865,0.0,True,True,False
abl_concat,BiFAM -> concatenation,figshare/1036.png,fs_106062,2,True,0.020128038194444444,0.8901307582855225,0.24287721514701843,0.29359033703804016,True,True,True
abl_concat,BiFAM -> concatenation,figshare/1037.png,fs_106062,2,True,0.021884494357638888,0.896271824836731,0.26308953762054443,0.10374230146408081,True,True,True
abl_concat,BiFAM -> concatenation,figshare/1038.png,fs_106062,2,True,0.020589192708333332,0.8676297664642334,0.2397530972957611,0.31872954964637756,True,True,True
abl_concat,BiFAM -> concatenation,figshare/1039.png,fs_106062,2,True,0.017720540364583332,0.8988761901855469,0.21824875473976135,0.2714761197566986,True,True,True
abl_concat,BiFAM -> concatenation,figshare/1040.png,fs_106062,2,True,0.015923394097222224,0.8459722399711609,0.1876002848148346,0.10890435427427292,True,True,True
abl_concat,BiFAM -> concatenation,figshare/1041.png,fs_106062,2,True,0.006605360243055556,0.7178487777709961,0.10226577520370483,0.0,True,True,False
abl_concat,BiFAM -> concatenation,figshare/1077.png,fs_109471,2,True,0.005147298177083333,0.589751660823822,0.0819600522518158,0.1480913609266281,True,True,True
abl_concat,BiFAM -> concatenation,figshare/1078.png,fs_109471,2,True,0.015157063802083334,0.8389689326286316,0.19211792945861816,0.2440912276506424,True,True,True
abl_concat,BiFAM -> concatenation,figshare/1079.png,fs_109471,2,True,0.016079372829861112,0.7851126194000244,0.2148621827363968,0.3142610490322113,True,True,True
abl_concat,BiFAM -> concatenation,figshare/1080.png,fs_109471,2,True,0.0181884765625,0.8194067478179932,0.2332681119441986,0.3393155336380005,True,True,True
abl_concat,BiFAM -> concatenation,figshare/1081.png,fs_109471,2,True,0.01849365234375,0.8775610327720642,0.2417875975370407,0.3855268359184265,True,True,True
abl_concat,BiFAM -> concatenation,figshare/1082.png,fs_109471,2,True,0.0038655598958333335,0.21758297085762024,0.04854836314916611,0.06221725791692734,False,True,False
abl_concat,BiFAM -> concatenation,figshare/1083.png,fs_109769,2,True,0.007636176215277778,0.7279555201530457,0.13332416117191315,0.23731860518455505,True,True,True
abl_concat,BiFAM -> concatenation,figshare/1084.png,fs_109769,2,True,0.005133734809027778,0.5725038051605225,0.09362448751926422,0.1669957935810089,True,True,True
abl_concat,BiFAM -> concatenation,figshare/1085.png,fs_109769,2,True,0.00714111328125,0.6633607149124146,0.10755610466003418,0.14905400574207306,True,True,True
abl_concat,BiFAM -> concatenation,figshare/1086.png,fs_109769,2,True,0.0037434895833333335,0.21461763978004456,0.057197507470846176,0.04653525352478027,True,False,False
abl_concat,BiFAM -> concatenation,figshare/1087.png,fs_109769,2,True,0.0174560546875,0.8025364875793457,0.22182591259479523,0.2531569302082062,True,True,True
abl_concat,BiFAM -> concatenation,figshare/1088.png,fs_109898,2,True,0.014682345920138888,0.7303263545036316,0.14569412171840668,0.13046228885650635,True,True,True
abl_concat,BiFAM -> concatenation,figshare/1089.png,fs_109898,2,True,0.015814887152777776,0.8651722073554993,0.17296285927295685,0.20220358669757843,True,True,True
abl_concat,BiFAM -> concatenation,figshare/1090.png,fs_109898,2,True,0.016642252604166668,0.8684371709823608,0.1813277006149292,0.11199899017810822,True,True,True
abl_concat,BiFAM -> concatenation,figshare/1091.png,fs_109898,2,False,0.016628689236111112,0.8754993677139282,0.1617194265127182,0.2256762981414795,True,True,False
abl_concat,BiFAM -> concatenation,figshare/1092.png,fs_109898,2,True,0.010782877604166666,0.8254373073577881,0.1322920024394989,0.0,True,True,False
abl_concat,BiFAM -> concatenation,figshare/1093.png,fs_109898,2,True,0.007819281684027778,0.608757495880127,0.1001824215054512,0.032920826226472855,True,True,True
abl_concat,BiFAM -> concatenation,figshare/1107.png,fs_110993,2,True,0.006429036458333333,0.7017378807067871,0.10326774418354034,0.1502193957567215,True,True,True
abl_concat,BiFAM -> concatenation,figshare/1108.png,fs_110993,2,True,0.005947536892361111,0.660390317440033,0.09809117019176483,0.14570368826389313,True,True,True
abl_concat,BiFAM -> concatenation,figshare/1109.png,fs_110993,2,True,0.006585015190972222,0.4909180998802185,0.1030706912279129,0.20332564413547516,True,True,True
abl_concat,BiFAM -> concatenation,figshare/1110.png,fs_110993,2,True,0.007676866319444444,0.5776911973953247,0.1238785833120346,0.22812512516975403,True,True,True
abl_concat,BiFAM -> concatenation,figshare/1111.png,fs_110993,2,True,0.008375379774305556,0.44085073471069336,0.12078747153282166,0.23413372039794922,True,True,True
abl_concat,BiFAM -> concatenation,figshare/1129.png,fs_112074,2,True,0.008768717447916666,0.7874775528907776,0.10175105184316635,1.9129394956962642e-07,True,True,False
abl_concat,BiFAM -> concatenation,figshare/1130.png,fs_112074,2,True,0.013543023003472222,0.8687564730644226,0.142487034201622,0.0005364130483940244,True,True,False
abl_concat,BiFAM -> concatenation,figshare/1131.png,fs_112074,2,True,0.015252007378472222,0.8815293908119202,0.1706102341413498,1.3340640180103946e-05,True,True,False
abl_concat,BiFAM -> concatenation,figshare/1132.png,fs_112074,2,True,0.011115180121527778,0.817652702331543,0.12813329696655273,2.2302959479247875e-08,True,True,False
abl_concat,BiFAM -> concatenation,figshare/1133.png,fs_112074,2,True,0.009555392795138888,0.8377320766448975,0.10995692759752274,0.00047698873095214367,True,True,False
abl_concat,BiFAM -> concatenation,figshare/1169.png,fs_106062,2,True,0.013929578993055556,0.8260994553565979,0.21019257605075836,0.1570272147655487,True,True,True
abl_concat,BiFAM -> concatenation,figshare/1170.png,fs_106062,2,True,0.016513400607638888,0.8459679484367371,0.2307264506816864,0.008628224954009056,True,True,True
abl_concat,BiFAM -> concatenation,figshare/1171.png,fs_106062,2,True,0.019741482204861112,0.8647146821022034,0.2644801735877991,1.6485939795529703e-06,True,True,False
abl_concat,BiFAM -> concatenation,figshare/1172.png,fs_106062,2,True,0.019585503472222224,0.8550172448158264,0.26540282368659973,0.0,True,True,False
abl_concat,BiFAM -> concatenation,figshare/1173.png,fs_106062,2,True,0.01873779296875,0.8734257221221924,0.2579260468482971,0.014230214059352875,True,True,True
abl_concat,BiFAM -> concatenation,figshare/1174.png,fs_106062,2,True,0.01654052734375,0.860566258430481,0.23441365361213684,0.011454364284873009,True,True,True
abl_concat,BiFAM -> concatenation,figshare/1175.png,fs_106062,2,True,0.008755154079861112,0.6277984380722046,0.1315181702375412,0.0,True,True,False
abl_concat,BiFAM -> concatenation,figshare/1208.png,fs_109471,2,True,0.005093044704861111,0.4298252463340759,0.08812034130096436,0.12355917692184448,False,True,True
abl_concat,BiFAM -> concatenation,figshare/1209.png,fs_109471,2,True,0.013637966579861112,0.8229174017906189,0.22437582910060883,0.22259365022182465,True,True,True
abl_concat,BiFAM -> concatenation,figshare/1210.png,fs_109471,2,True,0.014112684461805556,0.7842344045639038,0.2202826738357544,0.29337137937545776,True,True,True
abl_concat,BiFAM -> concatenation,figshare/1211.png,fs_109471,2,True,0.014309353298611112,0.8118647933006287,0.23142823576927185,0.29448196291923523,True,True,True
abl_concat,BiFAM -> concatenation,figshare/1212.png,fs_109471,2,True,0.013203938802083334,0.7950745224952698,0.21331913769245148,0.2090197205543518,True,True,True
abl_concat,BiFAM -> concatenation,figshare/1213.png,fs_109471,2,True,0.011603461371527778,0.8256649971008301,0.18168801069259644,0.21527507901191711,True,True,True
abl_concat,BiFAM -> concatenation,figshare/1214.png,fs_109769,2,True,0.004530164930555556,0.5351308584213257,0.08711126446723938,0.10171838849782944,True,True,True
abl_concat,BiFAM -> concatenation,figshare/1215.png,fs_109769,2,True,0.0035875108506944445,0.4816058576107025,0.0701260194182396,0.09773406386375427,True,True,True
abl_concat,BiFAM -> concatenation,figshare/1216.png,fs_109769,2,True,0.005527072482638889,0.6151314973831177,0.09766276925802231,0.12023855000734329,True,True,True
abl_concat,BiFAM -> concatenation,figshare/1217.png,fs_109769,2,True,0.004726833767361111,0.5663284063339233,0.08929092437028885,0.15629373490810394,True,True,True
abl_concat,BiFAM -> concatenation,figshare/1218.png,fs_109769,2,True,0.002834743923611111,0.3365282714366913,0.053279124200344086,0.06450504809617996,True,True,True
abl_concat,BiFAM -> concatenation,figshare/1219.png,fs_109898,2,True,0.006964789496527778,0.6603100895881653,0.10163387656211853,0.07660454511642456,True,True,True
abl_concat,BiFAM -> concatenation,figshare/1220.png,fs_109898,2,True,0.007737901475694444,0.6824485063552856,0.09533553570508957,0.12741996347904205,True,True,True
abl_concat,BiFAM -> concatenation,figshare/1221.png,fs_109898,2,True,0.0107421875,0.7478404641151428,0.12894846498966217,0.15209589898586273,True,True,True
abl_concat,BiFAM -> concatenation,figshare/1230.png,fs_110993,2,True,0.011264377170138888,0.6979088187217712,0.11305417120456696,0.19033178687095642,True,True,True
abl_concat,BiFAM -> concatenation,figshare/1231.png,fs_110993,2,True,0.0034383138020833335,0.44377434253692627,0.06887714564800262,0.11048097163438797,True,True,True
abl_concat,BiFAM -> concatenation,figshare/1232.png,fs_110993,2,True,0.002936469184027778,0.33942654728889465,0.056705255061388016,0.1212320476770401,False,True,True
abl_concat,BiFAM -> concatenation,figshare/1246.png,fs_112074,2,False,0.006184895833333333,0.6866127848625183,0.09336995333433151,0.7702593803405762,False,True,True
abl_concat,BiFAM -> concatenation,figshare/1247.png,fs_112074,2,False,0.010423448350694444,0.8221950531005859,0.1481848657131195,0.8345687985420227,True,True,True
abl_concat,BiFAM -> concatenation,figshare/1248.png,fs_112074,2,False,0.011956108940972222,0.8415151834487915,0.1578066647052765,0.9601015448570251,True,True,True
abl_concat,BiFAM -> concatenation,figshare/1249.png,fs_112074,2,False,0.010898166232638888,0.7973588109016418,0.1533859670162201,0.9267234206199646,True,True,True
abl_concat,BiFAM -> concatenation,figshare/1250.png,fs_112074,2,False,0.0079345703125,0.7690430879592896,0.11372184008359909,0.951379656791687,True,True,True
abl_concat,BiFAM -> concatenation,figshare/1301.png,fs_103046,2,True,0.0036756727430555555,0.5723915696144104,0.06425368040800095,0.20694616436958313,True,True,True
abl_concat,BiFAM -> concatenation,figshare/1302.png,fs_103046,2,True,0.0036824544270833335,0.5520685315132141,0.0631827637553215,0.24085453152656555,True,True,True
abl_concat,BiFAM -> concatenation,figshare/1303.png,fs_103046,2,True,0.004340277777777778,0.614906370639801,0.07161126285791397,0.25614866614341736,True,True,True
abl_concat,BiFAM -> concatenation,figshare/1330.png,fs_103731,2,True,0.004191080729166667,0.49870553612709045,0.062095023691654205,0.22628651559352875,True,True,True
abl_concat,BiFAM -> concatenation,figshare/1331.png,fs_103731,2,True,0.003729926215277778,0.44316595792770386,0.05777556076645851,0.2095777839422226,True,True,True
abl_concat,BiFAM -> concatenation,figshare/1332.png,fs_103731,2,True,0.004482693142361111,0.5580562353134155,0.06893987208604813,0.19086728990077972,False,True,True
abl_concat,BiFAM -> concatenation,figshare/1333.png,fs_103731,2,True,0.006252712673611111,0.7470226287841797,0.0902644619345665,0.22537961602210999,True,True,True
abl_concat,BiFAM -> concatenation,figshare/1334.png,fs_103731,2,True,0.006585015190972222,0.7485565543174744,0.09549670666456223,0.17285136878490448,True,True,True
abl_concat,BiFAM -> concatenation,figshare/1335.png,fs_103731,2,True,0.008409288194444444,0.8080698251724243,0.11981991678476334,0.2225053310394287,True,True,True
abl_concat,BiFAM -> concatenation,figshare/1336.png,fs_103731,2,True,0.008463541666666666,0.8060600757598877,0.11367558687925339,0.16494832932949066,True,True,True
abl_concat,BiFAM -> concatenation,figshare/1337.png,fs_103731,2,True,0.007086859809027778,0.7586743235588074,0.09936501085758209,0.08586203306913376,True,True,True
abl_concat,BiFAM -> concatenation,figshare/1338.png,fs_103731,2,True,0.005940755208333333,0.7734596133232117,0.07638709992170334,0.004744775593280792,True,True,True
abl_concat,BiFAM -> concatenation,figshare/1339.png,fs_103731,2,True,0.005174424913194444,0.6999208927154541,0.07270579785108566,0.08009181916713715,True,True,True
abl_concat,BiFAM -> concatenation,figshare/1374.png,fs_105187,2,True,0.00390625,0.4873039126396179,0.05804258584976196,0.14167556166648865,True,True,True
abl_concat,BiFAM -> concatenation,figshare/1375.png,fs_105187,2,True,0.004665798611111111,0.5176509022712708,0.06999968737363815,0.16079828143119812,False,True,True
abl_concat,BiFAM -> concatenation,figshare/1376.png,fs_105187,2,True,0.0030517578125,0.4791204631328583,0.04619617387652397,0.11843375116586685,True,True,True
abl_concat,BiFAM -> concatenation,figshare/1377.png,fs_105187,2,True,0.00201416015625,0.4137430191040039,0.03032301738858223,0.06641807407140732,True,True,True
abl_concat,BiFAM -> concatenation,figshare/1380.png,fs_105538,2,False,0.010450575086805556,0.8291056156158447,0.10399159044027328,0.8174281120300293,True,True,True
abl_concat,BiFAM -> concatenation,figshare/1381.png,fs_105538,2,False,0.0031873914930555555,0.4980091154575348,0.044529471546411514,0.0025045855436474085,True,True,True
abl_concat,BiFAM -> concatenation,figshare/1382.png,fs_105538,2,True,0.0032484266493055555,0.5836372971534729,0.042468924075365067,0.0,True,True,False
abl_concat,BiFAM -> concatenation,figshare/1408.png,fs_97599,2,True,0.0015936957465277778,0.27584677934646606,0.01891622506082058,0.022571898996829987,True,True,True
abl_concat,BiFAM -> concatenation,figshare/1409.png,fs_97599,2,True,0.00274658203125,0.4575504958629608,0.0336545929312706,0.07395096868276596,True,True,True
abl_concat,BiFAM -> concatenation,figshare/1487.png,fs_102669,2,True,0.0017225477430555555,0.22204138338565826,0.02482716366648674,0.03226134926080704,True,False,False
abl_concat,BiFAM -> concatenation,figshare/1488.png,fs_102669,2,True,0.0029703776041666665,0.3546279966831207,0.04189632833003998,0.09535867720842361,True,True,True
abl_concat,BiFAM -> concatenation,figshare/1489.png,fs_103046,2,True,0.002997504340277778,0.39787358045578003,0.04962125048041344,0.11503315716981888,True,True,True
abl_concat,BiFAM -> concatenation,figshare/1490.png,fs_103046,2,True,0.005866156684027778,0.6240659356117249,0.09280264377593994,0.16688495874404907,True,True,True
abl_concat,BiFAM -> concatenation,figshare/1491.png,fs_103046,2,True,0.0030314127604166665,0.45771414041519165,0.0541425459086895,0.08241665363311768,True,True,True
abl_concat,BiFAM -> concatenation,figshare/1492.png,fs_103046,2,True,0.0027601453993055555,0.39037561416625977,0.04856649786233902,0.10150855779647827,True,True,True
abl_concat,BiFAM -> concatenation,figshare/1521.png,fs_103731,2,True,0.00250244140625,0.24436040222644806,0.03394651412963867,0.060519613325595856,False,True,True
abl_concat,BiFAM -> concatenation,figshare/1522.png,fs_103731,2,True,0.008416069878472222,0.6546458005905151,0.1183156743645668,0.20521144568920135,True,True,True
abl_concat,BiFAM -> concatenation,figshare/1523.png,fs_103731,2,True,0.009304470486111112,0.6068543195724487,0.12839826941490173,0.1902024894952774,True,True,True
abl_concat,BiFAM -> concatenation,figshare/1524.png,fs_103731,2,True,0.013807508680555556,0.6960753798484802,0.16534078121185303,0.21029877662658691,True,True,True
abl_concat,BiFAM -> concatenation,figshare/1525.png,fs_103731,2,True,0.013888888888888888,0.6064733266830444,0.1565740555524826,0.15514807403087616,True,True,True
abl_concat,BiFAM -> concatenation,figshare/1526.png,fs_103731,2,True,0.012593587239583334,0.5261241793632507,0.1447868049144745,0.16355979442596436,True,True,True
abl_concat,BiFAM -> concatenation,figshare/1527.png,fs_103731,2,True,0.003323025173611111,0.20466852188110352,0.04431227967143059,0.008642714470624924,False,True,True
abl_concat,BiFAM -> concatenation,figshare/1557.png,fs_105187,2,True,0.0011800130208333333,0.1415271908044815,0.020614473149180412,0.054637957364320755,True,True,True
abl_concat,BiFAM -> concatenation,figshare/1558.png,fs_105187,2,True,0.0020345052083333335,0.32758527994155884,0.037301354110240936,0.08388721942901611,True,True,True
abl_concat,BiFAM -> concatenation,figshare/1559.png,fs_105187,2,True,0.005086263020833333,0.5960260629653931,0.09552910178899765,0.1449943631887436,True,True,True
abl_concat,BiFAM -> concatenation,figshare/1560.png,fs_105187,2,True,0.006598578559027778,0.6575431227684021,0.11805876344442368,0.1615920215845108,True,True,True
abl_concat,BiFAM -> concatenation,figshare/1561.png,fs_105187,2,True,0.006103515625,0.6229528784751892,0.11433342844247818,0.1668049544095993,True,True,True
abl_concat,BiFAM -> concatenation,figshare/1562.png,fs_105187,2,True,0.004503038194444444,0.48048853874206543,0.08213318884372711,0.12411067634820938,True,True,True
abl_concat,BiFAM -> concatenation,figshare/1566.png,fs_105538,2,False,0.002834743923611111,0.45930054783821106,0.042055364698171616,0.6988773941993713,True,True,True
abl_concat,BiFAM -> concatenation,figshare/1567.png,fs_105538,2,False,0.0025227864583333335,0.4086117446422577,0.04005558043718338,0.5998883843421936,True,True,True
abl_concat,BiFAM -> concatenation,figshare/1594.png,fs_97599,2,True,0.001864963107638889,0.2258043736219406,0.029400773346424103,0.10598459094762802,True,True,True
abl_concat,BiFAM -> concatenation,figshare/1595.png,fs_97599,2,True,0.001254611545138889,0.19175130128860474,0.02027326263487339,0.05646878108382225,False,True,True
abl_concat,BiFAM -> concatenation,figshare/1672.png,fs_102669,2,True,0.001430935329861111,0.2557941675186157,0.02444331720471382,0.0528392419219017,True,True,True
abl_concat,BiFAM -> concatenation,figshare/1673.png,fs_103046,2,True,0.004930284288194444,0.5763985514640808,0.08157028257846832,0.16000226140022278,True,True,True
abl_concat,BiFAM -> concatenation,figshare/1674.png,fs_103046,2,True,0.004611545138888889,0.5690510869026184,0.07843280583620071,0.22742173075675964,True,True,True
abl_concat,BiFAM -> concatenation,figshare/1675.png,fs_103046,2,True,0.003716362847222222,0.45291316509246826,0.06109229102730751,0.1977413147687912,True,True,True
abl_concat,BiFAM -> concatenation,figshare/1676.png,fs_103046,2,True,0.0029771592881944445,0.45406460762023926,0.052244484424591064,0.14135712385177612,True,True,True
abl_concat,BiFAM -> concatenation,figshare/1709.png,fs_103731,2,True,0.009507921006944444,0.6611959934234619,0.1336670070886612,0.11263853311538696,True,True,True
abl_concat,BiFAM -> concatenation,figshare/1710.png,fs_103731,2,True,0.014716254340277778,0.7746838927268982,0.17729054391384125,0.17217862606048584,True,True,True
abl_concat,BiFAM -> concatenation,figshare/1711.png,fs_103731,2,True,0.015143500434027778,0.795371949672699,0.16695636510849,0.19085294008255005,True,True,True
abl_concat,BiFAM -> concatenation,figshare/1712.png,fs_103731,2,True,0.013427734375,0.8057162761688232,0.1831897646188736,0.21723361313343048,True,True,True
abl_concat,BiFAM -> concatenation,figshare/1713.png,fs_103731,2,True,0.006829155815972222,0.6674864888191223,0.10701662302017212,0.131779283285141,True,True,True
abl_concat,BiFAM -> concatenation,figshare/1748.png,fs_105187,2,True,0.0022379557291666665,0.37529096007347107,0.0418781042098999,0.06562548875808716,True,True,True
abl_concat,BiFAM -> concatenation,figshare/1749.png,fs_105187,2,True,0.0029296875,0.4479069411754608,0.05665457621216774,0.08326049894094467,True,True,True
abl_concat,BiFAM -> concatenation,figshare/1750.png,fs_105187,2,True,0.0037027994791666665,0.5541157722473145,0.06959415972232819,0.10169216245412827,True,True,True
abl_concat,BiFAM -> concatenation,figshare/1751.png,fs_105187,2,True,0.003926595052083333,0.5895885229110718,0.07500071078538895,0.13818039000034332,True,True,True
abl_concat,BiFAM -> concatenation,figshare/1752.png,fs_105187,2,True,0.004014756944444444,0.5862011313438416,0.06982896476984024,0.07734688371419907,True,True,True
abl_concat,BiFAM -> concatenation,figshare/1753.png,fs_105187,2,True,0.0025160047743055555,0.48886770009994507,0.050517406314611435,0.0725402757525444,True,True,True
abl_concat,BiFAM -> concatenation,figshare/1759.png,fs_105538,2,False,0.00347900390625,0.3290577232837677,0.01586191914975643,0.862724781036377,True,True,True
abl_concat,BiFAM -> concatenation,figshare/1760.png,fs_105538,2,False,0.0036824544270833335,0.0031682418193668127,0.0014558774419128895,0.0,False,False,False
abl_concat,BiFAM -> concatenation,figshare/1786.png,fs_97599,2,True,0.0017293294270833333,0.3099896311759949,0.02614136040210724,0.010047675110399723,True,True,True
abl_concat,BiFAM -> concatenation,figshare/1787.png,fs_97599,2,True,0.0019327799479166667,0.3783983290195465,0.03241182118654251,0.07117143273353577,True,True,True
abl_concat,BiFAM -> concatenation,figshare/1788.png,fs_97599,2,True,0.0018378363715277778,0.2515289783477783,0.029322339221835136,0.02907295897603035,True,True,True
abl_concat,BiFAM -> concatenation,figshare/1914.png,fs_MR049453,0,True,0.012247721354166666,0.012994787655770779,0.0033045916352421045,0.019938362762331963,False,False,False
abl_concat,BiFAM -> concatenation,figshare/1915.png,fs_MR049453,0,True,0.017964680989583332,0.6973686814308167,0.1559402346611023,0.00357306026853621,False,True,False
abl_concat,BiFAM -> concatenation,figshare/1916.png,fs_MR049453,0,True,0.04623752170138889,0.9668067097663879,0.2547130584716797,0.027934791520237923,True,True,False
abl_concat,BiFAM -> concatenation,figshare/1917.png,fs_MR049453,0,True,0.026136610243055556,0.7209098935127258,0.23134486377239227,0.0002378127828706056,True,True,False
abl_concat,BiFAM -> concatenation,figshare/1918.png,fs_MR049453,0,True,0.048821343315972224,0.8650205135345459,0.2994144856929779,0.019626831635832787,True,True,False
abl_concat,BiFAM -> concatenation,figshare/1919.png,fs_MR049453,0,True,0.044135199652777776,0.9453088641166687,0.3348047435283661,0.0012243289966136217,True,True,False
abl_concat,BiFAM -> concatenation,figshare/1920.png,fs_MR049453,0,True,0.033745659722222224,0.9569965600967407,0.24777184426784515,0.005071850027889013,True,True,False
abl_concat,BiFAM -> concatenation,figshare/1937.png,fs_MR049453B,0,True,0.060553656684027776,0.974077045917511,0.3410828113555908,0.023735815659165382,True,True,False
abl_concat,BiFAM -> concatenation,figshare/1938.png,fs_MR049453B,0,True,0.0715603298611111,0.9654093980789185,0.37195417284965515,0.03264964744448662,True,True,False
abl_concat,BiFAM -> concatenation,figshare/1939.png,fs_MR049453B,0,True,0.037848578559027776,0.7767527103424072,0.29149341583251953,0.002341845538467169,True,True,False
abl_concat,BiFAM -> concatenation,figshare/1940.png,fs_MR049453B,0,True,0.04197862413194445,0.8415821194648743,0.31097346544265747,0.016320891678333282,True,True,False
abl_concat,BiFAM -> concatenation,figshare/1941.png,fs_MR049453B,0,True,0.035786946614583336,0.7125179767608643,0.2661100924015045,0.0011860308004543185,True,True,False
abl_concat,BiFAM -> concatenation,figshare/1942.png,fs_MR049453B,0,True,0.0318603515625,0.7572361826896667,0.24260210990905762,0.0009942858014255762,True,True,False
abl_concat,BiFAM -> concatenation,figshare/1943.png,fs_MR049453B,0,True,0.036051432291666664,0.8690552711486816,0.22663013637065887,0.013368587009608746,True,True,False
abl_concat,BiFAM -> concatenation,figshare/1944.png,fs_MR049453B,0,True,0.022291395399305556,0.9300712943077087,0.14634573459625244,0.010065987706184387,True,True,False
abl_concat,BiFAM -> concatenation,figshare/1950.png,fs_MR050135B,0,True,0.00421142578125,0.6091701984405518,0.04626879841089249,0.0006795198423787951,True,True,False
abl_concat,BiFAM -> concatenation,figshare/1951.png,fs_MR050135B,0,True,0.010423448350694444,0.7528329491615295,0.11623623967170715,0.0007683620206080377,True,True,False
abl_concat,BiFAM -> concatenation,figshare/1952.png,fs_MR050135B,0,True,0.019117567274305556,0.8477349877357483,0.16549260914325714,0.0007148238364607096,True,True,False
abl_concat,BiFAM -> concatenation,figshare/1953.png,fs_MR050135B,0,True,0.015862358940972224,0.7316395044326782,0.12839633226394653,0.0010020346380770206,True,True,False
abl_concat,BiFAM -> concatenation,figshare/1954.png,fs_MR050135B,0,True,0.006876627604166667,0.6982505321502686,0.05922066792845726,0.0007095613400451839,True,True,False
abl_concat,BiFAM -> concatenation,figshare/1955.png,fs_MR050135B,0,True,0.011766221788194444,0.7520420551300049,0.08625514060258865,0.0010255895322188735,False,True,False
abl_concat,BiFAM -> concatenation,figshare/1956.png,fs_MR050135B,0,True,0.012986924913194444,0.807315468788147,0.13371899724006653,0.0007470755372196436,True,True,False
abl_concat,BiFAM -> concatenation,figshare/1957.png,fs_MR050135B,0,True,0.015462239583333334,0.7166025042533875,0.15238913893699646,0.0033334691543132067,True,True,False
abl_concat,BiFAM -> concatenation,figshare/1958.png,fs_MR050135B,0,True,0.015916612413194444,0.854461133480072,0.149367094039917,0.002078325254842639,True,True,False
abl_concat,BiFAM -> concatenation,figshare/1959.png,fs_MR050135B,0,True,0.002997504340277778,0.373434841632843,0.015051400288939476,0.02588164247572422,True,True,False
abl_concat,BiFAM -> concatenation,figshare/1960.png,fs_MR050135B,0,True,0.018669976128472224,0.030384603887796402,0.0014971113996580243,0.03133595362305641,False,False,False
abl_concat,BiFAM -> concatenation,figshare/1961.png,fs_MR050135B,0,True,0.030836317274305556,0.9129312634468079,0.10296478122472763,0.047238439321517944,True,True,True
abl_concat,BiFAM -> concatenation,figshare/1962.png,fs_MR050135B,0,True,0.03141954210069445,0.9215152859687805,0.21417662501335144,0.01242834236472845,True,True,True
abl_concat,BiFAM -> concatenation,figshare/1963.png,fs_MR050135B,0,True,0.026835123697916668,0.953228771686554,0.16653206944465637,0.020031262189149857,True,True,True
abl_concat,BiFAM -> concatenation,figshare/1974.png,fs_MR050791B,0,True,0.003512912326388889,0.4078099727630615,0.023098299279808998,0.01512101013213396,False,True,True
abl_concat,BiFAM -> concatenation,figshare/1975.png,fs_MR050791B,0,True,0.006666395399305556,0.009072612971067429,0.0007426483789458871,0.02893819287419319,False,False,False
abl_concat,BiFAM -> concatenation,figshare/1976.png,fs_MR050791B,0,False,0.011189778645833334,0.02477100118994713,0.0015938242431730032,0.04436826333403587,False,False,False
abl_concat,BiFAM -> concatenation,figshare/1977.png,fs_MR050791B,0,True,0.012885199652777778,0.4161246120929718,0.08277254551649094,0.008122632279992104,False,False,False
abl_concat,BiFAM -> concatenation,figshare/1978.png,fs_MR050791B,0,True,0.024169921875,0.8229745030403137,0.15688271820545197,0.0065931035205721855,True,True,False
abl_concat,BiFAM -> concatenation,figshare/1979.png,fs_MR050791B,0,True,0.020331488715277776,0.8610657453536987,0.18032193183898926,0.01129880826920271,True,True,False
abl_concat,BiFAM -> concatenation,figshare/1980.png,fs_MR050791B,0,True,0.017266167534722224,0.49133461713790894,0.040915440768003464,0.025369761511683464,False,False,False
abl_concat,BiFAM -> concatenation,figshare/1981.png,fs_MR050791B,0,True,0.012037489149305556,0.7622114419937134,0.12263739109039307,0.013824614696204662,True,True,True
abl_concat,BiFAM -> concatenation,figshare/1982.png,fs_MR050791B,0,True,0.024854871961805556,0.050888992846012115,0.0014088221359997988,0.046339958906173706,False,False,False
abl_concat,BiFAM -> concatenation,figshare/1983.png,fs_MR050791B,0,True,0.012518988715277778,0.029002342373132706,0.0006719636148773134,0.018954994156956673,False,False,False
abl_concat,BiFAM -> concatenation,figshare/2012.png,fs_MR051461B,0,True,0.015184190538194444,0.5589396357536316,0.05495800822973251,0.018971320241689682,False,False,False
abl_concat,BiFAM -> concatenation,figshare/2013.png,fs_MR051461B,0,True,0.011617024739583334,0.5560082197189331,0.05458737909793854,0.016364822164177895,False,True,True
abl_concat,BiFAM -> concatenation,figshare/2014.png,fs_MR051461B,0,True,0.030029296875,0.8614673614501953,0.12139558047056198,0.032512493431568146,True,True,False
abl_concat,BiFAM -> concatenation,figshare/2015.png,fs_MR051461B,0,True,0.021504720052083332,0.8291836380958557,0.14694274961948395,0.004537970293313265,True,True,False
abl_concat,BiFAM -> concatenation,figshare/2016.png,fs_MR051461B,0,True,0.0257568359375,0.9164964556694031,0.14166802167892456,0.01079309731721878,True,True,False
abl_concat,BiFAM -> concatenation,figshare/2087.png,fs_MR053110B,0,True,0.0277099609375,0.6960055828094482,0.11936861276626587,0.04611510783433914,False,True,True
abl_concat,BiFAM -> concatenation,figshare/2088.png,fs_MR053110B,0,True,0.030239529079861112,0.8791454434394836,0.1368284672498703,0.053340088576078415,True,True,True
abl_concat,BiFAM -> concatenation,figshare/2089.png,fs_MR053110B,0,True,0.05325656467013889,0.8689431548118591,0.17299392819404602,0.06767666339874268,True,True,True
abl_concat,BiFAM -> concatenation,figshare/2090.png,fs_MR053110B,0,True,0.05180528428819445,0.8794770240783691,0.3164425492286682,0.018927128985524178,True,True,False
abl_concat,BiFAM -> concatenation,figshare/2091.png,fs_MR053110B,0,True,0.03962537977430555,0.8799436688423157,0.21751312911510468,0.02363457903265953,True,True,True
abl_concat,BiFAM -> concatenation,figshare/2092.png,fs_MR053110B,0,True,0.01458740234375,0.34349325299263,0.09741383045911789,0.0042174747213721275,True,False,False
abl_concat,BiFAM -> concatenation,figshare/2093.png,fs_MR034694,0,True,0.006198459201388889,0.48838284611701965,0.06439552456140518,0.006044995505362749,True,True,False
abl_concat,BiFAM -> concatenation,figshare/2094.png,fs_MR034694,0,True,0.017408582899305556,0.811854898929596,0.14645026624202728,0.006135877687484026,True,True,False
abl_concat,BiFAM -> concatenation,figshare/2095.png,fs_MR034694,0,True,0.027872721354166668,0.9563397169113159,0.18694104254245758,0.01695895753800869,True,True,True
abl_concat,BiFAM -> concatenation,figshare/2096.png,fs_MR034694,0,True,0.017103407118055556,0.6512351632118225,0.14547336101531982,0.0030486497562378645,True,True,False
abl_concat,BiFAM -> concatenation,figshare/2112.png,fs_MR034997,0,True,0.008009168836805556,0.701752245426178,0.04745538532733917,0.008649534545838833,True,True,False
abl_concat,BiFAM -> concatenation,figshare/2113.png,fs_MR034997,0,True,0.01776123046875,0.5655134320259094,0.07365614175796509,0.016222422942519188,True,True,False
abl_concat,BiFAM -> concatenation,figshare/2114.png,fs_MR034997,0,True,0.019965277777777776,0.9091910123825073,0.14138366281986237,0.004697043914347887,True,True,False
abl_concat,BiFAM -> concatenation,figshare/2115.png,fs_MR034997,0,True,0.021172417534722224,0.8908581733703613,0.1764863133430481,0.0012497884454205632,True,True,False
abl_concat,BiFAM -> concatenation,figshare/2116.png,fs_MR034997,0,True,0.016866048177083332,0.8554821610450745,0.14355795085430145,0.0009824722073972225,True,True,False
abl_concat,BiFAM -> concatenation,figshare/2117.png,fs_MR034997,0,True,0.015068901909722222,0.8315666317939758,0.12123651057481766,0.0027321858797222376,True,True,False
abl_concat,BiFAM -> concatenation,figshare/2118.png,fs_MR034997,0,True,0.004909939236111111,0.44550302624702454,0.04664887487888336,0.000955714494921267,True,True,False
abl_concat,BiFAM -> concatenation,figshare/2134.png,fs_MR049019G,0,True,0.024915907118055556,0.8515081405639648,0.09299850463867188,0.052964095026254654,True,True,True
abl_concat,BiFAM -> concatenation,figshare/2135.png,fs_MR049019G,0,True,0.04578993055555555,0.8944087028503418,0.12344670295715332,0.07071860134601593,True,True,True
abl_concat,BiFAM -> concatenation,figshare/2136.png,fs_MR049019G,0,True,0.015123155381944444,0.3281596601009369,0.12027633190155029,0.00015226559480652213,True,True,False
abl_concat,BiFAM -> concatenation,figshare/2137.png,fs_MR049019G,0,True,0.017652723524305556,0.4136541783809662,0.13158322870731354,0.0016047110548242927,True,True,False
abl_concat,BiFAM -> concatenation,figshare/2138.png,fs_MR049019G,0,True,0.027140299479166668,0.6296917796134949,0.1712586134672165,0.01005017664283514,True,True,False
abl_concat,BiFAM -> concatenation,figshare/2139.png,fs_MR049019G,0,True,0.016350640190972224,0.5677739381790161,0.12712503969669342,0.00041342159966006875,True,False,False
abl_concat,BiFAM -> concatenation,figshare/2140.png,fs_MR049019G,0,True,0.019490559895833332,0.6063711643218994,0.1382610946893692,0.0026602232828736305,True,True,False
abl_concat,BiFAM -> concatenation,figshare/2166.png,fs_MR037458B,0,False,0.011508517795138888,0.00854805950075388,0.001666898955591023,0.03993771970272064,False,False,False
abl_concat,BiFAM -> concatenation,figshare/2167.png,fs_MR037458B,0,False,0.014377170138888888,0.18733574450016022,0.011636930517852306,0.040862150490283966,True,True,False
abl_concat,BiFAM -> concatenation,figshare/2168.png,fs_MR037458B,0,False,0.0027940538194444445,0.5242137908935547,0.02994648553431034,0.31424832344055176,True,True,True
abl_concat,BiFAM -> concatenation,figshare/2169.png,fs_MR037458B,0,False,0.005276150173611111,0.4420262277126312,0.03720436245203018,0.09126449376344681,True,True,True
abl_concat,BiFAM -> concatenation,figshare/2170.png,fs_MR037458B,0,False,0.007154676649305556,0.3538021445274353,0.048087526112794876,0.027024993672966957,True,True,False
abl_concat,BiFAM -> concatenation,figshare/2171.png,fs_MR037458B,0,True,0.019999186197916668,0.6044130921363831,0.10188652575016022,0.24612392485141754,True,True,True
abl_concat,BiFAM -> concatenation,figshare/2172.png,fs_MR037458B,0,True,0.015726725260416668,0.8774546980857849,0.10554555803537369,0.02713228389620781,True,True,True
abl_concat,BiFAM -> concatenation,figshare/2173.png,fs_MR037458B,0,False,0.017137315538194444,0.8171274065971375,0.10014405846595764,0.5070437788963318,True,True,True
abl_concat,BiFAM -> concatenation,figshare/2196.png,fs_MR040240,0,True,0.00738525390625,0.4567050635814667,0.057128988206386566,0.0019512521103024483,True,True,False
abl_concat,BiFAM -> concatenation,figshare/2197.png,fs_MR040240,0,True,0.010443793402777778,0.48089712858200073,0.10165559500455856,0.0033271408174186945,True,True,False
abl_concat,BiFAM -> concatenation,figshare/2198.png,fs_MR040240,0,True,0.030768500434027776,0.9076882600784302,0.2562439739704132,0.01459733210504055,True,True,True
abl_concat,BiFAM -> concatenation,figshare/2199.png,fs_MR040240,0,True,0.028327094184027776,0.6927668452262878,0.2278745323419571,0.00896561611443758,True,True,False
abl_concat,BiFAM -> concatenation,figshare/2200.png,fs_MR040240,0,True,0.025058322482638888,0.6444873809814453,0.21174675226211548,0.005286046769469976,False,True,False
abl_concat,BiFAM -> concatenation,figshare/2201.png,fs_MR040240,0,True,0.020948621961805556,0.46587926149368286,0.16862532496452332,0.005009351298213005,False,True,False
abl_concat,BiFAM -> concatenation,figshare/2202.png,fs_MR040240,0,True,0.033515082465277776,0.8576666116714478,0.16140247881412506,0.032757993787527084,True,True,False
abl_concat,BiFAM -> concatenation,figshare/2203.png,fs_MR040240,0,True,0.025648328993055556,0.8033636212348938,0.21649494767189026,0.0011198889696970582,False,True,False
abl_concat,BiFAM -> concatenation,figshare/2204.png,fs_MR040240,0,True,0.016086154513888888,0.5616977214813232,0.12803997099399567,0.003222647588700056,True,True,False
abl_concat,BiFAM -> concatenation,figshare/2205.png,fs_MR040240,0,True,0.008734809027777778,0.36480197310447693,0.05847258120775223,0.002624852117151022,False,False,False
abl_concat,BiFAM -> concatenation,figshare/2270.png,fs_MR049453,0,True,0.004258897569444444,0.5312867164611816,0.029362132772803307,0.012401426210999489,True,True,True
abl_concat,BiFAM -> concatenation,figshare/2271.png,fs_MR049453,0,True,0.028001573350694444,0.8968026638031006,0.1913275122642517,0.025937460362911224,True,True,True
abl_concat,BiFAM -> concatenation,figshare/2272.png,fs_MR049453,0,True,0.01495361328125,0.7171025276184082,0.16495217382907867,0.0007738096173852682,True,True,False
abl_concat,BiFAM -> concatenation,figshare/2273.png,fs_MR049453,0,True,0.03408474392361111,0.9278165698051453,0.288821280002594,0.0048377057537436485,True,True,False
abl_concat,BiFAM -> concatenation,figshare/2274.png,fs_MR049453,0,True,0.03238254123263889,0.900901734828949,0.24015602469444275,0.011605598032474518,True,True,False
abl_concat,BiFAM -> concatenation,figshare/2275.png,fs_MR049453,0,True,0.023912217881944444,0.9279037714004517,0.18792933225631714,0.009335918352007866,True,True,False
abl_concat,BiFAM -> concatenation,figshare/2276.png,fs_MR049453,0,True,0.009962293836805556,0.8094925880432129,0.0891418531537056,0.004091267008334398,True,True,False
abl_concat,BiFAM -> concatenation,figshare/2277.png,fs_MR049453,0,True,0.010348849826388888,0.5606253743171692,0.09839387983083725,0.00030390862957574427,True,True,False
abl_concat,BiFAM -> concatenation,figshare/2278.png,fs_MR049453,0,True,0.004014756944444444,0.28256863355636597,0.03642034903168678,0.0005177219863981009,True,True,False
abl_concat,BiFAM -> concatenation,figshare/2286.png,fs_MR049453B,0,True,0.0037367078993055555,0.3887261152267456,0.016064193099737167,0.006635061465203762,True,True,False
abl_concat,BiFAM -> concatenation,figshare/2287.png,fs_MR049453B,0,True,0.003655327690972222,0.36578914523124695,0.03311356157064438,0.0004920899518765509,True,True,False
abl_concat,BiFAM -> concatenation,figshare/2288.png,fs_MR049453B,0,True,0.050360785590277776,0.8920913934707642,0.3807814419269562,0.01037953607738018,True,True,False
abl_concat,BiFAM -> concatenation,figshare/2289.png,fs_MR049453B,0,True,0.03554958767361111,0.8658046722412109,0.3045964241027832,0.005825025495141745,True,True,False
abl_concat,BiFAM -> concatenation,figshare/2290.png,fs_MR049453B,0,True,0.036553276909722224,0.9170263409614563,0.2829207479953766,0.018397793173789978,True,True,False
abl_concat,BiFAM -> concatenation,figshare/2291.png,fs_MR049453B,0,True,0.019802517361111112,0.8335118889808655,0.17395778000354767,0.009569204412400723,True,True,False
abl_concat,BiFAM -> concatenation,figshare/2292.png,fs_MR049453B,0,True,0.009568956163194444,0.6475878953933716,0.0630209743976593,0.007605136837810278,True,True,False
abl_concat,BiFAM -> concatenation,figshare/2293.png,fs_MR049453B,0,True,0.017734103732638888,0.9113287925720215,0.12472202628850937,0.009122268296778202,True,True,False
abl_concat,BiFAM -> concatenation,figshare/2294.png,fs_MR049453B,0,True,0.005316840277777778,0.3644554913043976,0.03916405513882637,0.004711181856691837,False,True,False
abl_concat,BiFAM -> concatenation,figshare/2295.png,fs_MR049453B,0,True,0.015272352430555556,0.19762782752513885,0.04751158133149147,0.021878359839320183,False,True,False
abl_concat,BiFAM -> concatenation,figshare/2296.png,fs_MR049453B,0,True,0.024400499131944444,0.33518996834754944,0.13025981187820435,0.014692111872136593,True,False,False
abl_concat,BiFAM -> concatenation,figshare/2297.png,fs_MR049453B,0,True,0.044074164496527776,0.7288182973861694,0.24795153737068176,0.018865332007408142,True,True,False
abl_concat,BiFAM -> concatenation,figshare/2298.png,fs_MR049453B,0,True,0.046210394965277776,0.8243044018745422,0.3454744219779968,0.006252345163375139,True,True,False
abl_concat,BiFAM -> concatenation,figshare/2299.png,fs_MR049453B,0,True,0.049323187934027776,0.7653813362121582,0.30444997549057007,0.018960509449243546,True,True,False
abl_concat,BiFAM -> concatenation,figshare/2300.png,fs_MR050135B,0,True,0.004170735677083333,0.22428669035434723,0.019192945212125778,0.0,False,False,False
abl_concat,BiFAM -> concatenation,figshare/2301.png,fs_MR050135B,0,True,0.018263075086805556,0.7540401816368103,0.03764257952570915,0.02886943705379963,True,True,True
abl_concat,BiFAM -> concatenation,figshare/2302.png,fs_MR050135B,0,True,0.006137424045138889,0.6820706725120544,0.06633339077234268,0.002474683104082942,True,True,False
abl_concat,BiFAM -> concatenation,figshare/2303.png,fs_MR050135B,0,True,0.018941243489583332,0.8753125667572021,0.10913582146167755,0.01469119731336832,True,True,True
abl_concat,BiFAM -> concatenation,figshare/2304.png,fs_MR050135B,0,True,0.022989908854166668,0.9137669205665588,0.13891004025936127,0.017609667032957077,True,True,False
abl_concat,BiFAM -> concatenation,figshare/2305.png,fs_MR050135B,0,True,0.025838216145833332,0.911882758140564,0.1728433519601822,0.01620648242533207,True,True,False
abl_concat,BiFAM -> concatenation,figshare/2306.png,fs_MR050135B,0,True,0.021565755208333332,0.899501383304596,0.15941427648067474,0.03745879605412483,True,True,True
abl_concat,BiFAM -> concatenation,figshare/2307.png,fs_MR050135B,0,True,0.007331000434027778,0.7113733887672424,0.08474592119455338,0.003660359885543585,True,True,False
abl_concat,BiFAM -> concatenation,figshare/2308.png,fs_MR050135B,0,True,0.013210720486111112,0.5345418453216553,0.12978595495224,0.010401535779237747,False,True,False
abl_concat,BiFAM -> concatenation,figshare/2309.png,fs_MR050135B,0,True,0.013014051649305556,0.7937602996826172,0.1433912068605423,0.005576604511588812,True,True,False
abl_concat,BiFAM -> concatenation,figshare/2310.png,fs_MR050135B,0,True,0.012837727864583334,0.8642041683197021,0.12480051070451736,0.006565934047102928,True,True,True
abl_concat,BiFAM -> concatenation,figshare/2317.png,fs_MR050791B,0,True,0.026740180121527776,0.05266514793038368,0.016686104238033295,0.0487467385828495,False,False,False
abl_concat,BiFAM -> concatenation,figshare/2318.png,fs_MR050791B,0,True,0.04482693142361111,0.3962169587612152,0.1762695610523224,0.07811399549245834,False,True,True
abl_concat,BiFAM -> concatenation,figshare/2319.png,fs_MR050791B,0,True,0.032111273871527776,0.6830098628997803,0.14470957219600677,0.07736101001501083,True,True,True
abl_concat,BiFAM -> concatenation,figshare/2320.png,fs_MR050791B,0,True,0.020846896701388888,0.25447189807891846,0.11752183735370636,0.03149747475981712,False,True,True
abl_concat,BiFAM -> concatenation,figshare/2349.png,fs_MR024780E,0,True,0.007439507378472222,0.8090826272964478,0.06884412467479706,0.008912109769880772,True,True,False
abl_concat,BiFAM -> concatenation,figshare/2362.png,fs_MR040240C,0,True,0.008490668402777778,0.6908237338066101,0.034239426255226135,0.011778946965932846,True,True,True
abl_concat,BiFAM -> concatenation,figshare/2363.png,fs_MR040240C,0,True,0.0033772786458333335,0.19806316494941711,0.0165468230843544,0.005127443931996822,False,True,False
abl_concat,BiFAM -> concatenation,figshare/2364.png,fs_MR040240C,0,True,0.003851996527777778,0.6414715647697449,0.03553135693073273,0.007442181929945946,True,True,False
abl_concat,BiFAM -> concatenation,figshare/2365.png,fs_MR040240C,0,True,0.020426432291666668,0.8868122100830078,0.09889134019613266,0.016802726313471794,True,True,False
abl_concat,BiFAM -> concatenation,figshare/2366.png,fs_MR040240C,0,True,0.023417154947916668,0.8502343893051147,0.18759401142597198,0.011317145079374313,True,True,False
abl_concat,BiFAM -> concatenation,figshare/2367.png,fs_MR040240C,0,True,0.042928059895833336,0.8652544617652893,0.26107195019721985,0.02525320276618004,True,True,True
abl_concat,BiFAM -> concatenation,figshare/2368.png,fs_MR040240C,0,True,0.06172010633680555,0.7222515940666199,0.3168773353099823,0.020872071385383606,False,False,False
abl_concat,BiFAM -> concatenation,figshare/2369.png,fs_MR040240C,0,True,0.052361382378472224,0.5949115753173828,0.21000291407108307,0.03560393676161766,False,False,False
abl_concat,BiFAM -> concatenation,figshare/2370.png,fs_MR040240C,0,True,0.07093641493055555,0.9531562328338623,0.3047058582305908,0.05526716262102127,True,True,False
abl_concat,BiFAM -> concatenation,figshare/2371.png,fs_MR040240C,0,True,0.059244791666666664,0.9630979895591736,0.27066275477409363,0.05264381319284439,True,True,False
abl_concat,BiFAM -> concatenation,figshare/2372.png,fs_MR040240C,0,True,0.01580810546875,0.5170045495033264,0.13474129140377045,0.0008511253981851041,True,True,False
abl_concat,BiFAM -> concatenation,figshare/2373.png,fs_MR040240D,0,True,0.0035400390625,0.5080761909484863,0.014680661261081696,0.007190125994384289,True,True,True
abl_concat,BiFAM -> concatenation,figshare/2374.png,fs_MR040240D,0,True,0.0064697265625,0.355960875749588,0.048124149441719055,0.002319729421287775,True,True,False
abl_concat,BiFAM -> concatenation,figshare/2375.png,fs_MR040240D,0,True,0.003390842013888889,0.0034543275833129883,0.0004708292835857719,0.007001019082963467,False,False,False
abl_concat,BiFAM -> concatenation,figshare/2376.png,fs_MR040240D,0,True,0.03207058376736111,0.9213988780975342,0.22581085562705994,0.010300956666469574,True,True,False
abl_concat,BiFAM -> concatenation,figshare/2377.png,fs_MR040240D,0,True,0.029127332899305556,0.9191095232963562,0.21979054808616638,0.004915366880595684,True,True,False
abl_concat,BiFAM -> concatenation,figshare/2378.png,fs_MR040240D,0,True,0.032036675347222224,0.8861117362976074,0.23579828441143036,0.006682760082185268,True,True,False
abl_concat,BiFAM -> concatenation,figshare/2379.png,fs_MR040240D,0,True,0.06580268012152778,0.9597721695899963,0.3736568093299866,0.01734103262424469,True,True,False
abl_concat,BiFAM -> concatenation,figshare/2380.png,fs_MR040240D,0,True,0.058844672309027776,0.9614172577857971,0.3551776111125946,0.009161177091300488,True,True,False
abl_concat,BiFAM -> concatenation,figshare/2381.png,fs_MR040240D,0,True,0.05537245008680555,0.9205461144447327,0.26029253005981445,0.0274831373244524,True,True,False
abl_concat,BiFAM -> concatenation,figshare/2382.png,fs_MR040240D,0,True,0.052741156684027776,0.8919928669929504,0.2805917263031006,0.023799030110239983,True,True,False
abl_concat,BiFAM -> concatenation,figshare/2383.png,fs_MR040240D,0,True,0.00421142578125,0.2905113399028778,0.025360969826579094,0.0037608295679092407,True,True,False
abl_concat,BiFAM -> concatenation,figshare/2443.png,fs_MR040240,0,True,0.028347439236111112,0.8289620280265808,0.1414329558610916,0.023813597857952118,False,True,False
abl_concat,BiFAM -> concatenation,figshare/2444.png,fs_MR040240,0,True,0.049886067708333336,0.960826575756073,0.32051047682762146,0.01643654890358448,True,True,False
abl_concat,BiFAM -> concatenation,figshare/2445.png,fs_MR040240,0,True,0.046515570746527776,0.9377577304840088,0.32388025522232056,0.011095249094069004,True,True,False
abl_concat,BiFAM -> concatenation,figshare/2446.png,fs_MR040240,0,True,0.050103081597222224,0.9627902507781982,0.36535021662712097,0.03342948481440544,True,True,True
abl_concat,BiFAM -> concatenation,figshare/2447.png,fs_MR040240,0,True,0.029446072048611112,0.5531191229820251,0.19434019923210144,0.013735136948525906,False,False,False
abl_concat,BiFAM -> concatenation,figshare/2448.png,fs_MR040240,0,True,0.028788248697916668,0.655951201915741,0.24168318510055542,0.00958060659468174,True,True,False
abl_concat,BiFAM -> concatenation,figshare/2449.png,fs_MR040240,0,True,0.029947916666666668,0.6912686228752136,0.24615292251110077,0.008622522465884686,True,True,False
abl_concat,BiFAM -> concatenation,figshare/2450.png,fs_MR040240,0,True,0.037150065104166664,0.9224525094032288,0.3036510646343231,0.032066863030195236,True,True,True
abl_concat,BiFAM -> concatenation,figshare/2451.png,fs_MR040240,0,True,0.02386474609375,0.7737920880317688,0.17998699843883514,0.012616101652383804,True,True,False
abl_concat,BiFAM -> concatenation,figshare/2452.png,fs_MR040240,0,True,0.009589301215277778,0.5844395160675049,0.06872016191482544,0.00996655598282814,True,True,False
abl_concat,BiFAM -> concatenation,figshare/2496.png,fs_MR024780E,0,True,0.00408935546875,0.0018707566196098924,0.0004523529205471277,0.006765802390873432,False,False,False
abl_concat,BiFAM -> concatenation,figshare/2497.png,fs_MR024780E,0,True,0.002448187934027778,0.22073791921138763,0.015482116490602493,0.003698974847793579,False,False,True
abl_concat,BiFAM -> concatenation,figshare/2498.png,fs_MR024780E,0,True,0.007256401909722222,0.4586254060268402,0.01640775054693222,0.1076841875910759,True,True,True
abl_concat,BiFAM -> concatenation,figshare/2509.png,fs_MR040240C,0,True,0.021023220486111112,0.9211177229881287,0.15382538735866547,0.008863513357937336,True,True,False
abl_concat,BiFAM -> concatenation,figshare/2510.png,fs_MR040240C,0,True,0.021708170572916668,0.7909139394760132,0.15689750015735626,0.016401899978518486,True,True,True
abl_concat,BiFAM -> concatenation,figshare/2511.png,fs_MR040240C,0,True,0.00787353515625,0.5701655745506287,0.07916536927223206,0.002357081277295947,True,True,False
abl_concat,BiFAM -> concatenation,figshare/2512.png,fs_MR040240C,0,True,0.009813096788194444,0.6308814287185669,0.09437241405248642,0.0027420518454164267,False,True,False
abl_concat,BiFAM -> concatenation,figshare/2513.png,fs_MR040240C,0,True,0.013502332899305556,0.7496797442436218,0.12303826957941055,0.0004478000046219677,True,True,False
abl_concat,BiFAM -> concatenation,figshare/2514.png,fs_MR040240C,0,True,0.0146484375,0.7645087838172913,0.1265260875225067,0.00012581456394400448,True,True,False
abl_concat,BiFAM -> concatenation,figshare/2515.png,fs_MR040240C,0,True,0.015360514322916666,0.5418166518211365,0.10692491382360458,0.0042990390211343765,False,True,False
abl_concat,BiFAM -> concatenation,figshare/2516.png,fs_MR040240C,0,True,0.03158908420138889,0.8704535365104675,0.26045742630958557,0.004558284301310778,True,True,False
abl_concat,BiFAM -> concatenation,figshare/2517.png,fs_MR040240C,0,True,0.03372531467013889,0.8432436585426331,0.28122738003730774,0.003032999113202095,True,True,False
abl_concat,BiFAM -> concatenation,figshare/2518.png,fs_MR040240C,0,True,0.013326009114583334,0.45473992824554443,0.1255546361207962,0.0012183678336441517,False,True,False
abl_concat,BiFAM -> concatenation,figshare/2519.png,fs_MR040240C,0,True,0.013814290364583334,0.39236706495285034,0.12095397710800171,0.004048526287078857,True,True,False
abl_concat,BiFAM -> concatenation,figshare/2520.png,fs_MR040240C,0,True,0.03912353515625,0.9341235756874084,0.30207088589668274,0.0046645645052194595,True,True,False
abl_concat,BiFAM -> concatenation,figshare/2521.png,fs_MR040240C,0,True,0.029947916666666668,0.6595316529273987,0.1621416062116623,0.016528841108083725,True,True,False
abl_concat,BiFAM -> concatenation,figshare/2522.png,fs_MR040240C,0,True,0.009806315104166666,0.5542863011360168,0.09762883931398392,0.0030103162862360477,True,True,False
abl_concat,BiFAM -> concatenation,figshare/2523.png,fs_MR040240C,0,True,0.007853190104166666,0.7778423428535461,0.07566308230161667,0.010160516016185284,True,True,False
abl_concat,BiFAM -> concatenation,figshare/2550.png,fs_MR051461B,0,True,0.008185492621527778,0.5467951893806458,0.05178589001297951,0.013804412446916103,False,True,False
abl_concat,BiFAM -> concatenation,figshare/2551.png,fs_MR051461B,0,True,0.007317437065972222,0.6459669470787048,0.0775589570403099,0.009547933004796505,True,True,True
abl_concat,BiFAM -> concatenation,figshare/2552.png,fs_MR051461B,0,True,0.007988823784722222,0.35917598009109497,0.078266941010952,0.021521037444472313,False,True,True
abl_concat,BiFAM -> concatenation,figshare/2553.png,fs_MR051461B,0,True,0.008314344618055556,0.5483957529067993,0.09012966603040695,0.0042058140970766544,True,True,False
abl_concat,BiFAM -> concatenation,figshare/2617.png,fs_MR053110B,0,True,0.026041666666666668,0.6483776569366455,0.1409115046262741,0.029203366488218307,False,True,True
abl_concat,BiFAM -> concatenation,figshare/2618.png,fs_MR053110B,0,True,0.028272840711805556,0.6357522010803223,0.16175445914268494,0.07193196564912796,True,True,True
abl_concat,BiFAM -> concatenation,figshare/2619.png,fs_MR053110B,0,True,0.036383734809027776,0.8195289969444275,0.21936534345149994,0.04088763892650604,True,True,True
abl_concat,BiFAM -> concatenation,figshare/2620.png,fs_MR053110B,0,True,0.03361680772569445,0.8883357048034668,0.2644778788089752,0.012539910152554512,True,True,False
abl_concat,BiFAM -> concatenation,figshare/2621.png,fs_MR053110B,0,True,0.029500325520833332,0.8095676898956299,0.26201924681663513,0.004087788984179497,True,True,False
abl_concat,BiFAM -> concatenation,figshare/2622.png,fs_MR053110B,0,True,0.028516981336805556,0.8354427218437195,0.28547701239585876,0.00043218271457590163,True,True,False
abl_concat,BiFAM -> concatenation,figshare/2623.png,fs_MR053110B,0,True,0.028164333767361112,0.8212077021598816,0.2847440242767334,8.352617442142218e-05,True,True,False
abl_concat,BiFAM -> concatenation,figshare/2624.png,fs_MR034694,0,True,0.009189181857638888,0.8074590563774109,0.09778144955635071,0.003153942059725523,True,True,False
abl_concat,BiFAM -> concatenation,figshare/2625.png,fs_MR034694,0,True,0.00933837890625,0.048162270337343216,0.0031470770481973886,0.017387498170137405,False,False,False
abl_concat,BiFAM -> concatenation,figshare/2626.png,fs_MR034694,0,True,0.020304361979166668,0.7255080938339233,0.05460083484649658,0.03054928034543991,True,True,True
abl_concat,BiFAM -> concatenation,figshare/2627.png,fs_MR034694,0,True,0.011935763888888888,0.8017609715461731,0.14026884734630585,0.004031086806207895,True,True,False
abl_concat,BiFAM -> concatenation,figshare/2628.png,fs_MR034694,0,True,0.023857964409722224,0.9171381592750549,0.17208132147789001,0.016173044219613075,True,True,True
abl_concat,BiFAM -> concatenation,figshare/2629.png,fs_MR034694,0,True,0.025356716579861112,0.9097720980644226,0.16442561149597168,0.020577728748321533,True,True,False
abl_concat,BiFAM -> concatenation,figshare/2630.png,fs_MR034694,0,True,0.017835828993055556,0.8916202187538147,0.11660598963499069,0.015729505568742752,True,True,True
abl_concat,BiFAM -> concatenation,figshare/2646.png,fs_MR053241C,0,True,0.008341471354166666,0.008814775384962559,0.00040558804175816476,0.014924305491149426,False,False,False
abl_concat,BiFAM -> concatenation,figshare/2647.png,fs_MR053241C,0,True,0.005655924479166667,0.009470882825553417,0.00038073217729106545,0.010057095438241959,False,False,False
abl_concat,BiFAM -> concatenation,figshare/2648.png,fs_MR053241C,0,True,0.004835340711805556,0.11648587137460709,0.007321934215724468,0.010525073856115341,False,False,True
abl_concat,BiFAM -> concatenation,figshare/2649.png,fs_MR053241C,0,True,0.0052490234375,0.47445327043533325,0.0242998618632555,0.007968458347022533,True,True,True
abl_concat,BiFAM -> concatenation,figshare/2650.png,fs_MR034997,0,True,0.010158962673611112,0.8511077761650085,0.1043185219168663,0.006847873795777559,True,True,True
abl_concat,BiFAM -> concatenation,figshare/2651.png,fs_MR034997,0,True,0.021952311197916668,0.9234398007392883,0.15944339334964752,0.014012321829795837,True,True,False
abl_concat,BiFAM -> concatenation,figshare/2652.png,fs_MR034997,0,True,0.024447970920138888,0.9389409422874451,0.18192489445209503,0.014207183383405209,True,True,False
abl_concat,BiFAM -> concatenation,figshare/2653.png,fs_MR034997,0,True,0.022623697916666668,0.9370288252830505,0.18587899208068848,0.008808286860585213,True,True,True
abl_concat,BiFAM -> concatenation,figshare/2654.png,fs_MR034997,0,True,0.025139702690972224,0.9405304789543152,0.16903424263000488,0.015064485371112823,True,True,True
abl_concat,BiFAM -> concatenation,figshare/2655.png,fs_MR034997,0,True,0.020521375868055556,0.9058212637901306,0.10427185148000717,0.018303170800209045,True,True,False
abl_concat,BiFAM -> concatenation,figshare/2656.png,fs_MR034997,0,True,0.0159912109375,0.744217038154602,0.0943201556801796,0.011229980736970901,True,True,False
abl_concat,BiFAM -> concatenation,figshare/2675.png,fs_MR049019G,0,True,0.019646538628472224,0.5323595404624939,0.14546389877796173,0.004910193383693695,True,True,False
abl_concat,BiFAM -> concatenation,figshare/2676.png,fs_MR049019G,0,True,0.023362901475694444,0.90205317735672,0.19692185521125793,0.0052015590481460094,True,True,False
abl_concat,BiFAM -> concatenation,figshare/2677.png,fs_MR049019G,0,True,0.027065700954861112,0.8851158618927002,0.20212148129940033,0.00809603650122881,True,True,False
abl_concat,BiFAM -> concatenation,figshare/2702.png,fs_MR037458B,0,False,0.002509223090277778,0.037501946091651917,0.00160800211597234,0.0643816739320755,False,False,False
abl_concat,BiFAM -> concatenation,figshare/2703.png,fs_MR037458B,0,False,0.006632486979166667,0.3089303970336914,0.02750447764992714,0.015400719828903675,False,False,False
abl_concat,BiFAM -> concatenation,figshare/2704.png,fs_MR037458B,0,True,0.0128173828125,0.7430057525634766,0.12009052187204361,0.01753370463848114,True,True,True
abl_concat,BiFAM -> concatenation,figshare/2705.png,fs_MR037458B,0,True,0.020358615451388888,0.6374552845954895,0.09893351048231125,0.031696707010269165,False,True,False
abl_concat,BiFAM -> concatenation,figshare/2706.png,fs_MR037458B,0,True,0.017442491319444444,0.8885750770568848,0.13368916511535645,0.07918934524059296,True,True,True
abl_concat,BiFAM -> concatenation,figshare/2707.png,fs_MR037458B,0,False,0.011298285590277778,0.8161971569061279,0.10919281840324402,0.018680252134799957,True,True,True
abl_concat,BiFAM -> concatenation,figshare/2708.png,fs_MR037458B,0,True,0.005255805121527778,0.7453188300132751,0.05096264183521271,0.00431643333286047,True,True,False
abl_concat,BiFAM -> concatenation,figshare/2709.png,fs_MR037458B,0,False,0.006422254774305556,0.017034484073519707,0.0005306920502334833,0.008695901371538639,False,False,False
abl_concat,BiFAM -> concatenation,figshare/2743.png,fs_MR049019G,0,True,0.013014051649305556,0.4229387640953064,0.13715119659900665,0.000578549166675657,False,False,False
abl_concat,BiFAM -> concatenation,figshare/2744.png,fs_MR049019G,0,True,0.014492458767361112,0.6524698734283447,0.1670045405626297,0.0004908101400360465,True,True,False
abl_concat,BiFAM -> concatenation,figshare/2745.png,fs_MR049019G,0,True,0.03921847873263889,0.7097665071487427,0.26308026909828186,0.024541128426790237,True,True,True
abl_concat,BiFAM -> concatenation,figshare/2746.png,fs_MR049019G,0,True,0.024393717447916668,0.6306610703468323,0.21650753915309906,0.026633625850081444,True,True,True
abl_concat,BiFAM -> concatenation,figshare/2747.png,fs_MR049019G,0,True,0.008884006076388888,0.4385004937648773,0.08511050045490265,0.02311948500573635,False,True,True
abl_concat,BiFAM -> concatenation,figshare/2769.png,fs_MR037458B,0,True,0.014180501302083334,0.4676925241947174,0.0596311055123806,0.02282657101750374,True,True,False
abl_concat,BiFAM -> concatenation,figshare/2770.png,fs_MR037458B,0,True,0.007290310329861111,0.636221706867218,0.06476335227489471,0.006900379434227943,True,True,False
abl_concat,BiFAM -> concatenation,figshare/2771.png,fs_MR037458B,0,True,0.025214301215277776,0.8750424981117249,0.21524396538734436,0.002238521119579673,True,True,False
abl_concat,BiFAM -> concatenation,figshare/2772.png,fs_MR037458B,0,True,0.018235948350694444,0.8416824340820312,0.1435105800628662,0.02500966563820839,True,True,False
abl_concat,BiFAM -> concatenation,figshare/2773.png,fs_MR037458B,0,False,0.017768012152777776,0.755854606628418,0.08779522776603699,0.025686677545309067,True,True,True
abl_concat,BiFAM -> concatenation,figshare/2787.png,fs_MR040240,0,True,0.024210611979166668,0.6025083065032959,0.19124120473861694,0.007208928465843201,True,True,False
abl_concat,BiFAM -> concatenation,figshare/2788.png,fs_MR040240,0,True,0.014492458767361112,0.7421433329582214,0.1665627509355545,0.014233716763556004,True,True,True
abl_concat,BiFAM -> concatenation,figshare/2789.png,fs_MR040240,0,True,0.05129665798611111,0.931071400642395,0.383853554725647,0.044450726360082626,True,True,True
abl_concat,BiFAM -> concatenation,figshare/2790.png,fs_MR040240,0,True,0.05272081163194445,0.9571474194526672,0.3671235740184784,0.0564870610833168,True,True,True
abl_concat,BiFAM -> concatenation,figshare/2791.png,fs_MR040240,0,True,0.038872612847222224,0.9045612812042236,0.266125351190567,0.03785635158419609,True,True,True
abl_concat,BiFAM -> concatenation,figshare/2792.png,fs_MR040240,0,True,0.017747667100694444,0.558419942855835,0.1414257287979126,0.010089412331581116,True,True,False
abl_concat,BiFAM -> concatenation,figshare/2793.png,fs_MR040240,0,True,0.015550401475694444,0.8068256974220276,0.13928428292274475,0.0159215796738863,True,True,True
abl_concat,BiFAM -> concatenation,figshare/2794.png,fs_MR040240,0,True,0.006985134548611111,0.4619235098361969,0.0613924078643322,0.002668570028617978,False,True,False
abl_concat,BiFAM -> concatenation,figshare/2876.png,fs_MR049453,0,True,0.007012261284722222,0.30248942971229553,0.04124164953827858,0.008312643505632877,False,False,False
abl_concat,BiFAM -> concatenation,figshare/2877.png,fs_MR049453,0,True,0.018086751302083332,0.7474450469017029,0.23072822391986847,0.003227223875001073,True,True,False
abl_concat,BiFAM -> concatenation,figshare/2878.png,fs_MR049453,0,True,0.028469509548611112,0.8273772597312927,0.3414628803730011,0.0009133528801612556,True,True,False
abl_concat,BiFAM -> concatenation,figshare/2879.png,fs_MR049453,0,True,0.04705810546875,0.8933291435241699,0.4030553996562958,0.014344200491905212,True,True,False
abl_concat,BiFAM -> concatenation,figshare/2880.png,fs_MR049453,0,True,0.03195529513888889,0.8540308475494385,0.32117676734924316,0.008515880443155766,True,True,False
abl_concat,BiFAM -> concatenation,figshare/2881.png,fs_MR049453,0,True,0.029832628038194444,0.8627496361732483,0.26817452907562256,0.007766842842102051,True,True,False
abl_concat,BiFAM -> concatenation,figshare/2882.png,fs_MR049453,0,True,0.04216172960069445,0.8802390694618225,0.19757221639156342,0.04055783525109291,True,True,False
abl_concat,BiFAM -> concatenation,figshare/2883.png,fs_MR049453,0,True,0.004706488715277778,0.4358096420764923,0.05907148867845535,0.0044908602721989155,True,True,False
abl_concat,BiFAM -> concatenation,figshare/2884.png,fs_MR049453,0,True,0.006252712673611111,0.6613776683807373,0.07151483744382858,0.0034598778001964092,True,True,False
abl_concat,BiFAM -> concatenation,figshare/2891.png,fs_MR050135B,0,True,0.011637369791666666,0.757131814956665,0.1160668283700943,0.004071370232850313,True,True,False
abl_concat,BiFAM -> concatenation,figshare/2892.png,fs_MR050135B,0,True,0.015414767795138888,0.7102127075195312,0.16304363310337067,0.0011058624368160963,True,True,False
abl_concat,BiFAM -> concatenation,figshare/2893.png,fs_MR050135B,0,True,0.019816080729166668,0.7659225463867188,0.21453166007995605,0.0020137126557528973,True,True,False
abl_concat,BiFAM -> concatenation,figshare/2894.png,fs_MR050135B,0,True,0.042683919270833336,0.9345870018005371,0.23279297351837158,0.05449385568499565,True,True,True
abl_concat,BiFAM -> concatenation,figshare/2895.png,fs_MR050135B,0,True,0.004475911458333333,0.26109835505485535,0.05777173861861229,0.0004092329181730747,True,True,False
abl_concat,BiFAM -> concatenation,figshare/2896.png,fs_MR050135B,0,True,0.012498643663194444,0.6399988532066345,0.1635836511850357,0.00480292271822691,True,True,False
abl_concat,BiFAM -> concatenation,figshare/2897.png,fs_MR050135B,0,True,0.016323513454861112,0.782396137714386,0.19554395973682404,0.0035914634354412556,True,True,False
abl_concat,BiFAM -> concatenation,figshare/2898.png,fs_MR050135B,0,True,0.0126953125,0.7978293299674988,0.15535874664783478,0.0066964165307581425,True,True,True
abl_concat,BiFAM -> concatenation,figshare/2899.png,fs_MR050135B,0,True,0.005852593315972222,0.3502337336540222,0.06272914260625839,0.0010400171158835292,True,True,False
abl_concat,BiFAM -> concatenation,figshare/2906.png,fs_MR050791B,0,False,0.00286865234375,0.014906775206327438,0.0011118095135316253,0.0,False,False,False
abl_concat,BiFAM -> concatenation,figshare/2907.png,fs_MR050791B,0,True,0.009385850694444444,0.21928958594799042,0.0529029481112957,0.03299820050597191,False,True,True
abl_concat,BiFAM -> concatenation,figshare/2908.png,fs_MR050791B,0,True,0.014112684461805556,0.7227169275283813,0.12803898751735687,0.04045509919524193,True,True,True
abl_concat,BiFAM -> concatenation,figshare/2909.png,fs_MR050791B,0,True,0.020534939236111112,0.2908860146999359,0.12582236528396606,0.07471252977848053,False,False,False
abl_concat,BiFAM -> concatenation,figshare/2910.png,fs_MR050791B,0,True,0.015265570746527778,0.15782900154590607,0.025241266936063766,0.06678726524114609,False,False,False
abl_concat,BiFAM -> concatenation,figshare/2911.png,fs_MR050791B,0,True,0.010138617621527778,0.0312994085252285,0.011840229853987694,0.022239526733756065,False,False,False
abl_concat,BiFAM -> concatenation,figshare/2912.png,fs_MR050791B,0,True,0.010328504774305556,0.1896713376045227,0.046404868364334106,0.0217352956533432,False,True,True
abl_concat,BiFAM -> concatenation,figshare/2913.png,fs_MR050791B,0,True,0.00726318359375,0.18803206086158752,0.06656230986118317,0.006168908439576626,False,False,False
abl_concat,BiFAM -> concatenation,figshare/2999.png,fs_MR053110B,0,True,0.019449869791666668,0.7548238635063171,0.16698899865150452,0.02755182981491089,True,True,True
abl_concat,BiFAM -> concatenation,figshare/3000.png,fs_MR053110B,0,True,0.025614420572916668,0.6670756936073303,0.21362997591495514,0.012060909532010555,False,True,False
abl_concat,BiFAM -> concatenation,figshare/3001.png,fs_MR053110B,0,True,0.03150770399305555,0.8780592083930969,0.2657906115055084,0.014391399919986725,True,True,False
abl_concat,BiFAM -> concatenation,figshare/3002.png,fs_MR053110B,0,True,0.038655598958333336,0.8653202056884766,0.20046088099479675,0.02918631210923195,True,True,False
abl_concat,BiFAM -> concatenation,figshare/3003.png,fs_MR053110B,0,True,0.026896158854166668,0.4036356508731842,0.047830887138843536,0.04913507029414177,True,True,True
abl_concat,BiFAM -> concatenation,figshare/3004.png,fs_MR053110B,0,True,0.001315646701388889,0.03578630089759827,0.00970298983156681,0.0,False,False,False
abl_concat,BiFAM -> concatenation,figshare/3005.png,fs_MR034694,0,True,0.01019287109375,0.6671951413154602,0.17335611581802368,0.0015111140673980117,True,True,False
abl_concat,BiFAM -> concatenation,figshare/3006.png,fs_MR034694,0,True,0.018269856770833332,0.7939185500144958,0.24246901273727417,0.013884018175303936,True,True,True
abl_concat,BiFAM -> concatenation,figshare/3007.png,fs_MR034694,0,True,0.016255696614583332,0.801278293132782,0.24384640157222748,0.012433895841240883,True,True,True
abl_concat,BiFAM -> concatenation,figshare/3008.png,fs_MR034694,0,True,0.016228569878472224,0.7541535496711731,0.19044212996959686,0.006609668489545584,True,True,False
abl_concat,BiFAM -> concatenation,figshare/3022.png,fs_MR034997,0,True,0.006361219618055556,0.776029646396637,0.0535956434905529,0.0011428969446569681,True,True,False
abl_concat,BiFAM -> concatenation,figshare/3023.png,fs_MR034997,0,True,0.013319227430555556,0.8367003202438354,0.14349669218063354,0.001973990350961685,True,True,False
abl_concat,BiFAM -> concatenation,figshare/3024.png,fs_MR034997,0,True,0.021694607204861112,0.8663462400436401,0.23441913723945618,0.003842625766992569,True,True,False
abl_concat,BiFAM -> concatenation,figshare/3025.png,fs_MR034997,0,True,0.024787055121527776,0.9141462445259094,0.27514156699180603,0.004564362578094006,True,True,False
abl_concat,BiFAM -> concatenation,figshare/3026.png,fs_MR034997,0,True,0.019280327690972224,0.8466128706932068,0.22922225296497345,0.012667054310441017,True,True,True
abl_concat,BiFAM -> concatenation,figshare/3027.png,fs_MR034997,0,True,0.013102213541666666,0.7221113443374634,0.17702101171016693,0.0077482047490775585,True,True,False
abl_concat,BiFAM -> concatenation,figshare/3028.png,fs_MR034997,0,True,0.002570258246527778,0.15672248601913452,0.03794575110077858,0.0006696115015074611,False,True,False
abl_concat,BiFAM -> concatenation,figshare/3039.png,fs_MR024780E,0,True,0.001193576388888889,0.3256056606769562,0.013693268410861492,8.275998879980762e-06,True,True,False
abl_concat,BiFAM -> concatenation,figshare/3040.png,fs_MR024780E,0,True,0.003017849392361111,0.4921222925186157,0.018277576193213463,0.0005936984671279788,True,True,False
abl_concat,BiFAM -> concatenation,figshare/3041.png,fs_MR024780E,0,True,0.0025838216145833335,0.4883030354976654,0.019233932718634605,0.0005175714031793177,True,True,False
abl_concat,BiFAM -> concatenation,figshare/3042.png,fs_MR040240C,0,True,0.021280924479166668,0.25792375206947327,0.1175336018204689,0.009350583888590336,False,False,False
abl_concat,BiFAM -> concatenation,figshare/3043.png,fs_MR040240C,0,True,0.015313042534722222,0.23126712441444397,0.11367283016443253,0.0002369842113694176,False,False,False
abl_concat,BiFAM -> concatenation,figshare/3044.png,fs_MR040240C,0,True,0.034125434027777776,0.49404120445251465,0.22256773710250854,0.004034275654703379,False,True,False
abl_concat,BiFAM -> concatenation,figshare/3045.png,fs_MR040240C,0,True,0.030219184027777776,0.8316991925239563,0.21795052289962769,0.007391253020614386,True,True,False
abl_concat,BiFAM -> concatenation,figshare/3046.png,fs_MR040240C,0,True,0.016777886284722224,0.7061939239501953,0.14540138840675354,0.0029560434632003307,True,True,False
abl_concat,BiFAM -> concatenation,figshare/3047.png,fs_MR040240D,0,True,0.003119574652777778,0.5229640007019043,0.037450872361660004,0.00292668747715652,True,True,False
abl_concat,BiFAM -> concatenation,figshare/3048.png,fs_MR040240D,0,True,0.0020005967881944445,0.0061967382207512856,0.0005613979301415384,0.0006392388604581356,False,False,False
abl_no_ag,Without attention-gated path,figshare/0001.png,fs_100360,1,True,0.017510308159722224,0.12049869447946548,,0.10179326683282852,True,,True
abl_no_ag,Without attention-gated path,figshare/0002.png,fs_100360,1,True,0.032938639322916664,0.24196481704711914,,0.10962976515293121,True,,True
abl_no_ag,Without attention-gated path,figshare/0003.png,fs_100360,1,True,0.04019504123263889,0.3024727702140808,,0.12646502256393433,True,,True
abl_no_ag,Without attention-gated path,figshare/0004.png,fs_100360,1,True,0.034003363715277776,0.2746241092681885,,0.128199502825737,True,,True
abl_no_ag,Without attention-gated path,figshare/0005.png,fs_100360,1,True,0.04301622178819445,0.21139955520629883,,0.09857501089572906,True,,True
abl_no_ag,Without attention-gated path,figshare/0026.png,fs_102446,1,True,0.0027601453993055555,0.02184956893324852,,0.01321046706289053,True,,True
abl_no_ag,Without attention-gated path,figshare/0049.png,fs_104281,1,True,0.00714111328125,0.0578097365796566,,0.05771704763174057,True,,True
abl_no_ag,Without attention-gated path,figshare/0050.png,fs_104281,1,True,0.019049750434027776,0.13535170257091522,,0.12445273995399475,True,,True
abl_no_ag,Without attention-gated path,figshare/0051.png,fs_104281,1,True,0.022298177083333332,0.15646497905254364,,0.1459437757730484,True,,True
abl_no_ag,Without attention-gated path,figshare/0052.png,fs_104281,1,True,0.021280924479166668,0.1466836780309677,,0.12596751749515533,True,,True
abl_no_ag,Without attention-gated path,figshare/0053.png,fs_104281,1,True,0.015679253472222224,0.09768317639827728,,0.12437786906957626,True,,True
abl_no_ag,Without attention-gated path,figshare/0054.png,fs_104281,1,True,0.008938259548611112,0.05264178663492203,,0.08035016059875488,True,,True
abl_no_ag,Without attention-gated path,figshare/0055.png,fs_104281,1,True,0.00494384765625,0.02386869490146637,,0.03758978471159935,False,,True
abl_no_ag,Without attention-gated path,figshare/0056.png,fs_105374,1,True,0.004007975260416667,0.02733268029987812,,0.025302648544311523,True,,True
abl_no_ag,Without attention-gated path,figshare/0057.png,fs_105374,1,True,0.00408935546875,0.027645261958241463,,0.022247495129704475,True,,True
abl_no_ag,Without attention-gated path,figshare/0093.png,fs_107248,1,True,0.009711371527777778,0.07123664021492004,,0.046119991689920425,False,,True
abl_no_ag,Without attention-gated path,figshare/0094.png,fs_107248,1,True,0.01177978515625,0.09304988384246826,,0.04311122000217438,False,,True
abl_no_ag,Without attention-gated path,figshare/0095.png,fs_107248,1,True,0.004597981770833333,0.04995497316122055,,0.031276118010282516,False,,True
abl_no_ag,Without attention-gated path,figshare/0096.png,fs_107248,1,True,0.006700303819444444,0.07666675746440887,,0.044443368911743164,True,,True
abl_no_ag,Without attention-gated path,figshare/0097.png,fs_107248,1,True,0.00921630859375,0.09865256398916245,,0.05357107147574425,True,,True
abl_no_ag,Without attention-gated path,figshare/0098.png,fs_107248,1,True,0.00750732421875,0.06378384679555893,,0.03361549973487854,True,,True
abl_no_ag,Without attention-gated path,figshare/0119.png,fs_109411,1,True,0.0018717447916666667,0.00705016078427434,,0.011228804476559162,False,,True
abl_no_ag,Without attention-gated path,figshare/0120.png,fs_109968,1,True,0.019124348958333332,0.12346742302179337,,0.10163600742816925,False,,True
abl_no_ag,Without attention-gated path,figshare/0121.png,fs_109968,1,True,0.020731608072916668,0.15324324369430542,,0.12330767512321472,True,,True
abl_no_ag,Without attention-gated path,figshare/0122.png,fs_109968,1,True,0.019239637586805556,0.16670870780944824,,0.1351373791694641,True,,True
abl_no_ag,Without attention-gated path,figshare/0123.png,fs_109968,1,True,0.012363009982638888,0.12627241015434265,,0.09939645230770111,True,,True
abl_no_ag,Without attention-gated path,figshare/0132.png,fs_111532,1,True,0.017340766059027776,0.11823712289333344,,0.1423056274652481,True,,True
abl_no_ag,Without attention-gated path,figshare/0133.png,fs_111532,1,True,0.021755642361111112,0.1563166379928589,,0.2044488489627838,True,,True
abl_no_ag,Without attention-gated path,figshare/0134.png,fs_111532,1,True,0.022928873697916668,0.16172051429748535,,0.19368571043014526,True,,True
abl_no_ag,Without attention-gated path,figshare/0154.png,fs_113435,1,True,0.03425428602430555,0.23013225197792053,,0.12679098546504974,True,,True
abl_no_ag,Without attention-gated path,figshare/0155.png,fs_113435,1,True,0.0469970703125,0.28606802225112915,,0.12576597929000854,True,,True
abl_no_ag,Without attention-gated path,figshare/0156.png,fs_113435,1,True,0.04841444227430555,0.27417388558387756,,0.12287987023591995,True,,True
abl_no_ag,Without attention-gated path,figshare/0157.png,fs_113435,1,True,0.045586480034722224,0.2569082975387573,,0.1698760688304901,True,,True
abl_no_ag,Without attention-gated path,figshare/0158.png,fs_113435,1,True,0.037285698784722224,0.2157377451658249,,0.22726939618587494,True,,True
abl_no_ag,Without attention-gated path,figshare/0159.png,fs_113435,1,True,0.024427625868055556,0.144918292760849,,0.1884651780128479,True,,True
abl_no_ag,Without attention-gated path,figshare/0160.png,fs_113554,1,True,0.009663899739583334,0.09500321000814438,,0.08304186165332794,True,,True
abl_no_ag,Without attention-gated path,figshare/0161.png,fs_113554,1,True,0.012281629774305556,0.11841461062431335,,0.11159458756446838,True,,True
abl_no_ag,Without attention-gated path,figshare/0162.png,fs_113554,1,True,0.01031494140625,0.08500176668167114,,0.09646743535995483,True,,True
abl_no_ag,Without attention-gated path,figshare/0204.png,fs_99308,1,True,0.024325900607638888,0.15137414634227753,,0.12541306018829346,True,,True
abl_no_ag,Without attention-gated path,figshare/0205.png,fs_99308,1,True,0.03409152560763889,0.17642347514629364,,0.13218459486961365,True,,True
abl_no_ag,Without attention-gated path,figshare/0206.png,fs_99308,1,True,0.03354220920138889,0.14694248139858246,,0.1421419084072113,False,,True
abl_no_ag,Without attention-gated path,figshare/0207.png,fs_99308,1,True,0.031426323784722224,0.13718684017658234,,0.15813787281513214,False,,True
abl_no_ag,Without attention-gated path,figshare/0208.png,fs_99308,1,True,0.023444281684027776,0.11746153235435486,,0.20485615730285645,False,,True
abl_no_ag,Without attention-gated path,figshare/0211.png,fs_100360,1,True,0.017788357204861112,0.1120908334851265,,0.08406826108694077,True,,True
abl_no_ag,Without attention-gated path,figshare/0212.png,fs_100360,1,True,0.029127332899305556,0.1790781468153,,0.120192751288414,True,,True
abl_no_ag,Without attention-gated path,figshare/0213.png,fs_100360,1,True,0.03314208984375,0.20443938672542572,,0.0993567630648613,True,,True
abl_no_ag,Without attention-gated path,figshare/0214.png,fs_100360,1,True,0.03602430555555555,0.22388578951358795,,0.07431282848119736,True,,True
abl_no_ag,Without attention-gated path,figshare/0215.png,fs_100360,1,True,0.031636555989583336,0.18827523291110992,,0.07295532524585724,True,,True
abl_no_ag,Without attention-gated path,figshare/0216.png,fs_100360,1,True,0.017157660590277776,0.08530015498399734,,0.7045007944107056,True,,True
abl_no_ag,Without attention-gated path,figshare/0217.png,fs_100360,1,True,0.011942545572916666,0.05813802406191826,,4.853947029914707e-05,True,,False
abl_no_ag,Without attention-gated path,figshare/0239.png,fs_102446,1,True,0.0033162434895833335,0.020979180932044983,,0.0214990247040987,False,,True
abl_no_ag,Without attention-gated path,figshare/0275.png,fs_104281,1,True,0.011386447482638888,0.09579018503427505,,0.08635294437408447,True,,True
abl_no_ag,Without attention-gated path,figshare/0276.png,fs_104281,1,True,0.021430121527777776,0.1307268738746643,,0.0793738067150116,True,,True
abl_no_ag,Without attention-gated path,figshare/0277.png,fs_104281,1,True,0.023851182725694444,0.15991370379924774,,0.08365927636623383,True,,True
abl_no_ag,Without attention-gated path,figshare/0278.png,fs_104281,1,True,0.022481282552083332,0.1502002626657486,,0.0861770436167717,True,,True
abl_no_ag,Without attention-gated path,figshare/0279.png,fs_104281,1,True,0.016438802083333332,0.12116507440805435,,0.08342249691486359,True,,True
abl_no_ag,Without attention-gated path,figshare/0280.png,fs_104281,1,True,0.011705186631944444,0.0735485702753067,,0.06483542174100876,True,,True
abl_no_ag,Without attention-gated path,figshare/0281.png,fs_105374,1,True,0.005703396267361111,0.033582791686058044,,0.02738647349178791,True,,True
abl_no_ag,Without attention-gated path,figshare/0282.png,fs_105374,1,True,0.00531005859375,0.05066000670194626,,0.035424523055553436,True,,True
abl_no_ag,Without attention-gated path,figshare/0316.png,fs_107248,1,True,0.014017740885416666,0.10125180333852768,,0.06154439225792885,True,,True
abl_no_ag,Without attention-gated path,figshare/0317.png,fs_107248,1,True,0.014716254340277778,0.11934457719326019,,0.06361105293035507,True,,True
abl_no_ag,Without attention-gated path,figshare/0318.png,fs_107248,1,True,0.009738498263888888,0.10890921950340271,,0.06503789126873016,True,,True
abl_no_ag,Without attention-gated path,figshare/0319.png,fs_107248,1,True,0.009121365017361112,0.096857950091362,,0.06610197573900223,True,,True
abl_no_ag,Without attention-gated path,figshare/0340.png,fs_109411,1,True,0.0011121961805555555,0.004082901403307915,,0.0051183863542973995,False,,True
abl_no_ag,Without attention-gated path,figshare/0341.png,fs_109968,1,True,0.015801323784722224,0.10846473276615143,,0.0954127311706543,True,,True
abl_no_ag,Without attention-gated path,figshare/0342.png,fs_109968,1,True,0.019314236111111112,0.15460993349552155,,0.10903485119342804,True,,True
abl_no_ag,Without attention-gated path,figshare/0343.png,fs_109968,1,True,0.021775987413194444,0.14888840913772583,,0.09783533960580826,True,,True
abl_no_ag,Without attention-gated path,figshare/0344.png,fs_109968,1,True,0.019266764322916668,0.14447404444217682,,0.11288011819124222,True,,True
abl_no_ag,Without attention-gated path,figshare/0357.png,fs_111532,1,True,0.006612141927083333,0.05151895433664322,,0.04046673700213432,True,,True
abl_no_ag,Without attention-gated path,figshare/0358.png,fs_111532,1,True,0.011508517795138888,0.09333699196577072,,0.07827648520469666,True,,True
abl_no_ag,Without attention-gated path,figshare/0359.png,fs_111532,1,True,0.015496148003472222,0.11797887831926346,,0.08336010575294495,True,,True
abl_no_ag,Without attention-gated path,figshare/0360.png,fs_111532,1,True,0.016886393229166668,0.12490250915288925,,0.09742064774036407,True,,True
abl_no_ag,Without attention-gated path,figshare/0361.png,fs_111532,1,True,0.014411078559027778,0.10129466652870178,,0.10896513611078262,True,,True
abl_no_ag,Without attention-gated path,figshare/0382.png,fs_113435,1,True,0.014227973090277778,0.09514831751585007,,0.07572774589061737,False,,True
abl_no_ag,Without attention-gated path,figshare/0383.png,fs_113435,1,True,0.02447509765625,0.15701879560947418,,0.08792974054813385,False,,True
abl_no_ag,Without attention-gated path,figshare/0384.png,fs_113435,1,True,0.030239529079861112,0.17662523686885834,,0.06319906562566757,False,,False
abl_no_ag,Without attention-gated path,figshare/0385.png,fs_113435,1,True,0.03578016493055555,0.1878989338874817,,0.06222498044371605,False,,False
abl_no_ag,Without attention-gated path,figshare/0386.png,fs_113435,1,True,0.03671603732638889,0.22315028309822083,,0.06473041325807571,True,,False
abl_no_ag,Without attention-gated path,figshare/0387.png,fs_113435,1,True,0.035407172309027776,0.21537180244922638,,0.07408677041530609,True,,False
abl_no_ag,Without attention-gated path,figshare/0388.png,fs_113435,1,True,0.032294379340277776,0.19868521392345428,,0.07052895426750183,True,,False
abl_no_ag,Without attention-gated path,figshare/0389.png,fs_113435,1,True,0.02716064453125,0.16053983569145203,,0.0910235121846199,True,,True
abl_no_ag,Without attention-gated path,figshare/0390.png,fs_113554,1,True,0.004957411024305556,0.04781670123338699,,0.03285349905490875,True,,True
abl_no_ag,Without attention-gated path,figshare/0391.png,fs_113554,1,True,0.01031494140625,0.10860473662614822,,0.08433341979980469,True,,True
abl_no_ag,Without attention-gated path,figshare/0392.png,fs_113554,1,True,0.005445692274305556,0.050134629011154175,,0.03184957802295685,True,,True
abl_no_ag,Without attention-gated path,figshare/0438.png,fs_99308,1,True,0.027628580729166668,0.1438017338514328,,0.06539549678564072,False,,True
abl_no_ag,Without attention-gated path,figshare/0439.png,fs_99308,1,True,0.03233506944444445,0.15045496821403503,,0.07743500918149948,False,,True
abl_no_ag,Without attention-gated path,figshare/0440.png,fs_99308,1,True,0.0345458984375,0.16602157056331635,,0.0749497339129448,False,,False
abl_no_ag,Without attention-gated path,figshare/0441.png,fs_99308,1,True,0.02667236328125,0.1222676932811737,,0.0852961465716362,False,,True
abl_no_ag,Without attention-gated path,figshare/0442.png,fs_100360,1,True,0.022006564670138888,0.12316462397575378,,0.11027190089225769,False,,True
abl_no_ag,Without attention-gated path,figshare/0443.png,fs_100360,1,True,0.03608534071180555,0.15442155301570892,,0.13752411305904388,False,,True
abl_no_ag,Without attention-gated path,figshare/0444.png,fs_100360,1,True,0.03347439236111111,0.18716147541999817,,0.09861201047897339,False,,True
abl_no_ag,Without attention-gated path,figshare/0445.png,fs_100360,1,True,0.03360324435763889,0.20388023555278778,,0.1341792345046997,True,,True
abl_no_ag,Without attention-gated path,figshare/0446.png,fs_100360,1,True,0.021023220486111112,0.18000343441963196,,0.05863967165350914,True,,True
abl_no_ag,Without attention-gated path,figshare/0447.png,fs_100360,1,True,0.019137912326388888,0.14742188155651093,,0.0893276259303093,True,,True
abl_no_ag,Without attention-gated path,figshare/0450.png,fs_100639,1,True,0.006137424045138889,0.04145307093858719,,0.03362513333559036,True,,True
abl_no_ag,Without attention-gated path,figshare/0451.png,fs_100639,1,True,0.007548014322916667,0.052158743143081665,,0.03294719010591507,True,,True
abl_no_ag,Without attention-gated path,figshare/0452.png,fs_100920,1,True,0.010287814670138888,0.054908689111471176,,0.05076053366065025,False,,True
abl_no_ag,Without attention-gated path,figshare/0453.png,fs_100920,1,True,0.014051649305555556,0.06958615779876709,,0.08945460617542267,False,,True
abl_no_ag,Without attention-gated path,figshare/0454.png,fs_100920,1,True,0.013041178385416666,0.07502996176481247,,0.06428438425064087,True,,True
abl_no_ag,Without attention-gated path,figshare/0476.png,fs_102446,1,True,0.003350151909722222,0.027149980887770653,,0.01928929053246975,False,,True
abl_no_ag,Without attention-gated path,figshare/0477.png,fs_102446,1,True,0.0024617513020833335,0.01627209223806858,,0.00942639634013176,True,,True
abl_no_ag,Without attention-gated path,figshare/0510.png,fs_104281,1,True,0.021931966145833332,0.1278843730688095,,0.1613909751176834,True,,True
abl_no_ag,Without attention-gated path,figshare/0511.png,fs_104281,1,True,0.028469509548611112,0.15929274260997772,,0.11906668543815613,True,,True
abl_no_ag,Without attention-gated path,figshare/0512.png,fs_104281,1,True,0.029656304253472224,0.1841212511062622,,0.09285032004117966,True,,True
abl_no_ag,Without attention-gated path,figshare/0513.png,fs_104281,1,True,0.022772894965277776,0.15796414017677307,,0.11083134263753891,True,,True
abl_no_ag,Without attention-gated path,figshare/0517.png,fs_105374,1,True,0.00457763671875,0.026281584054231644,,0.02389983832836151,False,,True
abl_no_ag,Without attention-gated path,figshare/0551.png,fs_107248,1,True,0.011338975694444444,0.08290784806013107,,0.06937803328037262,False,,True
abl_no_ag,Without attention-gated path,figshare/0552.png,fs_107248,1,True,0.014655219184027778,0.10981947928667068,,0.057773396372795105,True,,True
abl_no_ag,Without attention-gated path,figshare/0553.png,fs_107248,1,True,0.015292697482638888,0.10308260470628738,,0.05998414009809494,False,,True
abl_no_ag,Without attention-gated path,figshare/0554.png,fs_107248,1,True,0.008551703559027778,0.08470437675714493,,0.048728395253419876,True,,True
abl_no_ag,Without attention-gated path,figshare/0555.png,fs_107248,1,True,0.007914225260416666,0.08637573570013046,,0.05812326446175575,True,,True
abl_no_ag,Without attention-gated path,figshare/0560.png,fs_107946,1,True,0.027635362413194444,0.12490537017583847,,0.05910021439194679,True,,True
abl_no_ag,Without attention-gated path,figshare/0561.png,fs_107946,1,True,0.03995090060763889,0.19641536474227905,,0.07945185154676437,False,,True
abl_no_ag,Without attention-gated path,figshare/0562.png,fs_107946,1,True,0.030266655815972224,0.15673258900642395,,0.053381454199552536,False,,False
abl_no_ag,Without attention-gated path,figshare/0563.png,fs_107946,1,True,0.021253797743055556,0.125692218542099,,0.05796847492456436,False,,True
abl_no_ag,Without attention-gated path,figshare/0579.png,fs_109411,1,True,0.001858181423611111,0.008445283398032188,,0.009327477775514126,False,,True
abl_no_ag,Without attention-gated path,figshare/0580.png,fs_109968,1,True,0.0128173828125,0.07668260484933853,,0.07687737047672272,True,,True
abl_no_ag,Without attention-gated path,figshare/0581.png,fs_109968,1,True,0.019239637586805556,0.11734040826559067,,0.0888226255774498,True,,True
abl_no_ag,Without attention-gated path,figshare/0582.png,fs_109968,1,True,0.021511501736111112,0.12896455824375153,,0.09374096244573593,True,,True
abl_no_ag,Without attention-gated path,figshare/0583.png,fs_109968,1,True,0.017781575520833332,0.14260587096214294,,0.1112782284617424,True,,True
abl_no_ag,Without attention-gated path,figshare/0593.png,fs_111532,1,True,0.015733506944444444,0.1291876584291458,,0.11599127948284149,True,,True
abl_no_ag,Without attention-gated path,figshare/0594.png,fs_111532,1,True,0.019768608940972224,0.14375802874565125,,0.11218688637018204,True,,True
abl_no_ag,Without attention-gated path,figshare/0595.png,fs_111532,1,True,0.018961588541666668,0.14784683287143707,,0.1126432940363884,True,,True
abl_no_ag,Without attention-gated path,figshare/0597.png,fs_111710,1,True,0.0032958984375,0.014526769518852234,,0.01389959454536438,False,,True
abl_no_ag,Without attention-gated path,figshare/0598.png,fs_111710,1,True,0.002495659722222222,0.015445093624293804,,0.011664483696222305,False,,True
abl_no_ag,Without attention-gated path,figshare/0625.png,fs_113435,1,True,0.030856662326388888,0.1476963460445404,,0.053246453404426575,False,,True
abl_no_ag,Without attention-gated path,figshare/0626.png,fs_113435,1,True,0.04853651258680555,0.21469978988170624,,0.023383110761642456,False,,False
abl_no_ag,Without attention-gated path,figshare/0627.png,fs_113435,1,True,0.057305230034722224,0.2311134785413742,,0.005563588347285986,False,,False
abl_no_ag,Without attention-gated path,figshare/0628.png,fs_113435,1,True,0.05818006727430555,0.2446889877319336,,0.010646767914295197,False,,False
abl_no_ag,Without attention-gated path,figshare/0629.png,fs_113435,1,True,0.049309624565972224,0.23559464514255524,,0.03147446736693382,True,,False
abl_no_ag,Without attention-gated path,figshare/0630.png,fs_113435,1,True,0.022596571180555556,0.1258266419172287,,0.055348951369524,True,,True
abl_no_ag,Without attention-gated path,figshare/0631.png,fs_113554,1,True,0.006985134548611111,0.08219507336616516,,0.033024754375219345,True,,True
abl_no_ag,Without attention-gated path,figshare/0632.png,fs_113554,1,True,0.010111490885416666,0.12740972638130188,,0.06619469821453094,True,,True
abl_no_ag,Without attention-gated path,figshare/0633.png,fs_113554,1,True,0.008707682291666666,0.12043912708759308,,0.06899874657392502,True,,True
abl_no_ag,Without attention-gated path,figshare/0634.png,fs_113554,1,True,0.00543212890625,0.06915942579507828,,0.03217589110136032,True,,True
abl_no_ag,Without attention-gated path,figshare/0659.png,fs_97374,1,True,0.027398003472222224,0.1607813537120819,,0.10400979965925217,False,,True
abl_no_ag,Without attention-gated path,figshare/0660.png,fs_97374,1,True,0.037434895833333336,0.19748294353485107,,0.04270097613334656,True,,False
abl_no_ag,Without attention-gated path,figshare/0661.png,fs_97374,1,True,0.03757052951388889,0.19060030579566956,,0.05191953480243683,True,,False
abl_no_ag,Without attention-gated path,figshare/0662.png,fs_97374,1,True,0.029574924045138888,0.1684429943561554,,0.06253357976675034,False,,True
abl_no_ag,Without attention-gated path,figshare/0663.png,fs_97374,1,True,0.022542317708333332,0.14637373387813568,,0.10059698671102524,True,,True
abl_no_ag,Without attention-gated path,figshare/0697.png,fs_99308,1,True,0.026265462239583332,0.11880788952112198,,0.060378435999155045,False,,True
abl_no_ag,Without attention-gated path,figshare/0698.png,fs_99308,1,True,0.03407118055555555,0.13576580584049225,,0.060497723519802094,False,,False
abl_no_ag,Without attention-gated path,figshare/0699.png,fs_99308,1,True,0.03282335069444445,0.13365435600280762,,0.0620296411216259,False,,False
abl_no_ag,Without attention-gated path,figshare/0700.png,fs_99308,1,True,0.022515190972222224,0.1079159826040268,,0.10121668875217438,False,,True
abl_no_ag,Without attention-gated path,figshare/0701.png,fs_99308,1,True,0.018588595920138888,0.07005112618207932,,0.09967931360006332,False,,True
abl_no_ag,Without attention-gated path,figshare/0702.png,fs_99308,1,True,0.012525770399305556,0.04699017480015755,,0.05456213280558586,False,,True
abl_no_ag,Without attention-gated path,figshare/0712.png,fs_106062,2,True,0.010267469618055556,0.04102775454521179,,0.26115334033966064,False,,True
abl_no_ag,Without attention-gated path,figshare/0713.png,fs_106062,2,True,0.011298285590277778,0.06052222475409508,,0.3270246982574463,True,,True
abl_no_ag,Without attention-gated path,figshare/0714.png,fs_106062,2,True,0.010362413194444444,0.05572579801082611,,0.3144703209400177,False,,True
abl_no_ag,Without attention-gated path,figshare/0792.png,fs_88670,0,True,0.02685546875,0.053859032690525055,,0.40399953722953796,False,,True
abl_no_ag,Without attention-gated path,figshare/0793.png,fs_88670,0,True,0.0675930447048611,0.22040721774101257,,0.3034352958202362,True,,True
abl_no_ag,Without attention-gated path,figshare/0794.png,fs_88670,0,True,0.050421820746527776,0.15671999752521515,,0.33004820346832275,False,,True
abl_no_ag,Without attention-gated path,figshare/0795.png,fs_88670,0,True,0.05795627170138889,0.18218182027339935,,0.49603283405303955,False,,True
abl_no_ag,Without attention-gated path,figshare/0796.png,fs_88670,0,True,0.05876329210069445,0.18586811423301697,,0.2824617922306061,False,,True
abl_no_ag,Without attention-gated path,figshare/0797.png,fs_88670,0,True,0.04355197482638889,0.11808902025222778,,0.20280751585960388,False,,True
abl_no_ag,Without attention-gated path,figshare/0798.png,fs_88670,0,True,0.017123752170138888,0.03556419909000397,,0.20110760629177094,False,,True
abl_no_ag,Without attention-gated path,figshare/0857.png,fs_108479,0,True,0.019538031684027776,0.021295346319675446,,2.9204327347542858e-06,False,,False
abl_no_ag,Without attention-gated path,figshare/0858.png,fs_108479,0,True,0.024332682291666668,0.03193395584821701,,0.07827339321374893,False,,False
abl_no_ag,Without attention-gated path,figshare/0865.png,fs_88670,0,True,0.025275336371527776,0.0670783519744873,,0.40469855070114136,False,,False
abl_no_ag,Without attention-gated path,figshare/0866.png,fs_88670,0,True,0.05007595486111111,0.11945004761219025,,0.3543762266635895,False,,True
abl_no_ag,Without attention-gated path,figshare/0867.png,fs_88670,0,True,0.05314805772569445,0.11329720914363861,,0.39447763562202454,False,,True
abl_no_ag,Without attention-gated path,figshare/0868.png,fs_88670,0,True,0.06824408637152778,0.1366739720106125,,0.2565862238407135,False,,True
abl_no_ag,Without attention-gated path,figshare/0869.png,fs_88670,0,True,0.0754055447048611,0.13422620296478271,,0.24750547111034393,False,,True
abl_no_ag,Without attention-gated path,figshare/0912.png,fs_98889,0,True,0.004686143663194444,0.012418202124536037,,0.0,False,,False
abl_no_ag,Without attention-gated path,figshare/0913.png,fs_98889,0,True,0.01812744140625,0.05300743877887726,,0.026161981746554375,False,,False
abl_no_ag,Without attention-gated path,figshare/0914.png,fs_98889,0,True,0.01739501953125,0.05137410759925842,,0.14647234976291656,False,,True
abl_no_ag,Without attention-gated path,figshare/0915.png,fs_98889,0,True,0.032185872395833336,0.08937329053878784,,0.8731752038002014,False,,True
abl_no_ag,Without attention-gated path,figshare/0916.png,fs_98889,0,True,0.03286404079861111,0.09468522667884827,,0.29064157605171204,False,,True
abl_no_ag,Without attention-gated path,figshare/0917.png,fs_98889,0,True,0.037272135416666664,0.13471998274326324,,0.18537184596061707,False,,True
abl_no_ag,Without attention-gated path,figshare/0922.png,fs_106062,2,True,0.013054741753472222,0.0772489532828331,,0.3476390838623047,False,,True
abl_no_ag,Without attention-gated path,figshare/0923.png,fs_106062,2,True,0.014207628038194444,0.08669804781675339,,0.36335358023643494,False,,True
abl_no_ag,Without attention-gated path,figshare/0924.png,fs_106062,2,True,0.013739691840277778,0.10041595250368118,,0.30729547142982483,False,,True
abl_no_ag,Without attention-gated path,figshare/0925.png,fs_106062,2,True,0.009847005208333334,0.1113232970237732,,0.2743675112724304,True,,True
abl_no_ag,Without attention-gated path,figshare/0958.png,fs_109471,2,True,0.006890190972222222,0.01488111075013876,,0.09791125357151031,False,,True
abl_no_ag,Without attention-gated path,figshare/0959.png,fs_109471,2,True,0.006449381510416667,0.0268672164529562,,0.09818319976329803,False,,True
abl_no_ag,Without attention-gated path,figshare/0960.png,fs_109471,2,True,0.007907443576388888,0.028936441987752914,,0.15490472316741943,False,,True
abl_no_ag,Without attention-gated path,figshare/0961.png,fs_109471,2,True,0.007982042100694444,0.022954868152737617,,0.14365226030349731,False,,True
abl_no_ag,Without attention-gated path,figshare/0962.png,fs_109769,2,True,0.005594889322916667,0.013297297060489655,,0.07265137135982513,False,,True
abl_no_ag,Without attention-gated path,figshare/0963.png,fs_109769,2,True,0.005866156684027778,0.014357954263687134,,0.10764153301715851,False,,True
abl_no_ag,Without attention-gated path,figshare/0964.png,fs_109769,2,True,0.00677490234375,0.018741635605692863,,0.11223635822534561,False,,True
abl_no_ag,Without attention-gated path,figshare/0965.png,fs_109769,2,True,0.002414279513888889,0.003619561670348048,,0.0452951043844223,False,,True
abl_no_ag,Without attention-gated path,figshare/0966.png,fs_109898,2,True,0.007093641493055556,0.028787575662136078,,0.07564163953065872,False,,True
abl_no_ag,Without attention-gated path,figshare/0967.png,fs_109898,2,True,0.007514105902777778,0.03599769249558449,,0.08382046222686768,False,,True
abl_no_ag,Without attention-gated path,figshare/0968.png,fs_109898,2,True,0.012200249565972222,0.07443801313638687,,0.1736215054988861,False,,True
abl_no_ag,Without attention-gated path,figshare/0969.png,fs_109898,2,True,0.0098876953125,0.06836869567632675,,0.1688355952501297,False,,True
abl_no_ag,Without attention-gated path,figshare/0970.png,fs_109898,2,True,0.005289713541666667,0.029282722622156143,,0.0944073274731636,False,,True
abl_no_ag,Without attention-gated path,figshare/0971.png,fs_109898,2,True,0.0032212999131944445,0.009644395671784878,,0.052669115364551544,False,,True
abl_no_ag,Without attention-gated path,figshare/0976.png,fs_110993,2,True,0.008124457465277778,0.05444709584116936,,0.07371878623962402,True,,True
abl_no_ag,Without attention-gated path,figshare/0977.png,fs_110993,2,True,0.005533854166666667,0.032449863851070404,,0.07374493032693863,True,,True
abl_no_ag,Without attention-gated path,figshare/0978.png,fs_110993,2,True,0.005018446180555556,0.033459629863500595,,0.08039822429418564,False,,True
abl_no_ag,Without attention-gated path,figshare/0979.png,fs_110993,2,True,0.008673773871527778,0.041495904326438904,,0.10126945376396179,True,,True
abl_no_ag,Without attention-gated path,figshare/0994.png,fs_112074,2,True,0.009894476996527778,0.09958341717720032,,0.04390278086066246,False,,False
abl_no_ag,Without attention-gated path,figshare/0995.png,fs_112074,2,False,0.013014051649305556,0.14498691260814667,,0.00042845288407988846,True,,False
abl_no_ag,Without attention-gated path,figshare/0996.png,fs_112074,2,False,0.010002983940972222,0.09459685534238815,,0.0002075095835607499,True,,False
abl_no_ag,Without attention-gated path,figshare/0997.png,fs_112074,2,False,0.006137424045138889,0.05535786598920822,,0.0063289799727499485,False,,False
abl_no_ag,Without attention-gated path,figshare/1035.png,fs_106062,2,True,0.013814290364583334,0.12094001471996307,,0.41183969378471375,True,,True
abl_no_ag,Without attention-gated path,figshare/1036.png,fs_106062,2,True,0.020128038194444444,0.13029097020626068,,0.4349709451198578,True,,True
abl_no_ag,Without attention-gated path,figshare/1037.png,fs_106062,2,True,0.021884494357638888,0.14508140087127686,,0.45391321182250977,True,,True
abl_no_ag,Without attention-gated path,figshare/1038.png,fs_106062,2,True,0.020589192708333332,0.160599023103714,,0.4641994535923004,True,,True
abl_no_ag,Without attention-gated path,figshare/1039.png,fs_106062,2,True,0.017720540364583332,0.14421872794628143,,0.42390206456184387,True,,True
abl_no_ag,Without attention-gated path,figshare/1040.png,fs_106062,2,True,0.015923394097222224,0.12089427560567856,,0.38632744550704956,True,,True
abl_no_ag,Without attention-gated path,figshare/1041.png,fs_106062,2,True,0.006605360243055556,0.060534048825502396,,0.05727265775203705,True,,False
abl_no_ag,Without attention-gated path,figshare/1077.png,fs_109471,2,True,0.005147298177083333,0.013985803350806236,,0.10893479734659195,False,,True
abl_no_ag,Without attention-gated path,figshare/1078.png,fs_109471,2,True,0.015157063802083334,0.02772197127342224,,0.174801766872406,False,,True
abl_no_ag,Without attention-gated path,figshare/1079.png,fs_109471,2,True,0.016079372829861112,0.03444841131567955,,0.3353116512298584,False,,True
abl_no_ag,Without attention-gated path,figshare/1080.png,fs_109471,2,True,0.0181884765625,0.03931561857461929,,0.37487006187438965,False,,True
abl_no_ag,Without attention-gated path,figshare/1081.png,fs_109471,2,True,0.01849365234375,0.041585374623537064,,0.363078236579895,False,,True
abl_no_ag,Without attention-gated path,figshare/1082.png,fs_109471,2,True,0.0038655598958333335,0.012753159739077091,,0.06237809732556343,False,,False
abl_no_ag,Without attention-gated path,figshare/1083.png,fs_109769,2,True,0.007636176215277778,0.013719497248530388,,0.19490116834640503,False,,True
abl_no_ag,Without attention-gated path,figshare/1084.png,fs_109769,2,True,0.005133734809027778,0.011038878932595253,,0.1357755810022354,False,,True
abl_no_ag,Without attention-gated path,figshare/1085.png,fs_109769,2,True,0.00714111328125,0.02257706969976425,,0.1365841031074524,False,,True
abl_no_ag,Without attention-gated path,figshare/1086.png,fs_109769,2,True,0.0037434895833333335,0.013522659428417683,,0.05925866961479187,False,,True
abl_no_ag,Without attention-gated path,figshare/1087.png,fs_109769,2,True,0.0174560546875,0.07719141244888306,,0.1773945689201355,False,,True
abl_no_ag,Without attention-gated path,figshare/1088.png,fs_109898,2,True,0.014682345920138888,0.025130929425358772,,0.09928058087825775,False,,True
abl_no_ag,Without attention-gated path,figshare/1089.png,fs_109898,2,True,0.015814887152777776,0.05175880715250969,,0.22203429043293,True,,True
abl_no_ag,Without attention-gated path,figshare/1090.png,fs_109898,2,True,0.016642252604166668,0.09203770756721497,,0.3870503902435303,True,,True
abl_no_ag,Without attention-gated path,figshare/1091.png,fs_109898,2,True,0.016628689236111112,0.09676139801740646,,0.5341161489486694,True,,True
abl_no_ag,Without attention-gated path,figshare/1092.png,fs_109898,2,True,0.010782877604166666,0.07341701537370682,,0.3174627721309662,True,,True
abl_no_ag,Without attention-gated path,figshare/1093.png,fs_109898,2,True,0.007819281684027778,0.031410228461027145,,0.33751681447029114,False,,True
abl_no_ag,Without attention-gated path,figshare/1107.png,fs_110993,2,True,0.006429036458333333,0.02638525515794754,,0.12272034585475922,False,,True
abl_no_ag,Without attention-gated path,figshare/1108.png,fs_110993,2,True,0.005947536892361111,0.017240172252058983,,0.0896306037902832,False,,True
abl_no_ag,Without attention-gated path,figshare/1109.png,fs_110993,2,True,0.006585015190972222,0.017103567719459534,,0.12322989851236343,False,,True
abl_no_ag,Without attention-gated path,figshare/1110.png,fs_110993,2,True,0.007676866319444444,0.04351808503270149,,0.1860787272453308,True,,True
abl_no_ag,Without attention-gated path,figshare/1111.png,fs_110993,2,True,0.008375379774305556,0.032209161669015884,,0.24739885330200195,True,,True
abl_no_ag,Without attention-gated path,figshare/1129.png,fs_112074,2,False,0.008768717447916666,0.0664309412240982,,0.02295552007853985,True,,True
abl_no_ag,Without attention-gated path,figshare/1130.png,fs_112074,2,True,0.013543023003472222,0.10316772013902664,,0.5210846066474915,True,,True
abl_no_ag,Without attention-gated path,figshare/1131.png,fs_112074,2,True,0.015252007378472222,0.11895601451396942,,0.6567542552947998,True,,True
abl_no_ag,Without attention-gated path,figshare/1132.png,fs_112074,2,True,0.011115180121527778,0.08672292530536652,,0.6188371181488037,True,,True
abl_no_ag,Without attention-gated path,figshare/1133.png,fs_112074,2,True,0.009555392795138888,0.06310217082500458,,0.3407891094684601,False,,True
abl_no_ag,Without attention-gated path,figshare/1169.png,fs_106062,2,True,0.013929578993055556,0.052335355430841446,,0.43732085824012756,False,,True
abl_no_ag,Without attention-gated path,figshare/1170.png,fs_106062,2,True,0.016513400607638888,0.08284174650907516,,0.481035441160202,False,,True
abl_no_ag,Without attention-gated path,figshare/1171.png,fs_106062,2,True,0.019741482204861112,0.08230631053447723,,0.5434653759002686,False,,True
abl_no_ag,Without attention-gated path,figshare/1172.png,fs_106062,2,True,0.019585503472222224,0.06680884957313538,,0.5410534739494324,False,,True
abl_no_ag,Without attention-gated path,figshare/1173.png,fs_106062,2,True,0.01873779296875,0.07641485333442688,,0.49473363161087036,False,,True
abl_no_ag,Without attention-gated path,figshare/1174.png,fs_106062,2,True,0.01654052734375,0.0814228504896164,,0.4488694667816162,False,,True
abl_no_ag,Without attention-gated path,figshare/1175.png,fs_106062,2,True,0.008755154079861112,0.06110750511288643,,0.2666013836860657,False,,True
abl_no_ag,Without attention-gated path,figshare/1208.png,fs_109471,2,True,0.005093044704861111,0.008949246257543564,,0.1159878820180893,False,,True
abl_no_ag,Without attention-gated path,figshare/1209.png,fs_109471,2,True,0.013637966579861112,0.024825235828757286,,0.27961063385009766,False,,True
abl_no_ag,Without attention-gated path,figshare/1210.png,fs_109471,2,True,0.014112684461805556,0.016625545918941498,,0.3568323254585266,False,,True
abl_no_ag,Without attention-gated path,figshare/1211.png,fs_109471,2,True,0.014309353298611112,0.016734987497329712,,0.3476346433162689,False,,True
abl_no_ag,Without attention-gated path,figshare/1212.png,fs_109471,2,True,0.013203938802083334,0.031037069857120514,,0.32915160059928894,False,,True
abl_no_ag,Without attention-gated path,figshare/1213.png,fs_109471,2,True,0.011603461371527778,0.039160002022981644,,0.2840317189693451,False,,True
abl_no_ag,Without attention-gated path,figshare/1214.png,fs_109769,2,True,0.004530164930555556,0.0037749058101326227,,0.13493748009204865,False,,True
abl_no_ag,Without attention-gated path,figshare/1215.png,fs_109769,2,True,0.0035875108506944445,0.003020789008587599,,0.08357352018356323,False,,True
abl_no_ag,Without attention-gated path,figshare/1216.png,fs_109769,2,True,0.005527072482638889,0.006077892147004604,,0.1255037635564804,False,,True
abl_no_ag,Without attention-gated path,figshare/1217.png,fs_109769,2,True,0.004726833767361111,0.006455930415540934,,0.07196477055549622,False,,True
abl_no_ag,Without attention-gated path,figshare/1218.png,fs_109769,2,True,0.002834743923611111,0.006420290097594261,,0.06764832139015198,False,,True
abl_no_ag,Without attention-gated path,figshare/1219.png,fs_109898,2,True,0.006964789496527778,0.034831542521715164,,0.09976691007614136,True,,True
abl_no_ag,Without attention-gated path,figshare/1220.png,fs_109898,2,True,0.007737901475694444,0.027781419456005096,,0.1701139509677887,False,,True
abl_no_ag,Without attention-gated path,figshare/1221.png,fs_109898,2,True,0.0107421875,0.03041207417845726,,0.1966879963874817,False,,True
abl_no_ag,Without attention-gated path,figshare/1230.png,fs_110993,2,True,0.011264377170138888,0.059755854308605194,,0.06395237892866135,True,,True
abl_no_ag,Without attention-gated path,figshare/1231.png,fs_110993,2,True,0.0034383138020833335,0.013847149908542633,,0.07296402752399445,False,,True
abl_no_ag,Without attention-gated path,figshare/1232.png,fs_110993,2,True,0.002936469184027778,0.011730261147022247,,0.056612156331539154,False,,True
abl_no_ag,Without attention-gated path,figshare/1246.png,fs_112074,2,False,0.006184895833333333,0.0382392592728138,,0.0,False,,False
abl_no_ag,Without attention-gated path,figshare/1247.png,fs_112074,2,False,0.010423448350694444,0.06752843409776688,,0.5063750743865967,False,,True
abl_no_ag,Without attention-gated path,figshare/1248.png,fs_112074,2,False,0.011956108940972222,0.08078249543905258,,0.030833525583148003,True,,True
abl_no_ag,Without attention-gated path,figshare/1249.png,fs_112074,2,False,0.010898166232638888,0.08475326746702194,,8.347340917680413e-05,False,,False
abl_no_ag,Without attention-gated path,figshare/1250.png,fs_112074,2,False,0.0079345703125,0.05610140413045883,,0.012394370511174202,True,,True
abl_no_ag,Without attention-gated path,figshare/1301.png,fs_103046,2,True,0.0036756727430555555,0.007462778594344854,,0.07681439816951752,False,,True
abl_no_ag,Without attention-gated path,figshare/1302.png,fs_103046,2,True,0.0036824544270833335,0.012679181061685085,,0.07135089486837387,False,,True
abl_no_ag,Without attention-gated path,figshare/1303.png,fs_103046,2,True,0.004340277777777778,0.020362721756100655,,0.07623942941427231,False,,True
abl_no_ag,Without attention-gated path,figshare/1330.png,fs_103731,2,True,0.004191080729166667,0.02652786672115326,,0.09119247645139694,False,,True
abl_no_ag,Without attention-gated path,figshare/1331.png,fs_103731,2,True,0.003729926215277778,0.01244474295526743,,0.05635380372405052,False,,True
abl_no_ag,Without attention-gated path,figshare/1332.png,fs_103731,2,True,0.004482693142361111,0.010503235273063183,,0.049157943576574326,False,,True
abl_no_ag,Without attention-gated path,figshare/1333.png,fs_103731,2,True,0.006252712673611111,0.0171524491161108,,0.07392795383930206,False,,True
abl_no_ag,Without attention-gated path,figshare/1334.png,fs_103731,2,True,0.006585015190972222,0.01706543006002903,,0.0808529183268547,False,,True
abl_no_ag,Without attention-gated path,figshare/1335.png,fs_103731,2,True,0.008409288194444444,0.02594291791319847,,0.15585273504257202,False,,True
abl_no_ag,Without attention-gated path,figshare/1336.png,fs_103731,2,True,0.008463541666666666,0.023397328332066536,,0.15035399794578552,False,,True
abl_no_ag,Without attention-gated path,figshare/1337.png,fs_103731,2,True,0.007086859809027778,0.028062647208571434,,0.13901720941066742,False,,True
abl_no_ag,Without attention-gated path,figshare/1338.png,fs_103731,2,True,0.005940755208333333,0.016519974917173386,,0.052077095955610275,False,,True
abl_no_ag,Without attention-gated path,figshare/1339.png,fs_103731,2,True,0.005174424913194444,0.024085838347673416,,0.03161527216434479,False,,True
abl_no_ag,Without attention-gated path,figshare/1374.png,fs_105187,2,True,0.00390625,0.03224705904722214,,0.07707240432500839,False,,True
abl_no_ag,Without attention-gated path,figshare/1375.png,fs_105187,2,True,0.004665798611111111,0.054041169583797455,,0.10927005857229233,True,,True
abl_no_ag,Without attention-gated path,figshare/1376.png,fs_105187,2,True,0.0030517578125,0.03428332507610321,,0.06802260130643845,False,,True
abl_no_ag,Without attention-gated path,figshare/1377.png,fs_105187,2,True,0.00201416015625,0.012918014079332352,,0.02814420871436596,False,,True
abl_no_ag,Without attention-gated path,figshare/1380.png,fs_105538,2,False,0.010450575086805556,0.051774777472019196,,0.028523022308945656,False,,True
abl_no_ag,Without attention-gated path,figshare/1381.png,fs_105538,2,False,0.0031873914930555555,0.027015671133995056,,0.017198016867041588,False,,True
abl_no_ag,Without attention-gated path,figshare/1382.png,fs_105538,2,False,0.0032484266493055555,0.016775043681263924,,0.016597090288996696,False,,True
abl_no_ag,Without attention-gated path,figshare/1408.png,fs_97599,2,True,0.0015936957465277778,0.004580202978104353,,0.022021112963557243,False,,True
abl_no_ag,Without attention-gated path,figshare/1409.png,fs_97599,2,True,0.00274658203125,0.01580214872956276,,0.0427713580429554,False,,True
abl_no_ag,Without attention-gated path,figshare/1487.png,fs_102669,2,True,0.0017225477430555555,0.0019157947972416878,,0.017779165878891945,False,,False
abl_no_ag,Without attention-gated path,figshare/1488.png,fs_102669,2,True,0.0029703776041666665,0.006831067148596048,,0.040093228220939636,False,,True
abl_no_ag,Without attention-gated path,figshare/1489.png,fs_103046,2,True,0.002997504340277778,0.005783452186733484,,0.0823044404387474,False,,True
abl_no_ag,Without attention-gated path,figshare/1490.png,fs_103046,2,True,0.005866156684027778,0.02051900327205658,,0.12343770265579224,False,,True
abl_no_ag,Without attention-gated path,figshare/1491.png,fs_103046,2,True,0.0030314127604166665,0.010654461570084095,,0.06584388017654419,False,,True
abl_no_ag,Without attention-gated path,figshare/1492.png,fs_103046,2,True,0.0027601453993055555,0.010002625174820423,,0.06136377528309822,False,,True
abl_no_ag,Without attention-gated path,figshare/1521.png,fs_103731,2,True,0.00250244140625,0.007304541300982237,,0.04496785253286362,False,,True
abl_no_ag,Without attention-gated path,figshare/1522.png,fs_103731,2,True,0.008416069878472222,0.01729854755103588,,0.16637203097343445,False,,True
abl_no_ag,Without attention-gated path,figshare/1523.png,fs_103731,2,True,0.009304470486111112,0.01928558386862278,,0.14560119807720184,False,,True
abl_no_ag,Without attention-gated path,figshare/1524.png,fs_103731,2,True,0.013807508680555556,0.03215358778834343,,0.042311981320381165,False,,True
abl_no_ag,Without attention-gated path,figshare/1525.png,fs_103731,2,True,0.013888888888888888,0.03345072641968727,,0.03864575922489166,False,,True
abl_no_ag,Without attention-gated path,figshare/1526.png,fs_103731,2,True,0.012593587239583334,0.05162721872329712,,0.07458513975143433,False,,False
abl_no_ag,Without attention-gated path,figshare/1527.png,fs_103731,2,True,0.003323025173611111,0.013678310438990593,,0.07731471210718155,False,,True
abl_no_ag,Without attention-gated path,figshare/1557.png,fs_105187,2,True,0.0011800130208333333,0.0018872988875955343,,0.025659168139100075,False,,True
abl_no_ag,Without attention-gated path,figshare/1558.png,fs_105187,2,True,0.0020345052083333335,0.004289965610951185,,0.04747248440980911,False,,True
abl_no_ag,Without attention-gated path,figshare/1559.png,fs_105187,2,True,0.005086263020833333,0.04102122038602829,,0.16684496402740479,True,,True
abl_no_ag,Without attention-gated path,figshare/1560.png,fs_105187,2,True,0.006598578559027778,0.040382470935583115,,0.24102409183979034,False,,True
abl_no_ag,Without attention-gated path,figshare/1561.png,fs_105187,2,True,0.006103515625,0.035137712955474854,,0.20723441243171692,True,,True
abl_no_ag,Without attention-gated path,figshare/1562.png,fs_105187,2,True,0.004503038194444444,0.026940060779452324,,0.1620960831642151,False,,True
abl_no_ag,Without attention-gated path,figshare/1566.png,fs_105538,2,False,0.002834743923611111,0.013178114779293537,,0.011906007304787636,False,,True
abl_no_ag,Without attention-gated path,figshare/1567.png,fs_105538,2,False,0.0025227864583333335,0.016012808308005333,,0.009590315632522106,False,,True
abl_no_ag,Without attention-gated path,figshare/1594.png,fs_97599,2,True,0.001864963107638889,0.005124981980770826,,0.05955718830227852,False,,True
abl_no_ag,Without attention-gated path,figshare/1595.png,fs_97599,2,True,0.001254611545138889,0.0028973929584026337,,0.039041291922330856,False,,True
abl_no_ag,Without attention-gated path,figshare/1672.png,fs_102669,2,True,0.001430935329861111,0.0025381864979863167,,0.028497284278273582,False,,True
abl_no_ag,Without attention-gated path,figshare/1673.png,fs_103046,2,True,0.004930284288194444,0.004961863160133362,,0.09188235551118851,False,,True
abl_no_ag,Without attention-gated path,figshare/1674.png,fs_103046,2,True,0.004611545138888889,0.010573112405836582,,0.11602356284856796,False,,True
abl_no_ag,Without attention-gated path,figshare/1675.png,fs_103046,2,True,0.003716362847222222,0.014069556258618832,,0.09809958934783936,True,,True
abl_no_ag,Without attention-gated path,figshare/1676.png,fs_103046,2,True,0.0029771592881944445,0.010949370451271534,,0.05624506622552872,False,,True
abl_no_ag,Without attention-gated path,figshare/1709.png,fs_103731,2,True,0.009507921006944444,0.03382490947842598,,0.18251073360443115,False,,True
abl_no_ag,Without attention-gated path,figshare/1710.png,fs_103731,2,True,0.014716254340277778,0.031178437173366547,,0.15929481387138367,False,,True
abl_no_ag,Without attention-gated path,figshare/1711.png,fs_103731,2,True,0.015143500434027778,0.02287118323147297,,0.19430287182331085,False,,True
abl_no_ag,Without attention-gated path,figshare/1712.png,fs_103731,2,True,0.013427734375,0.024528302252292633,,0.19673220813274384,False,,True
abl_no_ag,Without attention-gated path,figshare/1713.png,fs_103731,2,True,0.006829155815972222,0.016834821552038193,,0.10182628780603409,False,,True
abl_no_ag,Without attention-gated path,figshare/1748.png,fs_105187,2,True,0.0022379557291666665,0.011781617067754269,,0.02863113023340702,False,,True
abl_no_ag,Without attention-gated path,figshare/1749.png,fs_105187,2,True,0.0029296875,0.02176664210855961,,0.06231214851140976,False,,True
abl_no_ag,Without attention-gated path,figshare/1750.png,fs_105187,2,True,0.0037027994791666665,0.0313543938100338,,0.09671401977539062,True,,True
abl_no_ag,Without attention-gated path,figshare/1751.png,fs_105187,2,True,0.003926595052083333,0.0288216732442379,,0.10232805460691452,True,,True
abl_no_ag,Without attention-gated path,figshare/1752.png,fs_105187,2,True,0.004014756944444444,0.027165653184056282,,0.057477448135614395,True,,True
abl_no_ag,Without attention-gated path,figshare/1753.png,fs_105187,2,True,0.0025160047743055555,0.015837417915463448,,0.04638170823454857,False,,True
abl_no_ag,Without attention-gated path,figshare/1759.png,fs_105538,2,False,0.00347900390625,0.009075409732758999,,0.007180828135460615,False,,True
abl_no_ag,Without attention-gated path,figshare/1760.png,fs_105538,2,False,0.0036824544270833335,0.01946655474603176,,0.008654790930449963,False,,True
abl_no_ag,Without attention-gated path,figshare/1786.png,fs_97599,2,True,0.0017293294270833333,0.001895738416351378,,0.0298176147043705,False,,True
abl_no_ag,Without attention-gated path,figshare/1787.png,fs_97599,2,True,0.0019327799479166667,0.0022969243582338095,,0.02808362804353237,False,,True
abl_no_ag,Without attention-gated path,figshare/1788.png,fs_97599,2,True,0.0018378363715277778,0.0017988188192248344,,0.03730589151382446,False,,True
abl_no_ag,Without attention-gated path,figshare/1914.png,fs_MR049453,0,True,0.012247721354166666,0.040884166955947876,,0.0,False,,False
abl_no_ag,Without attention-gated path,figshare/1915.png,fs_MR049453,0,True,0.017964680989583332,0.06954998522996902,,0.14917656779289246,False,,True
abl_no_ag,Without attention-gated path,figshare/1916.png,fs_MR049453,0,True,0.04623752170138889,0.199319988489151,,0.21453705430030823,True,,True
abl_no_ag,Without attention-gated path,figshare/1917.png,fs_MR049453,0,True,0.026136610243055556,0.137472465634346,,0.14171496033668518,False,,True
abl_no_ag,Without attention-gated path,figshare/1918.png,fs_MR049453,0,True,0.048821343315972224,0.2431245893239975,,0.262542724609375,True,,True
abl_no_ag,Without attention-gated path,figshare/1919.png,fs_MR049453,0,True,0.044135199652777776,0.21200542151927948,,0.2583591639995575,True,,True
abl_no_ag,Without attention-gated path,figshare/1920.png,fs_MR049453,0,True,0.033745659722222224,0.1557910442352295,,0.22261154651641846,True,,True
abl_no_ag,Without attention-gated path,figshare/1937.png,fs_MR049453B,0,True,0.060553656684027776,0.11887933313846588,,0.19596529006958008,False,,True
abl_no_ag,Without attention-gated path,figshare/1938.png,fs_MR049453B,0,True,0.0715603298611111,0.1761121302843094,,0.20806078612804413,True,,True
abl_no_ag,Without attention-gated path,figshare/1939.png,fs_MR049453B,0,True,0.037848578559027776,0.07501392811536789,,0.2146640419960022,False,,True
abl_no_ag,Without attention-gated path,figshare/1940.png,fs_MR049453B,0,True,0.04197862413194445,0.10149453580379486,,0.18296322226524353,False,,True
abl_no_ag,Without attention-gated path,figshare/1941.png,fs_MR049453B,0,True,0.035786946614583336,0.0849880799651146,,0.1748097538948059,False,,False
abl_no_ag,Without attention-gated path,figshare/1942.png,fs_MR049453B,0,True,0.0318603515625,0.06976553797721863,,0.18360979855060577,False,,True
abl_no_ag,Without attention-gated path,figshare/1943.png,fs_MR049453B,0,True,0.036051432291666664,0.07360117882490158,,0.21221844851970673,False,,True
abl_no_ag,Without attention-gated path,figshare/1944.png,fs_MR049453B,0,True,0.022291395399305556,0.028277644887566566,,0.2506157159805298,False,,True
abl_no_ag,Without attention-gated path,figshare/1950.png,fs_MR050135B,0,True,0.00421142578125,0.039700835943222046,,0.4321402609348297,False,,True
abl_no_ag,Without attention-gated path,figshare/1951.png,fs_MR050135B,0,True,0.010423448350694444,0.08055690675973892,,0.19881907105445862,False,,True
abl_no_ag,Without attention-gated path,figshare/1952.png,fs_MR050135B,0,True,0.019117567274305556,0.11929752677679062,,0.16181589663028717,True,,True
abl_no_ag,Without attention-gated path,figshare/1953.png,fs_MR050135B,0,True,0.015862358940972224,0.13112817704677582,,0.9202865958213806,True,,True
abl_no_ag,Without attention-gated path,figshare/1954.png,fs_MR050135B,0,True,0.006876627604166667,0.05102885141968727,,0.10165330767631531,True,,True
abl_no_ag,Without attention-gated path,figshare/1955.png,fs_MR050135B,0,True,0.011766221788194444,0.044642940163612366,,0.2606169879436493,False,,True
abl_no_ag,Without attention-gated path,figshare/1956.png,fs_MR050135B,0,True,0.012986924913194444,0.07831735163927078,,0.17999935150146484,False,,True
abl_no_ag,Without attention-gated path,figshare/1957.png,fs_MR050135B,0,True,0.015462239583333334,0.10364426672458649,,0.17816594243049622,True,,True
abl_no_ag,Without attention-gated path,figshare/1958.png,fs_MR050135B,0,True,0.015916612413194444,0.12763504683971405,,0.21820279955863953,True,,True
abl_no_ag,Without attention-gated path,figshare/1959.png,fs_MR050135B,0,True,0.002997504340277778,0.023571709170937538,,0.06257202476263046,True,,False
abl_no_ag,Without attention-gated path,figshare/1960.png,fs_MR050135B,0,True,0.018669976128472224,0.08654722571372986,,0.1618797481060028,True,,True
abl_no_ag,Without attention-gated path,figshare/1961.png,fs_MR050135B,0,True,0.030836317274305556,0.12839725613594055,,0.1786668598651886,True,,True
abl_no_ag,Without attention-gated path,figshare/1962.png,fs_MR050135B,0,True,0.03141954210069445,0.19298559427261353,,0.16392500698566437,True,,True
abl_no_ag,Without attention-gated path,figshare/1963.png,fs_MR050135B,0,True,0.026835123697916668,0.16881604492664337,,0.20139019191265106,True,,True
abl_no_ag,Without attention-gated path,figshare/1974.png,fs_MR050791B,0,False,0.003512912326388889,0.0028157453052699566,,0.0,False,,False
abl_no_ag,Without attention-gated path,figshare/1975.png,fs_MR050791B,0,True,0.006666395399305556,0.012295227497816086,,0.0119576845318079,False,,False
abl_no_ag,Without attention-gated path,figshare/1976.png,fs_MR050791B,0,False,0.011189778645833334,0.02789948508143425,,0.0,False,,False
abl_no_ag,Without attention-gated path,figshare/1977.png,fs_MR050791B,0,True,0.012885199652777778,0.038859911262989044,,0.35767555236816406,False,,True
abl_no_ag,Without attention-gated path,figshare/1978.png,fs_MR050791B,0,True,0.024169921875,0.09597890824079514,,0.874160885810852,False,,True
abl_no_ag,Without attention-gated path,figshare/1979.png,fs_MR050791B,0,True,0.020331488715277776,0.05572718754410744,,0.2312733232975006,False,,True
abl_no_ag,Without attention-gated path,figshare/1980.png,fs_MR050791B,0,True,0.017266167534722224,0.03689669445157051,,0.0,False,,False
abl_no_ag,Without attention-gated path,figshare/1981.png,fs_MR050791B,0,True,0.012037489149305556,0.02941593900322914,,0.42049065232276917,False,,True
abl_no_ag,Without attention-gated path,figshare/1982.png,fs_MR050791B,0,True,0.024854871961805556,0.06166131794452667,,0.0,False,,False
abl_no_ag,Without attention-gated path,figshare/1983.png,fs_MR050791B,0,True,0.012518988715277778,0.030269498005509377,,0.0,False,,False
abl_no_ag,Without attention-gated path,figshare/2012.png,fs_MR051461B,0,True,0.015184190538194444,0.03724231198430061,,0.45335885882377625,False,,True
abl_no_ag,Without attention-gated path,figshare/2013.png,fs_MR051461B,0,True,0.011617024739583334,0.019488688558340073,,0.25317609310150146,False,,False
abl_no_ag,Without attention-gated path,figshare/2014.png,fs_MR051461B,0,True,0.030029296875,0.06602861732244492,,0.42558741569519043,False,,True
abl_no_ag,Without attention-gated path,figshare/2015.png,fs_MR051461B,0,True,0.021504720052083332,0.03034619614481926,,0.26990756392478943,False,,True
abl_no_ag,Without attention-gated path,figshare/2016.png,fs_MR051461B,0,True,0.0257568359375,0.053349029272794724,,0.2673182785511017,False,,True
abl_no_ag,Without attention-gated path,figshare/2087.png,fs_MR053110B,0,True,0.0277099609375,0.03127623721957207,,0.30894458293914795,False,,True
abl_no_ag,Without attention-gated path,figshare/2088.png,fs_MR053110B,0,True,0.030239529079861112,0.02211698889732361,,0.9604626297950745,False,,True
abl_no_ag,Without attention-gated path,figshare/2089.png,fs_MR053110B,0,True,0.05325656467013889,0.06533696502447128,,0.2358507215976715,False,,True
abl_no_ag,Without attention-gated path,figshare/2090.png,fs_MR053110B,0,True,0.05180528428819445,0.098086416721344,,0.19149009883403778,False,,True
abl_no_ag,Without attention-gated path,figshare/2091.png,fs_MR053110B,0,True,0.03962537977430555,0.09197457134723663,,0.17312532663345337,False,,True
abl_no_ag,Without attention-gated path,figshare/2092.png,fs_MR053110B,0,True,0.01458740234375,0.03544111177325249,,0.1061725914478302,False,,False
abl_no_ag,Without attention-gated path,figshare/2093.png,fs_MR034694,0,True,0.006198459201388889,0.018063237890601158,,0.14924846589565277,False,,True
abl_no_ag,Without attention-gated path,figshare/2094.png,fs_MR034694,0,True,0.017408582899305556,0.0653018057346344,,0.1718524843454361,False,,True
abl_no_ag,Without attention-gated path,figshare/2095.png,fs_MR034694,0,True,0.027872721354166668,0.09703878313302994,,0.19271665811538696,True,,True
abl_no_ag,Without attention-gated path,figshare/2096.png,fs_MR034694,0,True,0.017103407118055556,0.08020723611116409,,0.15337906777858734,True,,True
abl_no_ag,Without attention-gated path,figshare/2112.png,fs_MR034997,0,True,0.008009168836805556,0.04788259044289589,,0.15350988507270813,False,,True
abl_no_ag,Without attention-gated path,figshare/2113.png,fs_MR034997,0,True,0.01776123046875,0.11045006662607193,,0.07542569190263748,True,,True
abl_no_ag,Without attention-gated path,figshare/2114.png,fs_MR034997,0,True,0.019965277777777776,0.1207064837217331,,0.16416296362876892,True,,True
abl_no_ag,Without attention-gated path,figshare/2115.png,fs_MR034997,0,True,0.021172417534722224,0.11426176875829697,,0.1565346121788025,False,,True
abl_no_ag,Without attention-gated path,figshare/2116.png,fs_MR034997,0,True,0.016866048177083332,0.09321464598178864,,0.14922797679901123,False,,True
abl_no_ag,Without attention-gated path,figshare/2117.png,fs_MR034997,0,True,0.015068901909722222,0.09785939753055573,,0.1859762966632843,True,,True
abl_no_ag,Without attention-gated path,figshare/2118.png,fs_MR034997,0,True,0.004909939236111111,0.04117080196738243,,0.12100725620985031,True,,True
abl_no_ag,Without attention-gated path,figshare/2134.png,fs_MR049019G,0,True,0.024915907118055556,0.08350231498479843,,0.30857279896736145,False,,True
abl_no_ag,Without attention-gated path,figshare/2135.png,fs_MR049019G,0,True,0.04578993055555555,0.1315155327320099,,0.32120388746261597,False,,True
abl_no_ag,Without attention-gated path,figshare/2136.png,fs_MR049019G,0,True,0.015123155381944444,0.056874535977840424,,0.08418061584234238,False,,True
abl_no_ag,Without attention-gated path,figshare/2137.png,fs_MR049019G,0,True,0.017652723524305556,0.053298693150281906,,0.13499142229557037,False,,True
abl_no_ag,Without attention-gated path,figshare/2138.png,fs_MR049019G,0,True,0.027140299479166668,0.060583461076021194,,0.12667465209960938,False,,False
abl_no_ag,Without attention-gated path,figshare/2139.png,fs_MR049019G,0,True,0.016350640190972224,0.03475744649767876,,0.10938236117362976,False,,False
abl_no_ag,Without attention-gated path,figshare/2140.png,fs_MR049019G,0,True,0.019490559895833332,0.04544428363442421,,0.17017391324043274,False,,True
abl_no_ag,Without attention-gated path,figshare/2166.png,fs_MR037458B,0,False,0.011508517795138888,0.025692811235785484,,0.0,False,,False
abl_no_ag,Without attention-gated path,figshare/2167.png,fs_MR037458B,0,False,0.014377170138888888,0.029148077592253685,,3.981158079113811e-05,False,,False
abl_no_ag,Without attention-gated path,figshare/2168.png,fs_MR037458B,0,False,0.0027940538194444445,0.0148709025233984,,0.011926844716072083,False,,True
abl_no_ag,Without attention-gated path,figshare/2169.png,fs_MR037458B,0,False,0.005276150173611111,0.02662653848528862,,0.015185609459877014,True,,True
abl_no_ag,Without attention-gated path,figshare/2170.png,fs_MR037458B,0,True,0.007154676649305556,0.032781828194856644,,0.3334226906299591,True,,True
abl_no_ag,Without attention-gated path,figshare/2171.png,fs_MR037458B,0,True,0.019999186197916668,0.0494774654507637,,0.6523987054824829,False,,True
abl_no_ag,Without attention-gated path,figshare/2172.png,fs_MR037458B,0,True,0.015726725260416668,0.05206375941634178,,0.04492518678307533,False,,True
abl_no_ag,Without attention-gated path,figshare/2173.png,fs_MR037458B,0,False,0.017137315538194444,0.05215843766927719,,0.03861289843916893,False,,True
abl_no_ag,Without attention-gated path,figshare/2196.png,fs_MR040240,0,True,0.00738525390625,0.05222064629197121,,0.09383155405521393,True,,True
abl_no_ag,Without attention-gated path,figshare/2197.png,fs_MR040240,0,False,0.010443793402777778,0.09371746331453323,,1.1128216783617972e-06,True,,False
abl_no_ag,Without attention-gated path,figshare/2198.png,fs_MR040240,0,False,0.030768500434027776,0.21023282408714294,,0.001260238466784358,True,,False
abl_no_ag,Without attention-gated path,figshare/2199.png,fs_MR040240,0,False,0.028327094184027776,0.2225673347711563,,0.054955292493104935,True,,True
abl_no_ag,Without attention-gated path,figshare/2200.png,fs_MR040240,0,True,0.025058322482638888,0.1986456960439682,,0.9283795952796936,True,,True
abl_no_ag,Without attention-gated path,figshare/2201.png,fs_MR040240,0,True,0.020948621961805556,0.15649458765983582,,0.1491072028875351,True,,True
abl_no_ag,Without attention-gated path,figshare/2202.png,fs_MR040240,0,True,0.033515082465277776,0.1490222066640854,,0.14862415194511414,True,,True
abl_no_ag,Without attention-gated path,figshare/2203.png,fs_MR040240,0,True,0.025648328993055556,0.1116504892706871,,0.16055232286453247,True,,True
abl_no_ag,Without attention-gated path,figshare/2204.png,fs_MR040240,0,True,0.016086154513888888,0.048097528517246246,,0.1603550761938095,False,,True
abl_no_ag,Without attention-gated path,figshare/2205.png,fs_MR040240,0,True,0.008734809027777778,0.04458937421441078,,0.27801838517189026,False,,True
abl_no_ag,Without attention-gated path,figshare/2270.png,fs_MR049453,0,True,0.004258897569444444,0.010511070489883423,,0.3084779977798462,False,,True
abl_no_ag,Without attention-gated path,figshare/2271.png,fs_MR049453,0,True,0.028001573350694444,0.08973510563373566,,0.21416696906089783,False,,True
abl_no_ag,Without attention-gated path,figshare/2272.png,fs_MR049453,0,True,0.01495361328125,0.05491001904010773,,0.23573686182498932,False,,True
abl_no_ag,Without attention-gated path,figshare/2273.png,fs_MR049453,0,True,0.03408474392361111,0.1255786120891571,,0.23340216279029846,False,,True
abl_no_ag,Without attention-gated path,figshare/2274.png,fs_MR049453,0,True,0.03238254123263889,0.12996724247932434,,0.19837483763694763,False,,True
abl_no_ag,Without attention-gated path,figshare/2275.png,fs_MR049453,0,True,0.023912217881944444,0.1081591546535492,,0.15661075711250305,False,,True
abl_no_ag,Without attention-gated path,figshare/2276.png,fs_MR049453,0,True,0.009962293836805556,0.047607261687517166,,0.15657208859920502,False,,True
abl_no_ag,Without attention-gated path,figshare/2277.png,fs_MR049453,0,True,0.010348849826388888,0.043501824140548706,,0.31024277210235596,False,,True
abl_no_ag,Without attention-gated path,figshare/2278.png,fs_MR049453,0,True,0.004014756944444444,0.021171778440475464,,0.10983353108167648,False,,True
abl_no_ag,Without attention-gated path,figshare/2286.png,fs_MR049453B,0,True,0.0037367078993055555,0.0048796385526657104,,0.2788602411746979,False,,True
abl_no_ag,Without attention-gated path,figshare/2287.png,fs_MR049453B,0,True,0.003655327690972222,0.005434215534478426,,0.0477786660194397,False,,False
abl_no_ag,Without attention-gated path,figshare/2288.png,fs_MR049453B,0,True,0.050360785590277776,0.05696471035480499,,0.2502365708351135,False,,True
abl_no_ag,Without attention-gated path,figshare/2289.png,fs_MR049453B,0,True,0.03554958767361111,0.03495166823267937,,0.260897159576416,False,,True
abl_no_ag,Without attention-gated path,figshare/2290.png,fs_MR049453B,0,True,0.036553276909722224,0.05733012408018112,,0.22056317329406738,False,,True
abl_no_ag,Without attention-gated path,figshare/2291.png,fs_MR049453B,0,True,0.019802517361111112,0.031234705820679665,,0.21452121436595917,False,,True
abl_no_ag,Without attention-gated path,figshare/2292.png,fs_MR049453B,0,True,0.009568956163194444,0.012341978959739208,,0.0021389643661677837,False,,False
abl_no_ag,Without attention-gated path,figshare/2293.png,fs_MR049453B,0,True,0.017734103732638888,0.029604844748973846,,0.216544970870018,False,,False
abl_no_ag,Without attention-gated path,figshare/2294.png,fs_MR049453B,0,True,0.005316840277777778,0.009042720310389996,,0.02847566269338131,False,,False
abl_no_ag,Without attention-gated path,figshare/2295.png,fs_MR049453B,0,True,0.015272352430555556,0.02180144377052784,,0.038993749767541885,False,,False
abl_no_ag,Without attention-gated path,figshare/2296.png,fs_MR049453B,0,True,0.024400499131944444,0.026813508942723274,,0.07363617420196533,False,,False
abl_no_ag,Without attention-gated path,figshare/2297.png,fs_MR049453B,0,True,0.044074164496527776,0.08721524477005005,,0.23408052325248718,False,,True
abl_no_ag,Without attention-gated path,figshare/2298.png,fs_MR049453B,0,True,0.046210394965277776,0.09066317975521088,,0.2668206989765167,False,,True
abl_no_ag,Without attention-gated path,figshare/2299.png,fs_MR049453B,0,True,0.049323187934027776,0.06806578487157822,,0.24365562200546265,False,,True
abl_no_ag,Without attention-gated path,figshare/2300.png,fs_MR050135B,0,True,0.004170735677083333,0.02121901325881481,,0.06482694298028946,False,,True
abl_no_ag,Without attention-gated path,figshare/2301.png,fs_MR050135B,0,True,0.018263075086805556,0.060847461223602295,,0.03917834907770157,False,,True
abl_no_ag,Without attention-gated path,figshare/2302.png,fs_MR050135B,0,True,0.006137424045138889,0.03284434974193573,,0.2176714539527893,False,,True
abl_no_ag,Without attention-gated path,figshare/2303.png,fs_MR050135B,0,True,0.018941243489583332,0.0729670375585556,,0.05002100393176079,False,,True
abl_no_ag,Without attention-gated path,figshare/2304.png,fs_MR050135B,0,True,0.022989908854166668,0.11718747764825821,,0.2570517957210541,False,,True
abl_no_ag,Without attention-gated path,figshare/2305.png,fs_MR050135B,0,True,0.025838216145833332,0.10979732871055603,,0.21453431248664856,False,,True
abl_no_ag,Without attention-gated path,figshare/2306.png,fs_MR050135B,0,True,0.021565755208333332,0.10986332595348358,,0.9152782559394836,False,,True
abl_no_ag,Without attention-gated path,figshare/2307.png,fs_MR050135B,0,True,0.007331000434027778,0.05888417363166809,,0.1734730750322342,False,,True
abl_no_ag,Without attention-gated path,figshare/2308.png,fs_MR050135B,0,True,0.013210720486111112,0.07204365730285645,,0.19011643528938293,False,,True
abl_no_ag,Without attention-gated path,figshare/2309.png,fs_MR050135B,0,True,0.013014051649305556,0.07213038206100464,,0.18284134566783905,False,,True
abl_no_ag,Without attention-gated path,figshare/2310.png,fs_MR050135B,0,True,0.012837727864583334,0.06464488804340363,,0.1912624090909958,False,,True
abl_no_ag,Without attention-gated path,figshare/2317.png,fs_MR050791B,0,False,0.026740180121527776,0.025697527453303337,,0.025996098294854164,False,,False
abl_no_ag,Without attention-gated path,figshare/2318.png,fs_MR050791B,0,True,0.04482693142361111,0.08284464478492737,,0.4808621406555176,False,,True
abl_no_ag,Without attention-gated path,figshare/2319.png,fs_MR050791B,0,True,0.032111273871527776,0.02183382213115692,,0.0,False,,False
abl_no_ag,Without attention-gated path,figshare/2320.png,fs_MR050791B,0,True,0.020846896701388888,0.008995619602501392,,0.3664853870868683,False,,False
abl_no_ag,Without attention-gated path,figshare/2349.png,fs_MR024780E,0,True,0.007439507378472222,0.05356447026133537,,0.12738142907619476,True,,True
abl_no_ag,Without attention-gated path,figshare/2362.png,fs_MR040240C,0,True,0.008490668402777778,0.02679472789168358,,0.17389145493507385,False,,True
abl_no_ag,Without attention-gated path,figshare/2363.png,fs_MR040240C,0,True,0.0033772786458333335,0.007126464042812586,,0.034779924899339676,False,,False
abl_no_ag,Without attention-gated path,figshare/2364.png,fs_MR040240C,0,True,0.003851996527777778,0.00915743038058281,,0.12378833442926407,False,,True
abl_no_ag,Without attention-gated path,figshare/2365.png,fs_MR040240C,0,True,0.020426432291666668,0.07955176383256912,,0.07446350157260895,False,,True
abl_no_ag,Without attention-gated path,figshare/2366.png,fs_MR040240C,0,True,0.023417154947916668,0.100052110850811,,0.21577118337154388,False,,True
abl_no_ag,Without attention-gated path,figshare/2367.png,fs_MR040240C,0,True,0.042928059895833336,0.19177116453647614,,0.16474910080432892,False,,True
abl_no_ag,Without attention-gated path,figshare/2368.png,fs_MR040240C,0,True,0.06172010633680555,0.205230250954628,,0.14057299494743347,True,,False
abl_no_ag,Without attention-gated path,figshare/2369.png,fs_MR040240C,0,True,0.052361382378472224,0.13871058821678162,,0.11064120382070541,False,,False
abl_no_ag,Without attention-gated path,figshare/2370.png,fs_MR040240C,0,True,0.07093641493055555,0.22897915542125702,,0.22094154357910156,False,,True
abl_no_ag,Without attention-gated path,figshare/2371.png,fs_MR040240C,0,True,0.059244791666666664,0.18418395519256592,,0.16762244701385498,False,,True
abl_no_ag,Without attention-gated path,figshare/2372.png,fs_MR040240C,0,True,0.01580810546875,0.05558456480503082,,0.17850248515605927,False,,True
abl_no_ag,Without attention-gated path,figshare/2373.png,fs_MR040240D,0,True,0.0035400390625,0.0114662554115057,,0.3086337745189667,False,,True
abl_no_ag,Without attention-gated path,figshare/2374.png,fs_MR040240D,0,True,0.0064697265625,0.02290923520922661,,0.2640281021595001,False,,True
abl_no_ag,Without attention-gated path,figshare/2375.png,fs_MR040240D,0,True,0.003390842013888889,0.011750616133213043,,0.0,False,,False
abl_no_ag,Without attention-gated path,figshare/2376.png,fs_MR040240D,0,True,0.03207058376736111,0.14002729952335358,,0.1945321410894394,False,,True
abl_no_ag,Without attention-gated path,figshare/2377.png,fs_MR040240D,0,True,0.029127332899305556,0.1496952474117279,,0.24748548865318298,True,,True
abl_no_ag,Without attention-gated path,figshare/2378.png,fs_MR040240D,0,True,0.032036675347222224,0.15471604466438293,,0.18189969658851624,False,,True
abl_no_ag,Without attention-gated path,figshare/2379.png,fs_MR040240D,0,True,0.06580268012152778,0.2717297375202179,,0.2627510726451874,True,,True
abl_no_ag,Without attention-gated path,figshare/2380.png,fs_MR040240D,0,True,0.058844672309027776,0.20750309526920319,,0.256946861743927,True,,True
abl_no_ag,Without attention-gated path,figshare/2381.png,fs_MR040240D,0,True,0.05537245008680555,0.18627551198005676,,0.23058345913887024,False,,True
abl_no_ag,Without attention-gated path,figshare/2382.png,fs_MR040240D,0,True,0.052741156684027776,0.17084601521492004,,0.18510690331459045,True,,True
abl_no_ag,Without attention-gated path,figshare/2383.png,fs_MR040240D,0,True,0.00421142578125,0.010542446747422218,,0.1475405991077423,False,,True
abl_no_ag,Without attention-gated path,figshare/2443.png,fs_MR040240,0,True,0.028347439236111112,0.11563634872436523,,0.34255319833755493,False,,True
abl_no_ag,Without attention-gated path,figshare/2444.png,fs_MR040240,0,True,0.049886067708333336,0.14258088171482086,,0.20316842198371887,False,,True
abl_no_ag,Without attention-gated path,figshare/2445.png,fs_MR040240,0,True,0.046515570746527776,0.17816239595413208,,0.2533447742462158,True,,True
abl_no_ag,Without attention-gated path,figshare/2446.png,fs_MR040240,0,True,0.050103081597222224,0.21382848918437958,,0.35454660654067993,True,,True
abl_no_ag,Without attention-gated path,figshare/2447.png,fs_MR040240,0,True,0.029446072048611112,0.16751566529273987,,0.37348806858062744,True,,True
abl_no_ag,Without attention-gated path,figshare/2448.png,fs_MR040240,0,True,0.028788248697916668,0.1807449609041214,,0.5295183062553406,True,,True
abl_no_ag,Without attention-gated path,figshare/2449.png,fs_MR040240,0,True,0.029947916666666668,0.1948384791612625,,0.5992183685302734,True,,True
abl_no_ag,Without attention-gated path,figshare/2450.png,fs_MR040240,0,True,0.037150065104166664,0.17868544161319733,,0.24583560228347778,True,,True
abl_no_ag,Without attention-gated path,figshare/2451.png,fs_MR040240,0,True,0.02386474609375,0.1115296259522438,,0.16192184388637543,True,,True
abl_no_ag,Without attention-gated path,figshare/2452.png,fs_MR040240,0,True,0.009589301215277778,0.03547738492488861,,0.10252807289361954,False,,True
abl_no_ag,Without attention-gated path,figshare/2496.png,fs_MR024780E,0,True,0.00408935546875,0.012653146870434284,,5.45051007065922e-05,False,,False
abl_no_ag,Without attention-gated path,figshare/2497.png,fs_MR024780E,0,True,0.002448187934027778,0.011503782123327255,,0.029846511781215668,False,,False
abl_no_ag,Without attention-gated path,figshare/2498.png,fs_MR024780E,0,True,0.007256401909722222,0.038574010133743286,,0.15411494672298431,True,,True
abl_no_ag,Without attention-gated path,figshare/2509.png,fs_MR040240C,0,True,0.021023220486111112,0.07458575814962387,,0.201333686709404,False,,True
abl_no_ag,Without attention-gated path,figshare/2510.png,fs_MR040240C,0,True,0.021708170572916668,0.08568578958511353,,0.20166514813899994,False,,True
abl_no_ag,Without attention-gated path,figshare/2511.png,fs_MR040240C,0,True,0.00787353515625,0.009583295322954655,,0.2170143872499466,False,,True
abl_no_ag,Without attention-gated path,figshare/2512.png,fs_MR040240C,0,True,0.009813096788194444,0.011445610783994198,,0.11733099818229675,False,,True
abl_no_ag,Without attention-gated path,figshare/2513.png,fs_MR040240C,0,True,0.013502332899305556,0.011633741669356823,,0.15045692026615143,False,,True
abl_no_ag,Without attention-gated path,figshare/2514.png,fs_MR040240C,0,True,0.0146484375,0.011358826421201229,,0.18057581782341003,False,,True
abl_no_ag,Without attention-gated path,figshare/2515.png,fs_MR040240C,0,True,0.015360514322916666,0.014515098184347153,,0.1851969212293625,False,,True
abl_no_ag,Without attention-gated path,figshare/2516.png,fs_MR040240C,0,True,0.03158908420138889,0.08679469674825668,,0.23367249965667725,False,,True
abl_no_ag,Without attention-gated path,figshare/2517.png,fs_MR040240C,0,True,0.03372531467013889,0.12760476768016815,,0.23732449114322662,False,,True
abl_no_ag,Without attention-gated path,figshare/2518.png,fs_MR040240C,0,True,0.013326009114583334,0.03519799932837486,,0.1690630167722702,False,,True
abl_no_ag,Without attention-gated path,figshare/2519.png,fs_MR040240C,0,True,0.013814290364583334,0.039610251784324646,,0.15006421506404877,False,,False
abl_no_ag,Without attention-gated path,figshare/2520.png,fs_MR040240C,0,True,0.03912353515625,0.12991668283939362,,0.27984288334846497,True,,True
abl_no_ag,Without attention-gated path,figshare/2521.png,fs_MR040240C,0,True,0.029947916666666668,0.10611075907945633,,0.15897725522518158,False,,True
abl_no_ag,Without attention-gated path,figshare/2522.png,fs_MR040240C,0,True,0.009806315104166666,0.016233336180448532,,0.15390649437904358,False,,True
abl_no_ag,Without attention-gated path,figshare/2523.png,fs_MR040240C,0,True,0.007853190104166666,0.014311530627310276,,0.22791515290737152,False,,True
abl_no_ag,Without attention-gated path,figshare/2550.png,fs_MR051461B,0,True,0.008185492621527778,0.00921719241887331,,0.3371364176273346,False,,True
abl_no_ag,Without attention-gated path,figshare/2551.png,fs_MR051461B,0,True,0.007317437065972222,0.009728600271046162,,0.20966598391532898,False,,True
abl_no_ag,Without attention-gated path,figshare/2552.png,fs_MR051461B,0,True,0.007988823784722222,0.0063720461912453175,,0.05432913824915886,False,,False
abl_no_ag,Without attention-gated path,figshare/2553.png,fs_MR051461B,0,True,0.008314344618055556,0.007457852363586426,,0.15835903584957123,False,,True
abl_no_ag,Without attention-gated path,figshare/2617.png,fs_MR053110B,0,True,0.026041666666666668,0.02690126560628414,,0.16477753221988678,False,,False
abl_no_ag,Without attention-gated path,figshare/2618.png,fs_MR053110B,0,True,0.028272840711805556,0.026454895734786987,,0.2957513630390167,False,,True
abl_no_ag,Without attention-gated path,figshare/2619.png,fs_MR053110B,0,True,0.036383734809027776,0.028785791248083115,,0.4329296350479126,False,,True
abl_no_ag,Without attention-gated path,figshare/2620.png,fs_MR053110B,0,True,0.03361680772569445,0.028931180015206337,,0.3670644462108612,False,,True
abl_no_ag,Without attention-gated path,figshare/2621.png,fs_MR053110B,0,True,0.029500325520833332,0.028448378667235374,,0.3183463215827942,False,,True
abl_no_ag,Without attention-gated path,figshare/2622.png,fs_MR053110B,0,True,0.028516981336805556,0.03156200796365738,,0.22181417047977448,False,,True
abl_no_ag,Without attention-gated path,figshare/2623.png,fs_MR053110B,0,True,0.028164333767361112,0.041890278458595276,,0.23086363077163696,False,,True
abl_no_ag,Without attention-gated path,figshare/2624.png,fs_MR034694,0,True,0.009189181857638888,0.015623297542333603,,0.22337666153907776,False,,True
abl_no_ag,Without attention-gated path,figshare/2625.png,fs_MR034694,0,True,0.00933837890625,0.0456036776304245,,0.01513639185577631,False,,False
abl_no_ag,Without attention-gated path,figshare/2626.png,fs_MR034694,0,True,0.020304361979166668,0.07093828916549683,,0.24907946586608887,False,,True
abl_no_ag,Without attention-gated path,figshare/2627.png,fs_MR034694,0,True,0.011935763888888888,0.04866412281990051,,0.26335442066192627,False,,True
abl_no_ag,Without attention-gated path,figshare/2628.png,fs_MR034694,0,True,0.023857964409722224,0.08019636571407318,,0.2311394363641739,False,,True
abl_no_ag,Without attention-gated path,figshare/2629.png,fs_MR034694,0,True,0.025356716579861112,0.09360001236200333,,0.20851413905620575,False,,True
abl_no_ag,Without attention-gated path,figshare/2630.png,fs_MR034694,0,True,0.017835828993055556,0.0873299166560173,,0.18035700917243958,True,,True
abl_no_ag,Without attention-gated path,figshare/2646.png,fs_MR053241C,0,True,0.008341471354166666,0.022576233372092247,,0.0,False,,False
abl_no_ag,Without attention-gated path,figshare/2647.png,fs_MR053241C,0,True,0.005655924479166667,0.01564015820622444,,0.015214098617434502,False,,False
abl_no_ag,Without attention-gated path,figshare/2648.png,fs_MR053241C,0,True,0.004835340711805556,0.021379122510552406,,0.013543044216930866,False,,False
abl_no_ag,Without attention-gated path,figshare/2649.png,fs_MR053241C,0,True,0.0052490234375,0.01789555698633194,,0.007497961167246103,False,,False
abl_no_ag,Without attention-gated path,figshare/2650.png,fs_MR034997,0,True,0.010158962673611112,0.08392936736345291,,0.15372274816036224,True,,True
abl_no_ag,Without attention-gated path,figshare/2651.png,fs_MR034997,0,True,0.021952311197916668,0.11103174835443497,,0.22750450670719147,True,,True
abl_no_ag,Without attention-gated path,figshare/2652.png,fs_MR034997,0,True,0.024447970920138888,0.10473571717739105,,0.19823502004146576,True,,True
abl_no_ag,Without attention-gated path,figshare/2653.png,fs_MR034997,0,True,0.022623697916666668,0.11443281918764114,,0.1988888531923294,False,,True
abl_no_ag,Without attention-gated path,figshare/2654.png,fs_MR034997,0,True,0.025139702690972224,0.1358104795217514,,0.2035095989704132,True,,True
abl_no_ag,Without attention-gated path,figshare/2655.png,fs_MR034997,0,True,0.020521375868055556,0.11891748011112213,,0.15341150760650635,True,,True
abl_no_ag,Without attention-gated path,figshare/2656.png,fs_MR034997,0,True,0.0159912109375,0.09310192614793777,,0.08377324044704437,True,,True
abl_no_ag,Without attention-gated path,figshare/2675.png,fs_MR049019G,0,True,0.019646538628472224,0.03971634432673454,,0.16665515303611755,False,,True
abl_no_ag,Without attention-gated path,figshare/2676.png,fs_MR049019G,0,True,0.023362901475694444,0.05045938119292259,,0.20407122373580933,False,,True
abl_no_ag,Without attention-gated path,figshare/2677.png,fs_MR049019G,0,True,0.027065700954861112,0.0542210228741169,,0.22662141919136047,True,,True
abl_no_ag,Without attention-gated path,figshare/2702.png,fs_MR037458B,0,False,0.002509223090277778,0.010351561941206455,,0.00568090844899416,False,,False
abl_no_ag,Without attention-gated path,figshare/2703.png,fs_MR037458B,0,True,0.006632486979166667,0.039409980177879333,,0.03220270574092865,True,,False
abl_no_ag,Without attention-gated path,figshare/2704.png,fs_MR037458B,0,True,0.0128173828125,0.0609692744910717,,0.14150357246398926,False,,True
abl_no_ag,Without attention-gated path,figshare/2705.png,fs_MR037458B,0,True,0.020358615451388888,0.04545063525438309,,0.25535061955451965,False,,True
abl_no_ag,Without attention-gated path,figshare/2706.png,fs_MR037458B,0,True,0.017442491319444444,0.041715506464242935,,0.1800103783607483,False,,False
abl_no_ag,Without attention-gated path,figshare/2707.png,fs_MR037458B,0,True,0.011298285590277778,0.025645891204476357,,0.01212729886174202,False,,True
abl_no_ag,Without attention-gated path,figshare/2708.png,fs_MR037458B,0,True,0.005255805121527778,0.00798287708312273,,0.5930661559104919,False,,True
abl_no_ag,Without attention-gated path,figshare/2709.png,fs_MR037458B,0,False,0.006422254774305556,0.00984171498566866,,0.01806391216814518,False,,False
abl_no_ag,Without attention-gated path,figshare/2743.png,fs_MR049019G,0,True,0.013014051649305556,0.020874015986919403,,0.14102807641029358,False,,False
abl_no_ag,Without attention-gated path,figshare/2744.png,fs_MR049019G,0,True,0.014492458767361112,0.029464688152074814,,0.1634310781955719,False,,True
abl_no_ag,Without attention-gated path,figshare/2745.png,fs_MR049019G,0,True,0.03921847873263889,0.07318559288978577,,0.19210278987884521,False,,True
abl_no_ag,Without attention-gated path,figshare/2746.png,fs_MR049019G,0,True,0.024393717447916668,0.05754101276397705,,0.19262409210205078,False,,True
abl_no_ag,Without attention-gated path,figshare/2747.png,fs_MR049019G,0,True,0.008884006076388888,0.009360475465655327,,0.1091625913977623,False,,False
abl_no_ag,Without attention-gated path,figshare/2769.png,fs_MR037458B,0,True,0.014180501302083334,0.0519779771566391,,0.30793821811676025,False,,True
abl_no_ag,Without attention-gated path,figshare/2770.png,fs_MR037458B,0,True,0.007290310329861111,0.030993398278951645,,0.885221004486084,False,,True
abl_no_ag,Without attention-gated path,figshare/2771.png,fs_MR037458B,0,True,0.025214301215277776,0.07384379953145981,,0.11518001556396484,False,,False
abl_no_ag,Without attention-gated path,figshare/2772.png,fs_MR037458B,0,True,0.018235948350694444,0.05319925397634506,,0.03158247470855713,False,,True
abl_no_ag,Without attention-gated path,figshare/2773.png,fs_MR037458B,0,False,0.017768012152777776,0.04648558422923088,,0.03013242967426777,False,,True
abl_no_ag,Without attention-gated path,figshare/2787.png,fs_MR040240,0,True,0.024210611979166668,0.12214677035808563,,0.1808009147644043,True,,True
abl_no_ag,Without attention-gated path,figshare/2788.png,fs_MR040240,0,False,0.014492458767361112,0.11655645072460175,,0.041251618415117264,True,,True
abl_no_ag,Without attention-gated path,figshare/2789.png,fs_MR040240,0,False,0.05129665798611111,0.24478447437286377,,0.0027703731320798397,True,,False
abl_no_ag,Without attention-gated path,figshare/2790.png,fs_MR040240,0,True,0.05272081163194445,0.20551840960979462,,0.9847649931907654,False,,True
abl_no_ag,Without attention-gated path,figshare/2791.png,fs_MR040240,0,False,0.038872612847222224,0.16506709158420563,,0.003080177353695035,True,,False
abl_no_ag,Without attention-gated path,figshare/2792.png,fs_MR040240,0,True,0.017747667100694444,0.10031384974718094,,0.8659016489982605,False,,True
abl_no_ag,Without attention-gated path,figshare/2793.png,fs_MR040240,0,True,0.015550401475694444,0.08938371390104294,,0.0026185440365225077,True,,False
abl_no_ag,Without attention-gated path,figshare/2794.png,fs_MR040240,0,True,0.006985134548611111,0.024413350969552994,,0.0547880195081234,False,,False
abl_no_ag,Without attention-gated path,figshare/2876.png,fs_MR049453,0,True,0.007012261284722222,0.011252251453697681,,0.0,False,,False
abl_no_ag,Without attention-gated path,figshare/2877.png,fs_MR049453,0,True,0.018086751302083332,0.03785090148448944,,0.25709524750709534,False,,True
abl_no_ag,Without attention-gated path,figshare/2878.png,fs_MR049453,0,True,0.028469509548611112,0.05768707022070885,,0.2561587691307068,False,,True
abl_no_ag,Without attention-gated path,figshare/2879.png,fs_MR049453,0,True,0.04705810546875,0.11940745264291763,,0.26920396089553833,False,,True
abl_no_ag,Without attention-gated path,figshare/2880.png,fs_MR049453,0,True,0.03195529513888889,0.08435652405023575,,0.25630244612693787,False,,True
abl_no_ag,Without attention-gated path,figshare/2881.png,fs_MR049453,0,True,0.029832628038194444,0.07954833656549454,,0.250796377658844,False,,True
abl_no_ag,Without attention-gated path,figshare/2882.png,fs_MR049453,0,True,0.04216172960069445,0.07529082149267197,,0.2474687695503235,False,,True
abl_no_ag,Without attention-gated path,figshare/2883.png,fs_MR049453,0,True,0.004706488715277778,0.02172659896314144,,0.05156613141298294,False,,True
abl_no_ag,Without attention-gated path,figshare/2884.png,fs_MR049453,0,True,0.006252712673611111,0.02577132359147072,,0.031274259090423584,False,,True
abl_no_ag,Without attention-gated path,figshare/2891.png,fs_MR050135B,0,True,0.011637369791666666,0.045902665704488754,,0.09392010420560837,False,,True
abl_no_ag,Without attention-gated path,figshare/2892.png,fs_MR050135B,0,True,0.015414767795138888,0.06153033673763275,,0.18995600938796997,False,,True
abl_no_ag,Without attention-gated path,figshare/2893.png,fs_MR050135B,0,True,0.019816080729166668,0.12367130815982819,,0.17529714107513428,False,,True
abl_no_ag,Without attention-gated path,figshare/2894.png,fs_MR050135B,0,True,0.042683919270833336,0.14817968010902405,,0.8885255455970764,True,,True
abl_no_ag,Without attention-gated path,figshare/2895.png,fs_MR050135B,0,True,0.004475911458333333,0.04107318073511124,,0.15348774194717407,True,,True
abl_no_ag,Without attention-gated path,figshare/2896.png,fs_MR050135B,0,True,0.012498643663194444,0.06612537801265717,,0.2599699795246124,True,,True
abl_no_ag,Without attention-gated path,figshare/2897.png,fs_MR050135B,0,True,0.016323513454861112,0.09256337583065033,,0.24984721839427948,True,,True
abl_no_ag,Without attention-gated path,figshare/2898.png,fs_MR050135B,0,True,0.0126953125,0.07664985209703445,,0.34659600257873535,True,,True
abl_no_ag,Without attention-gated path,figshare/2899.png,fs_MR050135B,0,True,0.005852593315972222,0.03832016512751579,,0.07780048251152039,False,,False
abl_no_ag,Without attention-gated path,figshare/2906.png,fs_MR050791B,0,False,0.00286865234375,0.002057397970929742,,0.0016273396322503686,False,,False
abl_no_ag,Without attention-gated path,figshare/2907.png,fs_MR050791B,0,True,0.009385850694444444,0.0037461635656654835,,0.010061671026051044,False,,False
abl_no_ag,Without attention-gated path,figshare/2908.png,fs_MR050791B,0,True,0.014112684461805556,0.005252942442893982,,0.03162270411849022,False,,True
abl_no_ag,Without attention-gated path,figshare/2909.png,fs_MR050791B,0,True,0.020534939236111112,0.0066658733412623405,,0.0,False,,False
abl_no_ag,Without attention-gated path,figshare/2910.png,fs_MR050791B,0,True,0.015265570746527778,0.00906568206846714,,0.0,False,,False
abl_no_ag,Without attention-gated path,figshare/2911.png,fs_MR050791B,0,False,0.010138617621527778,0.005307828541845083,,0.009265457279980183,False,,False
abl_no_ag,Without attention-gated path,figshare/2912.png,fs_MR050791B,0,True,0.010328504774305556,0.007165264803916216,,0.0,False,,False
abl_no_ag,Without attention-gated path,figshare/2913.png,fs_MR050791B,0,True,0.00726318359375,0.004453706089407206,,0.0033479565754532814,False,,False
abl_no_ag,Without attention-gated path,figshare/2999.png,fs_MR053110B,0,True,0.019449869791666668,0.014743557199835777,,0.2609671354293823,False,,True
abl_no_ag,Without attention-gated path,figshare/3000.png,fs_MR053110B,0,True,0.025614420572916668,0.016095146536827087,,0.21802057325839996,False,,True
abl_no_ag,Without attention-gated path,figshare/3001.png,fs_MR053110B,0,True,0.03150770399305555,0.018906787037849426,,0.24383127689361572,False,,True
abl_no_ag,Without attention-gated path,figshare/3002.png,fs_MR053110B,0,True,0.038655598958333336,0.031281452625989914,,0.22900575399398804,False,,True
abl_no_ag,Without attention-gated path,figshare/3003.png,fs_MR053110B,0,True,0.026896158854166668,0.030759213492274284,,0.02930721454322338,False,,False
abl_no_ag,Without attention-gated path,figshare/3004.png,fs_MR053110B,0,True,0.001315646701388889,0.0024229472037404776,,0.05752381309866905,False,,True
abl_no_ag,Without attention-gated path,figshare/3005.png,fs_MR034694,0,True,0.01019287109375,0.05925152078270912,,0.2196478694677353,True,,True
abl_no_ag,Without attention-gated path,figshare/3006.png,fs_MR034694,0,True,0.018269856770833332,0.07791207730770111,,0.4573042690753937,False,,True
abl_no_ag,Without attention-gated path,figshare/3007.png,fs_MR034694,0,True,0.016255696614583332,0.06806940585374832,,0.35862624645233154,False,,True
abl_no_ag,Without attention-gated path,figshare/3008.png,fs_MR034694,0,True,0.016228569878472224,0.04293088614940643,,0.2259085327386856,False,,True
abl_no_ag,Without attention-gated path,figshare/3022.png,fs_MR034997,0,True,0.006361219618055556,0.03159140795469284,,0.043560005724430084,False,,True
abl_no_ag,Without attention-gated path,figshare/3023.png,fs_MR034997,0,True,0.013319227430555556,0.07609589397907257,,0.3613625764846802,False,,True
abl_no_ag,Without attention-gated path,figshare/3024.png,fs_MR034997,0,True,0.021694607204861112,0.10936179757118225,,0.34535467624664307,False,,True
abl_no_ag,Without attention-gated path,figshare/3025.png,fs_MR034997,0,True,0.024787055121527776,0.1031995564699173,,0.32100212574005127,False,,True
abl_no_ag,Without attention-gated path,figshare/3026.png,fs_MR034997,0,True,0.019280327690972224,0.14580358564853668,,0.39482635259628296,False,,True
abl_no_ag,Without attention-gated path,figshare/3027.png,fs_MR034997,0,True,0.013102213541666666,0.11193019896745682,,0.27744781970977783,False,,True
abl_no_ag,Without attention-gated path,figshare/3028.png,fs_MR034997,0,True,0.002570258246527778,0.02691868133842945,,0.08864331245422363,True,,True
abl_no_ag,Without attention-gated path,figshare/3039.png,fs_MR024780E,0,True,0.001193576388888889,0.010390512645244598,,0.06754729896783829,False,,True
abl_no_ag,Without attention-gated path,figshare/3040.png,fs_MR024780E,0,True,0.003017849392361111,0.02138506807386875,,0.057768288999795914,False,,True
abl_no_ag,Without attention-gated path,figshare/3041.png,fs_MR024780E,0,True,0.0025838216145833335,0.01801973581314087,,0.48160719871520996,False,,True
abl_no_ag,Without attention-gated path,figshare/3042.png,fs_MR040240C,0,True,0.021280924479166668,0.03334341198205948,,0.04409979656338692,False,,False
abl_no_ag,Without attention-gated path,figshare/3043.png,fs_MR040240C,0,True,0.015313042534722222,0.01069750264286995,,0.058671895414590836,False,,False
abl_no_ag,Without attention-gated path,figshare/3044.png,fs_MR040240C,0,True,0.034125434027777776,0.06686446070671082,,0.16106565296649933,False,,False
abl_no_ag,Without attention-gated path,figshare/3045.png,fs_MR040240C,0,True,0.030219184027777776,0.04729446768760681,,0.2623860538005829,False,,True
abl_no_ag,Without attention-gated path,figshare/3046.png,fs_MR040240C,0,True,0.016777886284722224,0.030269015580415726,,0.26612281799316406,False,,True
abl_no_ag,Without attention-gated path,figshare/3047.png,fs_MR040240D,0,True,0.003119574652777778,0.01160954125225544,,0.11909931898117065,False,,True
abl_no_ag,Without attention-gated path,figshare/3048.png,fs_MR040240D,0,True,0.0020005967881944445,0.010979186743497849,,0.06455104053020477,False,,True
abl_no_ca,Without channel attention,figshare/0001.png,fs_100360,1,True,0.017510308159722224,0.8118853569030762,0.3048204481601715,1.8979338847202598e-06,True,True,False
abl_no_ca,Without channel attention,figshare/0002.png,fs_100360,1,True,0.032938639322916664,0.9010947346687317,0.45502543449401855,5.4328684200299904e-05,True,True,False
abl_no_ca,Without channel attention,figshare/0003.png,fs_100360,1,True,0.04019504123263889,0.9397330284118652,0.5094612836837769,7.713746526860632e-06,True,True,False
abl_no_ca,Without channel attention,figshare/0004.png,fs_100360,1,True,0.034003363715277776,0.882075846195221,0.44883862137794495,0.0005046165897510946,True,True,False
abl_no_ca,Without channel attention,figshare/0005.png,fs_100360,1,True,0.04301622178819445,0.9879833459854126,0.45014113187789917,0.009602962993085384,True,True,True
abl_no_ca,Without channel attention,figshare/0026.png,fs_102446,1,True,0.0027601453993055555,0.5000753402709961,0.07250259816646576,6.191633474372793e-06,True,True,False
abl_no_ca,Without channel attention,figshare/0049.png,fs_104281,1,True,0.00714111328125,0.7192459106445312,0.16627660393714905,0.002244024770334363,True,True,True
abl_no_ca,Without channel attention,figshare/0050.png,fs_104281,1,True,0.019049750434027776,0.8690618276596069,0.3335775136947632,0.0007130395970307291,True,True,False
abl_no_ca,Without channel attention,figshare/0051.png,fs_104281,1,True,0.022298177083333332,0.8794673681259155,0.3673994541168213,0.00047842151252552867,True,True,False
abl_no_ca,Without channel attention,figshare/0052.png,fs_104281,1,True,0.021280924479166668,0.9133235812187195,0.3530518412590027,0.000630163645837456,True,True,False
abl_no_ca,Without channel attention,figshare/0053.png,fs_104281,1,True,0.015679253472222224,0.9401431083679199,0.27997830510139465,0.0019848046358674765,True,True,False
abl_no_ca,Without channel attention,figshare/0054.png,fs_104281,1,True,0.008938259548611112,0.7936796545982361,0.18018396198749542,0.0031938510946929455,True,True,True
abl_no_ca,Without channel attention,figshare/0055.png,fs_104281,1,True,0.00494384765625,0.7301052212715149,0.10721404105424881,0.0064833196811378,True,True,True
abl_no_ca,Without channel attention,figshare/0056.png,fs_105374,1,True,0.004007975260416667,0.7752688527107239,0.09811447560787201,0.005385855212807655,True,True,True
abl_no_ca,Without channel attention,figshare/0057.png,fs_105374,1,True,0.00408935546875,0.7282226085662842,0.09256599843502045,0.0052409181371331215,True,True,True
abl_no_ca,Without channel attention,figshare/0093.png,fs_107248,1,True,0.009711371527777778,0.6759617924690247,0.1958194524049759,0.00026744333445094526,False,True,False
abl_no_ca,Without channel attention,figshare/0094.png,fs_107248,1,True,0.01177978515625,0.8675369620323181,0.25843942165374756,0.0033002449199557304,True,True,True
abl_no_ca,Without channel attention,figshare/0095.png,fs_107248,1,True,0.004597981770833333,0.32789361476898193,0.10524486005306244,0.000495030137244612,False,True,False
abl_no_ca,Without channel attention,figshare/0096.png,fs_107248,1,True,0.006700303819444444,0.776214599609375,0.18155919015407562,0.0033708657138049603,True,True,True
abl_no_ca,Without channel attention,figshare/0097.png,fs_107248,1,True,0.00921630859375,0.8574448227882385,0.21879945695400238,0.001525684492662549,True,True,False
abl_no_ca,Without channel attention,figshare/0098.png,fs_107248,1,False,0.00750732421875,0.8468907475471497,0.19174112379550934,0.06764969974756241,True,True,True
abl_no_ca,Without channel attention,figshare/0119.png,fs_109411,1,True,0.0018717447916666667,0.48042190074920654,0.04672825336456299,0.0033045909367501736,True,True,True
abl_no_ca,Without channel attention,figshare/0120.png,fs_109968,1,True,0.019124348958333332,0.8746021389961243,0.3180985748767853,0.005123793613165617,True,True,False
abl_no_ca,Without channel attention,figshare/0121.png,fs_109968,1,True,0.020731608072916668,0.9154810905456543,0.3425423800945282,0.003962220624089241,True,True,False
abl_no_ca,Without channel attention,figshare/0122.png,fs_109968,1,True,0.019239637586805556,0.8542836308479309,0.33123692870140076,0.0005711736157536507,True,True,False
abl_no_ca,Without channel attention,figshare/0123.png,fs_109968,1,True,0.012363009982638888,0.9209420680999756,0.2338823676109314,0.003001689212396741,True,True,False
abl_no_ca,Without channel attention,figshare/0132.png,fs_111532,1,True,0.017340766059027776,0.8666025996208191,0.2895723283290863,0.0008549693739041686,True,True,False
abl_no_ca,Without channel attention,figshare/0133.png,fs_111532,1,True,0.021755642361111112,0.9333150386810303,0.3266916573047638,0.000898802129086107,True,True,False
abl_no_ca,Without channel attention,figshare/0134.png,fs_111532,1,True,0.022928873697916668,0.9325504302978516,0.3448372185230255,0.0006688839639537036,True,True,False
abl_no_ca,Without channel attention,figshare/0154.png,fs_113435,1,True,0.03425428602430555,0.8792682886123657,0.46461910009384155,2.256193147331942e-05,True,True,False
abl_no_ca,Without channel attention,figshare/0155.png,fs_113435,1,True,0.0469970703125,0.9743795394897461,0.5392767786979675,2.7208163373870775e-05,True,True,False
abl_no_ca,Without channel attention,figshare/0156.png,fs_113435,1,True,0.04841444227430555,0.9718058705329895,0.542937159538269,1.806758518796414e-05,True,True,False
abl_no_ca,Without channel attention,figshare/0157.png,fs_113435,1,True,0.045586480034722224,0.9688891768455505,0.5158460140228271,7.625697548974131e-07,True,True,False
abl_no_ca,Without channel attention,figshare/0158.png,fs_113435,1,True,0.037285698784722224,0.9627982378005981,0.446807861328125,0.00012228944979142398,True,True,False
abl_no_ca,Without channel attention,figshare/0159.png,fs_113435,1,True,0.024427625868055556,0.925941526889801,0.33720430731773376,0.00010682009451556951,True,True,False
abl_no_ca,Without channel attention,figshare/0160.png,fs_113554,1,True,0.009663899739583334,0.8681182861328125,0.1984056532382965,0.005821192171424627,True,True,True
abl_no_ca,Without channel attention,figshare/0161.png,fs_113554,1,True,0.012281629774305556,0.8634512424468994,0.23831984400749207,0.0032851342111825943,True,True,True
abl_no_ca,Without channel attention,figshare/0162.png,fs_113554,1,True,0.01031494140625,0.8602551221847534,0.20235954225063324,0.005413371603935957,True,True,True
abl_no_ca,Without channel attention,figshare/0204.png,fs_99308,1,True,0.024325900607638888,0.8450902104377747,0.37638717889785767,0.0007288847700692713,True,True,False
abl_no_ca,Without channel attention,figshare/0205.png,fs_99308,1,True,0.03409152560763889,0.9651469588279724,0.4527640640735626,0.00021959685545880347,True,True,False
abl_no_ca,Without channel attention,figshare/0206.png,fs_99308,1,True,0.03354220920138889,0.9195802807807922,0.41398411989212036,7.27894002920948e-05,True,True,False
abl_no_ca,Without channel attention,figshare/0207.png,fs_99308,1,True,0.031426323784722224,0.9740681648254395,0.41157686710357666,0.00020396192849148065,True,True,False
abl_no_ca,Without channel attention,figshare/0208.png,fs_99308,1,True,0.023444281684027776,0.9499573111534119,0.33606505393981934,0.00036394791095517576,True,True,False
abl_no_ca,Without channel attention,figshare/0211.png,fs_100360,1,True,0.017788357204861112,0.9557295441627502,0.26432570815086365,0.0034368811175227165,True,True,False
abl_no_ca,Without channel attention,figshare/0212.png,fs_100360,1,True,0.029127332899305556,0.9476626515388489,0.44180765748023987,0.0008120767888613045,True,True,False
abl_no_ca,Without channel attention,figshare/0213.png,fs_100360,1,True,0.03314208984375,0.9490125775337219,0.48613235354423523,0.0007810852839611471,True,True,False
abl_no_ca,Without channel attention,figshare/0214.png,fs_100360,1,True,0.03602430555555555,0.92179936170578,0.4861541986465454,0.00019051338313147426,True,True,False
abl_no_ca,Without channel attention,figshare/0215.png,fs_100360,1,True,0.031636555989583336,0.9189713597297668,0.44195377826690674,0.0010457495227456093,True,True,False
abl_no_ca,Without channel attention,figshare/0216.png,fs_100360,1,True,0.017157660590277776,0.8608123660087585,0.2842450737953186,0.006836141925305128,True,True,False
abl_no_ca,Without channel attention,figshare/0217.png,fs_100360,1,True,0.011942545572916666,0.7522962093353271,0.21221446990966797,0.01735423505306244,True,True,True
abl_no_ca,Without channel attention,figshare/0239.png,fs_102446,1,True,0.0033162434895833335,0.655255913734436,0.08089486509561539,0.0035097321961075068,True,True,True
abl_no_ca,Without channel attention,figshare/0275.png,fs_104281,1,True,0.011386447482638888,0.9165042042732239,0.2554554343223572,0.004134963732212782,True,True,False
abl_no_ca,Without channel attention,figshare/0276.png,fs_104281,1,True,0.021430121527777776,0.9518269896507263,0.3766806721687317,0.003370772348716855,True,True,False
abl_no_ca,Without channel attention,figshare/0277.png,fs_104281,1,True,0.023851182725694444,0.9372200965881348,0.4274865686893463,0.0013726046308875084,True,True,False
abl_no_ca,Without channel attention,figshare/0278.png,fs_104281,1,True,0.022481282552083332,0.9388361573219299,0.4006319046020508,0.0010131208691745996,True,True,False
abl_no_ca,Without channel attention,figshare/0279.png,fs_104281,1,True,0.016438802083333332,0.9184373617172241,0.3234170079231262,0.003031499683856964,True,True,False
abl_no_ca,Without channel attention,figshare/0280.png,fs_104281,1,True,0.011705186631944444,0.9374756813049316,0.2246347963809967,0.002566687762737274,True,True,False
abl_no_ca,Without channel attention,figshare/0281.png,fs_105374,1,True,0.005703396267361111,0.8562044501304626,0.1452162265777588,0.005194110795855522,True,True,True
abl_no_ca,Without channel attention,figshare/0282.png,fs_105374,1,True,0.00531005859375,0.7748505473136902,0.1456928253173828,0.0049875820986926556,True,True,True
abl_no_ca,Without channel attention,figshare/0316.png,fs_107248,1,False,0.014017740885416666,0.8781142234802246,0.2929779887199402,0.14249613881111145,True,True,True
abl_no_ca,Without channel attention,figshare/0317.png,fs_107248,1,True,0.014716254340277778,0.8430420160293579,0.33579879999160767,3.936854227504227e-06,True,True,False
abl_no_ca,Without channel attention,figshare/0318.png,fs_107248,1,True,0.009738498263888888,0.7911609411239624,0.2546358108520508,0.0017165851313620806,True,True,False
abl_no_ca,Without channel attention,figshare/0319.png,fs_107248,1,True,0.009121365017361112,0.8125807046890259,0.23652547597885132,0.0021642663050442934,True,True,False
abl_no_ca,Without channel attention,figshare/0340.png,fs_109411,1,True,0.0011121961805555555,0.13973449170589447,0.028832778334617615,0.000450569816166535,True,True,False
abl_no_ca,Without channel attention,figshare/0341.png,fs_109968,1,True,0.015801323784722224,0.8741309642791748,0.27351808547973633,0.00142361456528306,True,True,False
abl_no_ca,Without channel attention,figshare/0342.png,fs_109968,1,True,0.019314236111111112,0.8256422281265259,0.3664596974849701,0.00031016027787700295,True,True,False
abl_no_ca,Without channel attention,figshare/0343.png,fs_109968,1,True,0.021775987413194444,0.9100465774536133,0.3899577260017395,0.0005724598304368556,True,True,False
abl_no_ca,Without channel attention,figshare/0344.png,fs_109968,1,True,0.019266764322916668,0.9168312549591064,0.3443714380264282,0.0018708659335970879,True,True,False
abl_no_ca,Without channel attention,figshare/0357.png,fs_111532,1,True,0.006612141927083333,0.7111260294914246,0.150386780500412,0.003974915482103825,True,True,True
abl_no_ca,Without channel attention,figshare/0358.png,fs_111532,1,True,0.011508517795138888,0.8933497071266174,0.24675039947032928,0.005717839114367962,True,True,True
abl_no_ca,Without channel attention,figshare/0359.png,fs_111532,1,True,0.015496148003472222,0.876768946647644,0.29804527759552,0.0023646224290132523,True,True,False
abl_no_ca,Without channel attention,figshare/0360.png,fs_111532,1,True,0.016886393229166668,0.8796389102935791,0.3336053490638733,0.001209082780405879,True,True,False
abl_no_ca,Without channel attention,figshare/0361.png,fs_111532,1,True,0.014411078559027778,0.9012736678123474,0.2952341139316559,0.0020980897825211287,True,True,False
abl_no_ca,Without channel attention,figshare/0382.png,fs_113435,1,True,0.014227973090277778,0.8120593428611755,0.3057310879230499,0.0009386187884956598,True,True,False
abl_no_ca,Without channel attention,figshare/0383.png,fs_113435,1,True,0.02447509765625,0.8985900282859802,0.43353649973869324,0.00015718080976512283,True,True,False
abl_no_ca,Without channel attention,figshare/0384.png,fs_113435,1,True,0.030239529079861112,0.8979021310806274,0.4910546541213989,0.0001619373360881582,True,True,False
abl_no_ca,Without channel attention,figshare/0385.png,fs_113435,1,True,0.03578016493055555,0.9214264154434204,0.5330837368965149,6.936865975148976e-05,True,True,False
abl_no_ca,Without channel attention,figshare/0386.png,fs_113435,1,True,0.03671603732638889,0.9230713844299316,0.5326454043388367,2.7699443307938054e-05,True,True,False
abl_no_ca,Without channel attention,figshare/0387.png,fs_113435,1,True,0.035407172309027776,0.9254236221313477,0.5201977491378784,0.00014760425256099552,True,True,False
abl_no_ca,Without channel attention,figshare/0388.png,fs_113435,1,True,0.032294379340277776,0.9007222652435303,0.48319175839424133,0.00016924476949498057,True,True,False
abl_no_ca,Without channel attention,figshare/0389.png,fs_113435,1,True,0.02716064453125,0.8834712505340576,0.42522233724594116,0.0004477520997170359,True,True,False
abl_no_ca,Without channel attention,figshare/0390.png,fs_113554,1,True,0.004957411024305556,0.5852365493774414,0.1276041567325592,0.013547627255320549,True,True,True
abl_no_ca,Without channel attention,figshare/0391.png,fs_113554,1,True,0.01031494140625,0.8277801871299744,0.235650435090065,0.0038543466944247484,True,True,True
abl_no_ca,Without channel attention,figshare/0392.png,fs_113554,1,True,0.005445692274305556,0.6789282560348511,0.13849806785583496,0.00730533804744482,True,True,True
abl_no_ca,Without channel attention,figshare/0438.png,fs_99308,1,True,0.027628580729166668,0.9525253772735596,0.4699251651763916,0.0006024175672791898,True,True,False
abl_no_ca,Without channel attention,figshare/0439.png,fs_99308,1,True,0.03233506944444445,0.9340441823005676,0.47941431403160095,0.00022756819089408964,True,True,False
abl_no_ca,Without channel attention,figshare/0440.png,fs_99308,1,True,0.0345458984375,0.9650753736495972,0.5067132115364075,3.9523388295492623e-07,True,True,False
abl_no_ca,Without channel attention,figshare/0441.png,fs_99308,1,True,0.02667236328125,0.9214198589324951,0.446823388338089,0.00013786590716335922,True,True,False
abl_no_ca,Without channel attention,figshare/0442.png,fs_100360,1,True,0.022006564670138888,0.8359616994857788,0.34692689776420593,0.00044137099757790565,True,True,False
abl_no_ca,Without channel attention,figshare/0443.png,fs_100360,1,True,0.03608534071180555,0.9692005515098572,0.4426652193069458,0.001505768159404397,True,True,False
abl_no_ca,Without channel attention,figshare/0444.png,fs_100360,1,True,0.03347439236111111,0.9083640575408936,0.49164459109306335,0.0002856088394764811,True,True,False
abl_no_ca,Without channel attention,figshare/0445.png,fs_100360,1,True,0.03360324435763889,0.9263149499893188,0.4938167631626129,0.00037782936124131083,True,True,False
abl_no_ca,Without channel attention,figshare/0446.png,fs_100360,1,True,0.021023220486111112,0.7549530863761902,0.39092302322387695,0.0004377435252536088,True,True,False
abl_no_ca,Without channel attention,figshare/0447.png,fs_100360,1,True,0.019137912326388888,0.935239315032959,0.3683549463748932,0.001228449516929686,True,True,False
abl_no_ca,Without channel attention,figshare/0450.png,fs_100639,1,True,0.006137424045138889,0.868129312992096,0.1785866767168045,0.004546144045889378,True,True,True
abl_no_ca,Without channel attention,figshare/0451.png,fs_100639,1,True,0.007548014322916667,0.9112033247947693,0.20675189793109894,0.0066306013613939285,True,True,True
abl_no_ca,Without channel attention,figshare/0452.png,fs_100920,1,True,0.010287814670138888,0.8616429567337036,0.25742092728614807,0.002388622844591737,True,True,True
abl_no_ca,Without channel attention,figshare/0453.png,fs_100920,1,True,0.014051649305555556,0.8796971440315247,0.340646356344223,0.002564835362136364,True,True,False
abl_no_ca,Without channel attention,figshare/0454.png,fs_100920,1,True,0.013041178385416666,0.8982070088386536,0.3555627763271332,0.004317939281463623,True,True,True
abl_no_ca,Without channel attention,figshare/0476.png,fs_102446,1,True,0.003350151909722222,0.6580899953842163,0.104718416929245,0.006151436362415552,True,True,True
abl_no_ca,Without channel attention,figshare/0477.png,fs_102446,1,True,0.0024617513020833335,0.492978036403656,0.08194340020418167,0.06764107942581177,True,True,True
abl_no_ca,Without channel attention,figshare/0510.png,fs_104281,1,True,0.021931966145833332,0.9129806756973267,0.3535020053386688,0.0005486392765305936,True,True,False
abl_no_ca,Without channel attention,figshare/0511.png,fs_104281,1,True,0.028469509548611112,0.9628281593322754,0.4464194178581238,0.0005325390957295895,True,True,False
abl_no_ca,Without channel attention,figshare/0512.png,fs_104281,1,True,0.029656304253472224,0.9360986351966858,0.46893495321273804,0.0001064577663782984,True,True,False
abl_no_ca,Without channel attention,figshare/0513.png,fs_104281,1,True,0.022772894965277776,0.9201253652572632,0.39151549339294434,0.001054082764312625,True,True,False
abl_no_ca,Without channel attention,figshare/0517.png,fs_105374,1,True,0.00457763671875,0.7800884246826172,0.1206325814127922,0.004352806601673365,True,True,True
abl_no_ca,Without channel attention,figshare/0551.png,fs_107248,1,True,0.011338975694444444,0.826101541519165,0.3305376470088959,0.0015134079148992896,True,True,False
abl_no_ca,Without channel attention,figshare/0552.png,fs_107248,1,True,0.014655219184027778,0.7846512794494629,0.40101054310798645,0.00014842224481981248,True,True,False
abl_no_ca,Without channel attention,figshare/0553.png,fs_107248,1,True,0.015292697482638888,0.9098268151283264,0.4197339415550232,0.0033323492389172316,True,True,False
abl_no_ca,Without channel attention,figshare/0554.png,fs_107248,1,True,0.008551703559027778,0.8648721575737,0.2712049186229706,0.006469350773841143,True,True,True
abl_no_ca,Without channel attention,figshare/0555.png,fs_107248,1,True,0.007914225260416666,0.8248896598815918,0.2491779923439026,0.0032088125590234995,True,True,True
abl_no_ca,Without channel attention,figshare/0560.png,fs_107946,1,True,0.027635362413194444,0.9057139754295349,0.24619673192501068,0.008999195881187916,True,True,False
abl_no_ca,Without channel attention,figshare/0561.png,fs_107946,1,True,0.03995090060763889,0.9614335894584656,0.4406696557998657,0.0037920570466667414,True,True,False
abl_no_ca,Without channel attention,figshare/0562.png,fs_107946,1,True,0.030266655815972224,0.7923198938369751,0.4395241439342499,0.00018252221343573183,True,True,False
abl_no_ca,Without channel attention,figshare/0563.png,fs_107946,1,True,0.021253797743055556,0.8891110420227051,0.3666987419128418,0.011199312284588814,True,True,False
abl_no_ca,Without channel attention,figshare/0579.png,fs_109411,1,True,0.001858181423611111,0.7221367359161377,0.04130226746201515,0.002762209391221404,True,True,True
abl_no_ca,Without channel attention,figshare/0580.png,fs_109968,1,True,0.0128173828125,0.908022403717041,0.2970271408557892,0.002886223141103983,True,True,True
abl_no_ca,Without channel attention,figshare/0581.png,fs_109968,1,True,0.019239637586805556,0.8676591515541077,0.3932088315486908,0.000890213530510664,True,True,False
abl_no_ca,Without channel attention,figshare/0582.png,fs_109968,1,True,0.021511501736111112,0.9301860332489014,0.4037700593471527,0.001043452532030642,True,True,False
abl_no_ca,Without channel attention,figshare/0583.png,fs_109968,1,True,0.017781575520833332,0.9027336239814758,0.403908371925354,0.00208641542121768,True,True,False
abl_no_ca,Without channel attention,figshare/0593.png,fs_111532,1,True,0.015733506944444444,0.8813065886497498,0.34308919310569763,0.0013838475570082664,True,True,True
abl_no_ca,Without channel attention,figshare/0594.png,fs_111532,1,True,0.019768608940972224,0.8886529207229614,0.40575531125068665,0.0012204465456306934,True,True,False
abl_no_ca,Without channel attention,figshare/0595.png,fs_111532,1,True,0.018961588541666668,0.8946380615234375,0.4010692536830902,0.0008029003511182964,True,True,False
abl_no_ca,Without channel attention,figshare/0597.png,fs_111710,1,False,0.0032958984375,0.5681198239326477,0.09737630188465118,0.16221857070922852,True,True,True
abl_no_ca,Without channel attention,figshare/0598.png,fs_111710,1,True,0.002495659722222222,0.6113619208335876,0.08198338001966476,0.0034547976683825254,True,True,True
abl_no_ca,Without channel attention,figshare/0625.png,fs_113435,1,True,0.030856662326388888,0.9511237144470215,0.4745602607727051,0.00013095322356093675,True,True,False
abl_no_ca,Without channel attention,figshare/0626.png,fs_113435,1,True,0.04853651258680555,0.9646397233009338,0.6259880065917969,0.0,True,True,False
abl_no_ca,Without channel attention,figshare/0627.png,fs_113435,1,True,0.057305230034722224,0.9841940999031067,0.6615464091300964,2.838024499851599e-07,True,True,False
abl_no_ca,Without channel attention,figshare/0628.png,fs_113435,1,True,0.05818006727430555,0.9771391749382019,0.6776952743530273,0.0,True,True,False
abl_no_ca,Without channel attention,figshare/0629.png,fs_113435,1,True,0.049309624565972224,0.9670454859733582,0.5992848873138428,0.0030765465926378965,True,True,False
abl_no_ca,Without channel attention,figshare/0630.png,fs_113435,1,True,0.022596571180555556,0.8334363102912903,0.4180697500705719,0.00010224700235994533,True,True,False
abl_no_ca,Without channel attention,figshare/0631.png,fs_113554,1,True,0.006985134548611111,0.8364512920379639,0.2019544094800949,0.015245811082422733,True,True,True
abl_no_ca,Without channel attention,figshare/0632.png,fs_113554,1,True,0.010111490885416666,0.856081485748291,0.28103867173194885,0.004761779215186834,True,True,True
abl_no_ca,Without channel attention,figshare/0633.png,fs_113554,1,True,0.008707682291666666,0.7840917706489563,0.2514447271823883,0.0037696820218116045,True,True,True
abl_no_ca,Without channel attention,figshare/0634.png,fs_113554,1,True,0.00543212890625,0.744280219078064,0.1796495020389557,0.008182544261217117,True,True,True
abl_no_ca,Without channel attention,figshare/0659.png,fs_97374,1,True,0.027398003472222224,0.8766615986824036,0.47600120306015015,2.888283779611811e-05,True,True,False
abl_no_ca,Without channel attention,figshare/0660.png,fs_97374,1,True,0.037434895833333336,0.9773885607719421,0.5709152817726135,0.0007040954078547657,True,True,False
abl_no_ca,Without channel attention,figshare/0661.png,fs_97374,1,True,0.03757052951388889,0.9835284352302551,0.5594584941864014,0.0007287113112397492,True,True,False
abl_no_ca,Without channel attention,figshare/0662.png,fs_97374,1,True,0.029574924045138888,0.9811992049217224,0.4932934045791626,0.0006733393529430032,True,True,False
abl_no_ca,Without channel attention,figshare/0663.png,fs_97374,1,True,0.022542317708333332,0.9606230854988098,0.4170931577682495,0.0015261478256434202,True,True,False
abl_no_ca,Without channel attention,figshare/0697.png,fs_99308,1,True,0.026265462239583332,0.9215866327285767,0.49034520983695984,0.00034148688428103924,True,True,False
abl_no_ca,Without channel attention,figshare/0698.png,fs_99308,1,True,0.03407118055555555,0.9619197249412537,0.5545526742935181,0.00035847380058839917,True,True,False
abl_no_ca,Without channel attention,figshare/0699.png,fs_99308,1,True,0.03282335069444445,0.9610670804977417,0.5251299738883972,0.0004411563859321177,True,True,False
abl_no_ca,Without channel attention,figshare/0700.png,fs_99308,1,True,0.022515190972222224,0.9207417368888855,0.4347285330295563,0.0013057503383606672,True,True,False
abl_no_ca,Without channel attention,figshare/0701.png,fs_99308,1,True,0.018588595920138888,0.9416061639785767,0.33091461658477783,0.0021475818939507008,True,True,False
abl_no_ca,Without channel attention,figshare/0702.png,fs_99308,1,True,0.012525770399305556,0.8768460750579834,0.21588891744613647,0.0019860088359564543,True,True,False
abl_no_ca,Without channel attention,figshare/0712.png,fs_106062,2,True,0.010267469618055556,0.788917601108551,0.320413738489151,0.7695367336273193,False,True,True
abl_no_ca,Without channel attention,figshare/0713.png,fs_106062,2,True,0.011298285590277778,0.8622121810913086,0.34824106097221375,0.36074694991111755,True,True,True
abl_no_ca,Without channel attention,figshare/0714.png,fs_106062,2,True,0.010362413194444444,0.8483427166938782,0.3393271565437317,0.479643315076828,True,True,True
abl_no_ca,Without channel attention,figshare/0792.png,fs_88670,0,True,0.02685546875,0.7447178959846497,0.3546162545681,0.47784754633903503,True,True,True
abl_no_ca,Without channel attention,figshare/0793.png,fs_88670,0,True,0.0675930447048611,0.964927077293396,0.5514451265335083,0.5067371129989624,True,True,True
abl_no_ca,Without channel attention,figshare/0794.png,fs_88670,0,True,0.050421820746527776,0.8719373345375061,0.509777843952179,0.5053508877754211,True,True,True
abl_no_ca,Without channel attention,figshare/0795.png,fs_88670,0,True,0.05795627170138889,0.9666484594345093,0.5783835649490356,0.35902246832847595,True,True,True
abl_no_ca,Without channel attention,figshare/0796.png,fs_88670,0,True,0.05876329210069445,0.9724755883216858,0.5611147284507751,0.46815869212150574,True,True,True
abl_no_ca,Without channel attention,figshare/0797.png,fs_88670,0,True,0.04355197482638889,0.9189226031303406,0.5091370940208435,0.4021439254283905,True,True,True
abl_no_ca,Without channel attention,figshare/0798.png,fs_88670,0,True,0.017123752170138888,0.7552958726882935,0.32572901248931885,0.37605714797973633,True,True,True
abl_no_ca,Without channel attention,figshare/0857.png,fs_108479,0,True,0.019538031684027776,0.3860927224159241,0.19617260992527008,0.05225130170583725,False,True,True
abl_no_ca,Without channel attention,figshare/0858.png,fs_108479,0,True,0.024332682291666668,0.5960785150527954,0.2952314019203186,0.048219721764326096,True,False,True
abl_no_ca,Without channel attention,figshare/0865.png,fs_88670,0,True,0.025275336371527776,0.876011848449707,0.20288348197937012,0.3981883227825165,True,True,True
abl_no_ca,Without channel attention,figshare/0866.png,fs_88670,0,True,0.05007595486111111,0.9843935370445251,0.4932807683944702,0.6583908200263977,True,True,True
abl_no_ca,Without channel attention,figshare/0867.png,fs_88670,0,True,0.05314805772569445,0.9010342359542847,0.5442947149276733,0.5514596700668335,True,True,True
abl_no_ca,Without channel attention,figshare/0868.png,fs_88670,0,True,0.06824408637152778,0.9804775714874268,0.5591648817062378,0.6308541297912598,True,True,True
abl_no_ca,Without channel attention,figshare/0869.png,fs_88670,0,True,0.0754055447048611,0.9930301904678345,0.6306426525115967,0.7235559225082397,True,True,True
abl_no_ca,Without channel attention,figshare/0912.png,fs_98889,0,True,0.004686143663194444,0.001362863346002996,0.00010516180918784812,0.01535041444003582,False,False,False
abl_no_ca,Without channel attention,figshare/0913.png,fs_98889,0,True,0.01812744140625,0.912737250328064,0.23616166412830353,0.3694096505641937,True,True,True
abl_no_ca,Without channel attention,figshare/0914.png,fs_98889,0,True,0.01739501953125,0.9266587495803833,0.30861935019493103,0.41058436036109924,True,True,True
abl_no_ca,Without channel attention,figshare/0915.png,fs_98889,0,True,0.032185872395833336,0.9440203905105591,0.4295441508293152,0.5347990989685059,True,True,True
abl_no_ca,Without channel attention,figshare/0916.png,fs_98889,0,True,0.03286404079861111,0.8958500623703003,0.5060365796089172,0.294877290725708,True,True,True
abl_no_ca,Without channel attention,figshare/0917.png,fs_98889,0,True,0.037272135416666664,0.9082207083702087,0.46306970715522766,0.2557506263256073,True,True,True
abl_no_ca,Without channel attention,figshare/0922.png,fs_106062,2,True,0.013054741753472222,0.9143431782722473,0.38655874133110046,0.3392764925956726,True,True,True
abl_no_ca,Without channel attention,figshare/0923.png,fs_106062,2,False,0.014207628038194444,0.9341945648193359,0.4170408546924591,2.7443224098533392e-05,True,True,False
abl_no_ca,Without channel attention,figshare/0924.png,fs_106062,2,True,0.013739691840277778,0.8934414386749268,0.4037548303604126,0.43590790033340454,True,True,True
abl_no_ca,Without channel attention,figshare/0925.png,fs_106062,2,True,0.009847005208333334,0.8638039827346802,0.3311651051044464,0.2233150452375412,True,True,True
abl_no_ca,Without channel attention,figshare/0958.png,fs_109471,2,True,0.006890190972222222,0.7250795960426331,0.1834639310836792,0.10256659239530563,True,True,True
abl_no_ca,Without channel attention,figshare/0959.png,fs_109471,2,True,0.006449381510416667,0.8010037541389465,0.1833006739616394,0.09658928960561752,True,True,True
abl_no_ca,Without channel attention,figshare/0960.png,fs_109471,2,True,0.007907443576388888,0.8516217470169067,0.21510742604732513,0.5625866055488586,True,True,True
abl_no_ca,Without channel attention,figshare/0961.png,fs_109471,2,True,0.007982042100694444,0.792794406414032,0.20171424746513367,0.08031442016363144,True,True,True
abl_no_ca,Without channel attention,figshare/0962.png,fs_109769,2,True,0.005594889322916667,0.7319098711013794,0.20389984548091888,0.40405967831611633,True,True,True
abl_no_ca,Without channel attention,figshare/0963.png,fs_109769,2,True,0.005866156684027778,0.65244460105896,0.20668092370033264,0.34654501080513,False,True,True
abl_no_ca,Without channel attention,figshare/0964.png,fs_109769,2,True,0.00677490234375,0.7869500517845154,0.2371952086687088,0.3655325770378113,True,True,True
abl_no_ca,Without channel attention,figshare/0965.png,fs_109769,2,True,0.002414279513888889,0.5081951022148132,0.09844227880239487,0.19650053977966309,True,True,True
abl_no_ca,Without channel attention,figshare/0966.png,fs_109898,2,True,0.007093641493055556,0.7239537835121155,0.22072197496891022,0.05087273567914963,True,True,True
abl_no_ca,Without channel attention,figshare/0967.png,fs_109898,2,True,0.007514105902777778,0.8150405883789062,0.22423642873764038,0.04555594548583031,True,True,True
abl_no_ca,Without channel attention,figshare/0968.png,fs_109898,2,True,0.012200249565972222,0.8768733143806458,0.31862202286720276,0.06541027873754501,True,True,True
abl_no_ca,Without channel attention,figshare/0969.png,fs_109898,2,True,0.0098876953125,0.8314735889434814,0.26107409596443176,0.059990186244249344,True,True,True
abl_no_ca,Without channel attention,figshare/0970.png,fs_109898,2,True,0.005289713541666667,0.6973360776901245,0.15919280052185059,0.04241955652832985,True,True,True
abl_no_ca,Without channel attention,figshare/0971.png,fs_109898,2,True,0.0032212999131944445,0.7168192863464355,0.11301282048225403,0.018390163779258728,True,True,True
abl_no_ca,Without channel attention,figshare/0976.png,fs_110993,2,True,0.008124457465277778,0.8703169226646423,0.20923374593257904,0.10274805873632431,True,True,True
abl_no_ca,Without channel attention,figshare/0977.png,fs_110993,2,True,0.005533854166666667,0.6223072409629822,0.15769650042057037,0.17672382295131683,True,True,True
abl_no_ca,Without channel attention,figshare/0978.png,fs_110993,2,True,0.005018446180555556,0.5761390924453735,0.15111786127090454,0.34170010685920715,True,True,True
abl_no_ca,Without channel attention,figshare/0979.png,fs_110993,2,True,0.008673773871527778,0.8186386227607727,0.2449914664030075,0.5786975622177124,True,True,True
abl_no_ca,Without channel attention,figshare/0994.png,fs_112074,2,False,0.009894476996527778,0.8666305541992188,0.21487976610660553,0.002012135460972786,True,True,True
abl_no_ca,Without channel attention,figshare/0995.png,fs_112074,2,False,0.013014051649305556,0.8426735997200012,0.26581141352653503,0.0013072144938632846,True,True,False
abl_no_ca,Without channel attention,figshare/0996.png,fs_112074,2,False,0.010002983940972222,0.8643475770950317,0.21396218240261078,0.000731052306946367,True,True,False
abl_no_ca,Without channel attention,figshare/0997.png,fs_112074,2,False,0.006137424045138889,0.7546509504318237,0.145635724067688,0.0024062718730419874,True,True,True
abl_no_ca,Without channel attention,figshare/1035.png,fs_106062,2,True,0.013814290364583334,0.8735500574111938,0.3694370687007904,0.12134218215942383,True,True,True
abl_no_ca,Without channel attention,figshare/1036.png,fs_106062,2,True,0.020128038194444444,0.9298178553581238,0.4592328369617462,0.1258614957332611,True,True,True
abl_no_ca,Without channel attention,figshare/1037.png,fs_106062,2,True,0.021884494357638888,0.9119536280632019,0.46390751004219055,0.13605229556560516,True,True,True
abl_no_ca,Without channel attention,figshare/1038.png,fs_106062,2,True,0.020589192708333332,0.8789825439453125,0.45155298709869385,0.149642676115036,True,True,True
abl_no_ca,Without channel attention,figshare/1039.png,fs_106062,2,True,0.017720540364583332,0.9332288503646851,0.46512073278427124,0.14437884092330933,True,True,True
abl_no_ca,Without channel attention,figshare/1040.png,fs_106062,2,True,0.015923394097222224,0.9365813136100769,0.4138649106025696,0.151655375957489,True,True,True
abl_no_ca,Without channel attention,figshare/1041.png,fs_106062,2,True,0.006605360243055556,0.8506714701652527,0.26000964641571045,0.06699331104755402,True,True,True
abl_no_ca,Without channel attention,figshare/1077.png,fs_109471,2,True,0.005147298177083333,0.7720154523849487,0.17251938581466675,0.19448235630989075,True,True,True
abl_no_ca,Without channel attention,figshare/1078.png,fs_109471,2,True,0.015157063802083334,0.8706027865409851,0.324185848236084,0.23032571375370026,True,True,True
abl_no_ca,Without channel attention,figshare/1079.png,fs_109471,2,True,0.016079372829861112,0.8097228407859802,0.36120086908340454,0.49762117862701416,True,True,True
abl_no_ca,Without channel attention,figshare/1080.png,fs_109471,2,True,0.0181884765625,0.8347466588020325,0.39963245391845703,0.5694724917411804,True,True,True
abl_no_ca,Without channel attention,figshare/1081.png,fs_109471,2,True,0.01849365234375,0.9368972182273865,0.4176854193210602,0.62867271900177,True,True,True
abl_no_ca,Without channel attention,figshare/1082.png,fs_109471,2,True,0.0038655598958333335,0.24277827143669128,0.0933961272239685,0.05126439407467842,False,False,False
abl_no_ca,Without channel attention,figshare/1083.png,fs_109769,2,True,0.007636176215277778,0.8139379620552063,0.2934153974056244,0.5348666906356812,True,True,True
abl_no_ca,Without channel attention,figshare/1084.png,fs_109769,2,True,0.005133734809027778,0.6421257257461548,0.21378383040428162,0.3504471480846405,True,True,True
abl_no_ca,Without channel attention,figshare/1085.png,fs_109769,2,True,0.00714111328125,0.47703585028648376,0.21787945926189423,0.24902375042438507,False,True,True
abl_no_ca,Without channel attention,figshare/1086.png,fs_109769,2,True,0.0037434895833333335,0.1896885633468628,0.10320708900690079,0.018181761726737022,False,False,False
abl_no_ca,Without channel attention,figshare/1087.png,fs_109769,2,True,0.0174560546875,0.8642006516456604,0.3223036825656891,0.3569241166114807,True,True,True
abl_no_ca,Without channel attention,figshare/1088.png,fs_109898,2,True,0.014682345920138888,0.9111732840538025,0.3296660780906677,0.04897136986255646,True,True,True
abl_no_ca,Without channel attention,figshare/1089.png,fs_109898,2,True,0.015814887152777776,0.9169392585754395,0.3982802927494049,0.07689487189054489,True,True,True
abl_no_ca,Without channel attention,figshare/1090.png,fs_109898,2,True,0.016642252604166668,0.9025372266769409,0.4184306263923645,0.10265055298805237,True,True,True
abl_no_ca,Without channel attention,figshare/1091.png,fs_109898,2,False,0.016628689236111112,0.9056695103645325,0.4308403432369232,1.9823166439891793e-05,True,True,False
abl_no_ca,Without channel attention,figshare/1092.png,fs_109898,2,False,0.010782877604166666,0.8507162928581238,0.3431343138217926,0.09587454050779343,True,True,True
abl_no_ca,Without channel attention,figshare/1093.png,fs_109898,2,True,0.007819281684027778,0.852184534072876,0.2770521342754364,0.046540550887584686,True,True,True
abl_no_ca,Without channel attention,figshare/1107.png,fs_110993,2,True,0.006429036458333333,0.7493377923965454,0.2693597674369812,0.4559359848499298,True,True,True
abl_no_ca,Without channel attention,figshare/1108.png,fs_110993,2,True,0.005947536892361111,0.6721359491348267,0.22559486329555511,0.41056159138679504,True,True,True
abl_no_ca,Without channel attention,figshare/1109.png,fs_110993,2,True,0.006585015190972222,0.5586469769477844,0.25169652700424194,0.3871070444583893,True,True,True
abl_no_ca,Without channel attention,figshare/1110.png,fs_110993,2,True,0.007676866319444444,0.6331839561462402,0.26188331842422485,0.48672711849212646,True,True,True
abl_no_ca,Without channel attention,figshare/1111.png,fs_110993,2,True,0.008375379774305556,0.8692238330841064,0.3441011905670166,0.3039565682411194,True,True,True
abl_no_ca,Without channel attention,figshare/1129.png,fs_112074,2,True,0.008768717447916666,0.8792517185211182,0.19996386766433716,0.0771101638674736,True,True,True
abl_no_ca,Without channel attention,figshare/1130.png,fs_112074,2,True,0.013543023003472222,0.9030547738075256,0.29587322473526,0.12599685788154602,True,True,True
abl_no_ca,Without channel attention,figshare/1131.png,fs_112074,2,True,0.015252007378472222,0.8999700546264648,0.32954517006874084,0.1469304859638214,True,True,True
abl_no_ca,Without channel attention,figshare/1132.png,fs_112074,2,True,0.011115180121527778,0.8403212428092957,0.2697969377040863,0.20368722081184387,True,True,True
abl_no_ca,Without channel attention,figshare/1133.png,fs_112074,2,True,0.009555392795138888,0.8279842734336853,0.23507101833820343,0.06911623477935791,True,True,True
abl_no_ca,Without channel attention,figshare/1169.png,fs_106062,2,True,0.013929578993055556,0.8915437459945679,0.5325877070426941,0.16206108033657074,True,True,True
abl_no_ca,Without channel attention,figshare/1170.png,fs_106062,2,True,0.016513400607638888,0.8875890970230103,0.5374966263771057,0.1491943597793579,True,True,True
abl_no_ca,Without channel attention,figshare/1171.png,fs_106062,2,True,0.019741482204861112,0.9090455174446106,0.5679006576538086,0.14323024451732635,True,True,True
abl_no_ca,Without channel attention,figshare/1172.png,fs_106062,2,True,0.019585503472222224,0.9080634713172913,0.5845844745635986,0.12859393656253815,True,True,True
abl_no_ca,Without channel attention,figshare/1173.png,fs_106062,2,True,0.01873779296875,0.9137993454933167,0.5722305178642273,0.23053808510303497,True,True,True
abl_no_ca,Without channel attention,figshare/1174.png,fs_106062,2,True,0.01654052734375,0.8930990099906921,0.5344451069831848,0.15175861120224,True,True,True
abl_no_ca,Without channel attention,figshare/1175.png,fs_106062,2,True,0.008755154079861112,0.7409500479698181,0.38182151317596436,0.09828177839517593,True,True,True
abl_no_ca,Without channel attention,figshare/1208.png,fs_109471,2,True,0.005093044704861111,0.5073486566543579,0.19613872468471527,0.07205214351415634,False,True,False
abl_no_ca,Without channel attention,figshare/1209.png,fs_109471,2,True,0.013637966579861112,0.8957423567771912,0.45182791352272034,0.49285054206848145,True,True,True
abl_no_ca,Without channel attention,figshare/1210.png,fs_109471,2,True,0.014112684461805556,0.8379022479057312,0.44112440943717957,0.6391441226005554,True,True,True
abl_no_ca,Without channel attention,figshare/1211.png,fs_109471,2,True,0.014309353298611112,0.8620320558547974,0.4485357701778412,0.6930976510047913,True,True,True
abl_no_ca,Without channel attention,figshare/1212.png,fs_109471,2,True,0.013203938802083334,0.8821771740913391,0.4267217516899109,0.3554089665412903,True,True,True
abl_no_ca,Without channel attention,figshare/1213.png,fs_109471,2,True,0.011603461371527778,0.9222651124000549,0.38348209857940674,0.39121365547180176,True,True,True
abl_no_ca,Without channel attention,figshare/1214.png,fs_109769,2,True,0.004530164930555556,0.7560485601425171,0.2999100983142853,0.09211080521345139,True,True,True
abl_no_ca,Without channel attention,figshare/1215.png,fs_109769,2,True,0.0035875108506944445,0.5916069149971008,0.23415853083133698,0.08484829217195511,True,True,True
abl_no_ca,Without channel attention,figshare/1216.png,fs_109769,2,True,0.005527072482638889,0.7596503496170044,0.3532797396183014,0.3000639081001282,True,True,True
abl_no_ca,Without channel attention,figshare/1217.png,fs_109769,2,True,0.004726833767361111,0.6949626803398132,0.3159695267677307,0.2167872041463852,False,True,True
abl_no_ca,Without channel attention,figshare/1218.png,fs_109769,2,True,0.002834743923611111,0.46514633297920227,0.18362845480442047,0.07046939432621002,True,True,True
abl_no_ca,Without channel attention,figshare/1219.png,fs_109898,2,True,0.006964789496527778,0.731709361076355,0.29307013750076294,0.1143086850643158,True,True,True
abl_no_ca,Without channel attention,figshare/1220.png,fs_109898,2,True,0.007737901475694444,0.505483090877533,0.21673272550106049,0.12060476839542389,True,True,True
abl_no_ca,Without channel attention,figshare/1221.png,fs_109898,2,True,0.0107421875,0.8462718725204468,0.4001065194606781,0.13836383819580078,True,True,True
abl_no_ca,Without channel attention,figshare/1230.png,fs_110993,2,True,0.011264377170138888,0.9056610465049744,0.2910141050815582,0.29679378867149353,True,True,True
abl_no_ca,Without channel attention,figshare/1231.png,fs_110993,2,True,0.0034383138020833335,0.7370381951332092,0.20335254073143005,0.3611830770969391,True,True,True
abl_no_ca,Without channel attention,figshare/1232.png,fs_110993,2,True,0.002936469184027778,0.5199346542358398,0.19199307262897491,0.1662534475326538,True,True,True
abl_no_ca,Without channel attention,figshare/1246.png,fs_112074,2,False,0.006184895833333333,0.7231759428977966,0.22451549768447876,0.00034537454484961927,True,True,False
abl_no_ca,Without channel attention,figshare/1247.png,fs_112074,2,False,0.010423448350694444,0.8685404658317566,0.3460475206375122,5.5363303545163944e-05,True,True,False
abl_no_ca,Without channel attention,figshare/1248.png,fs_112074,2,False,0.011956108940972222,0.8782633543014526,0.39863044023513794,7.716844265814871e-07,True,True,False
abl_no_ca,Without channel attention,figshare/1249.png,fs_112074,2,False,0.010898166232638888,0.836417555809021,0.35351189970970154,0.0010343837784603238,True,True,False
abl_no_ca,Without channel attention,figshare/1250.png,fs_112074,2,False,0.0079345703125,0.8212385773658752,0.2796799838542938,0.0012086391216143966,True,True,False
abl_no_ca,Without channel attention,figshare/1301.png,fs_103046,2,True,0.0036756727430555555,0.5209607481956482,0.14010976254940033,0.341276615858078,True,True,True
abl_no_ca,Without channel attention,figshare/1302.png,fs_103046,2,True,0.0036824544270833335,0.5261808633804321,0.14478512108325958,0.14656968414783478,True,True,True
abl_no_ca,Without channel attention,figshare/1303.png,fs_103046,2,True,0.004340277777777778,0.6034008264541626,0.16831348836421967,0.2871011793613434,True,True,True
abl_no_ca,Without channel attention,figshare/1330.png,fs_103731,2,True,0.004191080729166667,0.5452615022659302,0.12946771085262299,0.09097173064947128,False,True,True
abl_no_ca,Without channel attention,figshare/1331.png,fs_103731,2,True,0.003729926215277778,0.4672337472438812,0.11126473546028137,0.05559161305427551,True,True,True
abl_no_ca,Without channel attention,figshare/1332.png,fs_103731,2,True,0.004482693142361111,0.5178767442703247,0.13406886160373688,0.06110428273677826,False,True,True
abl_no_ca,Without channel attention,figshare/1333.png,fs_103731,2,True,0.006252712673611111,0.7827188968658447,0.19768236577510834,0.10979126393795013,True,True,True
abl_no_ca,Without channel attention,figshare/1334.png,fs_103731,2,True,0.006585015190972222,0.7360061407089233,0.19131501019001007,0.09526852518320084,True,True,True
abl_no_ca,Without channel attention,figshare/1335.png,fs_103731,2,True,0.008409288194444444,0.8678842782974243,0.24222886562347412,0.16941018402576447,True,True,True
abl_no_ca,Without channel attention,figshare/1336.png,fs_103731,2,True,0.008463541666666666,0.8360949158668518,0.23985356092453003,0.06563567370176315,True,True,True
abl_no_ca,Without channel attention,figshare/1337.png,fs_103731,2,True,0.007086859809027778,0.7900674343109131,0.213009774684906,2.0035324723721715e-06,True,True,False
abl_no_ca,Without channel attention,figshare/1338.png,fs_103731,2,True,0.005940755208333333,0.2585178315639496,0.1254081130027771,6.131479324267275e-09,False,False,False
abl_no_ca,Without channel attention,figshare/1339.png,fs_103731,2,True,0.005174424913194444,0.501430094242096,0.15235202014446259,3.5412178931437666e-06,True,True,False
abl_no_ca,Without channel attention,figshare/1374.png,fs_105187,2,True,0.00390625,0.4824822247028351,0.11141827702522278,0.0625666156411171,True,True,True
abl_no_ca,Without channel attention,figshare/1375.png,fs_105187,2,True,0.004665798611111111,0.5400897860527039,0.13523784279823303,0.10824444144964218,True,True,True
abl_no_ca,Without channel attention,figshare/1376.png,fs_105187,2,True,0.0030517578125,0.47260698676109314,0.09467670321464539,0.03870198503136635,True,True,True
abl_no_ca,Without channel attention,figshare/1377.png,fs_105187,2,True,0.00201416015625,0.3983590602874756,0.06603112071752548,0.06380094587802887,True,True,True
abl_no_ca,Without channel attention,figshare/1380.png,fs_105538,2,False,0.010450575086805556,0.9304601550102234,0.13764062523841858,0.0031327407341450453,True,True,False
abl_no_ca,Without channel attention,figshare/1381.png,fs_105538,2,False,0.0031873914930555555,0.5477232336997986,0.0861038863658905,0.0003062430187128484,True,True,False
abl_no_ca,Without channel attention,figshare/1382.png,fs_105538,2,False,0.0032484266493055555,0.7732965350151062,0.07886458188295364,0.004232428967952728,True,True,True
abl_no_ca,Without channel attention,figshare/1408.png,fs_97599,2,True,0.0015936957465277778,0.3227016031742096,0.04290948063135147,0.00913519412279129,True,True,True
abl_no_ca,Without channel attention,figshare/1409.png,fs_97599,2,True,0.00274658203125,0.5747594833374023,0.07830815762281418,0.021749412640929222,True,True,True
abl_no_ca,Without channel attention,figshare/1487.png,fs_102669,2,True,0.0017225477430555555,0.24928392469882965,0.05935421213507652,0.07047461718320847,True,False,True
abl_no_ca,Without channel attention,figshare/1488.png,fs_102669,2,True,0.0029703776041666665,0.5514838099479675,0.1022728830575943,0.10595211386680603,True,True,True
abl_no_ca,Without channel attention,figshare/1489.png,fs_103046,2,True,0.002997504340277778,0.45766302943229675,0.12576310336589813,0.1889568269252777,True,True,True
abl_no_ca,Without channel attention,figshare/1490.png,fs_103046,2,True,0.005866156684027778,0.695634126663208,0.251766562461853,0.4182891845703125,True,True,True
abl_no_ca,Without channel attention,figshare/1491.png,fs_103046,2,True,0.0030314127604166665,0.5994990468025208,0.15436838567256927,0.1607304960489273,True,True,True
abl_no_ca,Without channel attention,figshare/1492.png,fs_103046,2,True,0.0027601453993055555,0.46131011843681335,0.13720540702342987,0.16701515018939972,True,True,True
abl_no_ca,Without channel attention,figshare/1521.png,fs_103731,2,True,0.00250244140625,0.2891109883785248,0.07241702824831009,0.0292685367166996,True,True,False
abl_no_ca,Without channel attention,figshare/1522.png,fs_103731,2,True,0.008416069878472222,0.7472373247146606,0.2501105070114136,0.18392343819141388,True,True,True
abl_no_ca,Without channel attention,figshare/1523.png,fs_103731,2,True,0.009304470486111112,0.7280150055885315,0.2560461461544037,0.14518415927886963,True,True,True
abl_no_ca,Without channel attention,figshare/1524.png,fs_103731,2,True,0.013807508680555556,0.8226438164710999,0.33059144020080566,0.02161668986082077,True,True,True
abl_no_ca,Without channel attention,figshare/1525.png,fs_103731,2,True,0.013888888888888888,0.7772319316864014,0.32814639806747437,0.04445021599531174,True,True,False
abl_no_ca,Without channel attention,figshare/1526.png,fs_103731,2,True,0.012593587239583334,0.550783634185791,0.27685636281967163,0.08899687230587006,False,True,False
abl_no_ca,Without channel attention,figshare/1527.png,fs_103731,2,True,0.003323025173611111,0.2961841821670532,0.10698811709880829,0.02361374907195568,False,True,True
abl_no_ca,Without channel attention,figshare/1557.png,fs_105187,2,True,0.0011800130208333333,0.2000570446252823,0.04881862923502922,0.07923875749111176,True,False,False
abl_no_ca,Without channel attention,figshare/1558.png,fs_105187,2,True,0.0020345052083333335,0.43862906098365784,0.10191942751407623,0.2958552837371826,True,True,True
abl_no_ca,Without channel attention,figshare/1559.png,fs_105187,2,True,0.005086263020833333,0.7230574488639832,0.2661159336566925,0.6244606375694275,True,True,True
abl_no_ca,Without channel attention,figshare/1560.png,fs_105187,2,True,0.006598578559027778,0.729780912399292,0.30777373909950256,0.565157413482666,True,True,True
abl_no_ca,Without channel attention,figshare/1561.png,fs_105187,2,True,0.006103515625,0.720639705657959,0.31143879890441895,0.6110529899597168,True,True,True
abl_no_ca,Without channel attention,figshare/1562.png,fs_105187,2,True,0.004503038194444444,0.5451657176017761,0.23201514780521393,0.4251941442489624,True,True,True
abl_no_ca,Without channel attention,figshare/1566.png,fs_105538,2,False,0.002834743923611111,0.6521902084350586,0.08910849690437317,0.004922332242131233,True,True,True
abl_no_ca,Without channel attention,figshare/1567.png,fs_105538,2,False,0.0025227864583333335,0.6918138861656189,0.08562392741441727,0.0013182335533201694,True,True,False
abl_no_ca,Without channel attention,figshare/1594.png,fs_97599,2,True,0.001864963107638889,0.26757392287254333,0.06659512221813202,0.07230374962091446,True,True,False
abl_no_ca,Without channel attention,figshare/1595.png,fs_97599,2,True,0.001254611545138889,0.296828031539917,0.056460388004779816,0.06558442115783691,True,True,True
abl_no_ca,Without channel attention,figshare/1672.png,fs_102669,2,True,0.001430935329861111,0.4730011820793152,0.06263984739780426,0.05767381936311722,True,True,True
abl_no_ca,Without channel attention,figshare/1673.png,fs_103046,2,True,0.004930284288194444,0.7146267294883728,0.2575122117996216,0.18778005242347717,True,True,True
abl_no_ca,Without channel attention,figshare/1674.png,fs_103046,2,True,0.004611545138888889,0.5730729699134827,0.25525176525115967,0.3803481161594391,True,True,True
abl_no_ca,Without channel attention,figshare/1675.png,fs_103046,2,True,0.003716362847222222,0.5646494030952454,0.2222234457731247,0.28761807084083557,True,True,True
abl_no_ca,Without channel attention,figshare/1676.png,fs_103046,2,True,0.0029771592881944445,0.7682079076766968,0.17179925739765167,0.12322103977203369,True,True,True
abl_no_ca,Without channel attention,figshare/1709.png,fs_103731,2,True,0.009507921006944444,0.6890217065811157,0.3161424994468689,0.03885769098997116,True,True,True
abl_no_ca,Without channel attention,figshare/1710.png,fs_103731,2,True,0.014716254340277778,0.8296759724617004,0.46545958518981934,0.0015721034724265337,True,True,False
abl_no_ca,Without channel attention,figshare/1711.png,fs_103731,2,True,0.015143500434027778,0.8610320687294006,0.48791223764419556,0.005945431999862194,True,True,False
abl_no_ca,Without channel attention,figshare/1712.png,fs_103731,2,True,0.013427734375,0.8692928552627563,0.4528806805610657,0.0034315548837184906,True,True,False
abl_no_ca,Without channel attention,figshare/1713.png,fs_103731,2,True,0.006829155815972222,0.8105295896530151,0.2963220179080963,0.3795660138130188,True,True,True
abl_no_ca,Without channel attention,figshare/1748.png,fs_105187,2,True,0.0022379557291666665,0.5231062173843384,0.14329157769680023,0.06359891593456268,True,True,True
abl_no_ca,Without channel attention,figshare/1749.png,fs_105187,2,True,0.0029296875,0.5212482810020447,0.17774522304534912,0.32960596680641174,True,True,True
abl_no_ca,Without channel attention,figshare/1750.png,fs_105187,2,True,0.0037027994791666665,0.6352433562278748,0.22346295416355133,0.2604917883872986,True,True,True
abl_no_ca,Without channel attention,figshare/1751.png,fs_105187,2,True,0.003926595052083333,0.6766301989555359,0.23654519021511078,0.3429833948612213,True,True,True
abl_no_ca,Without channel attention,figshare/1752.png,fs_105187,2,True,0.004014756944444444,0.7232531905174255,0.24355143308639526,0.27946677803993225,True,True,True
abl_no_ca,Without channel attention,figshare/1753.png,fs_105187,2,True,0.0025160047743055555,0.6736555099487305,0.16888964176177979,0.21377484500408173,True,True,True
abl_no_ca,Without channel attention,figshare/1759.png,fs_105538,2,False,0.00347900390625,0.006770642939954996,0.0001368960802210495,0.0034497654996812344,False,False,False
abl_no_ca,Without channel attention,figshare/1760.png,fs_105538,2,False,0.0036824544270833335,0.002303199376910925,0.0003284535196144134,0.0,False,False,False
abl_no_ca,Without channel attention,figshare/1786.png,fs_97599,2,True,0.0017293294270833333,0.52825927734375,0.09355853497982025,0.019895484670996666,True,True,True
abl_no_ca,Without channel attention,figshare/1787.png,fs_97599,2,True,0.0019327799479166667,0.5799292922019958,0.10451680421829224,0.023586366325616837,True,True,True
abl_no_ca,Without channel attention,figshare/1788.png,fs_97599,2,True,0.0018378363715277778,0.5776601433753967,0.10334554314613342,0.03867127001285553,True,True,True
abl_no_ca,Without channel attention,figshare/1914.png,fs_MR049453,0,True,0.012247721354166666,0.004071967210620642,0.00041422760114073753,0.0009812559001147747,False,False,False
abl_no_ca,Without channel attention,figshare/1915.png,fs_MR049453,0,True,0.017964680989583332,0.7890010476112366,0.2551780641078949,0.17396435141563416,True,True,True
abl_no_ca,Without channel attention,figshare/1916.png,fs_MR049453,0,True,0.04623752170138889,0.9933018684387207,0.41826513409614563,0.31384992599487305,True,True,True
abl_no_ca,Without channel attention,figshare/1917.png,fs_MR049453,0,True,0.026136610243055556,0.8250954747200012,0.38583266735076904,0.31377577781677246,True,True,True
abl_no_ca,Without channel attention,figshare/1918.png,fs_MR049453,0,True,0.048821343315972224,0.9619756937026978,0.4583861827850342,0.28804296255111694,True,True,True
abl_no_ca,Without channel attention,figshare/1919.png,fs_MR049453,0,True,0.044135199652777776,0.9806885123252869,0.5072152614593506,0.33098891377449036,True,True,True
abl_no_ca,Without channel attention,figshare/1920.png,fs_MR049453,0,True,0.033745659722222224,0.9445493817329407,0.4276122748851776,0.3196950852870941,True,True,True
abl_no_ca,Without channel attention,figshare/1937.png,fs_MR049453B,0,True,0.060553656684027776,0.9889501929283142,0.45018020272254944,0.22458496689796448,True,True,True
abl_no_ca,Without channel attention,figshare/1938.png,fs_MR049453B,0,True,0.0715603298611111,0.9794553518295288,0.498551607131958,0.239490807056427,True,True,True
abl_no_ca,Without channel attention,figshare/1939.png,fs_MR049453B,0,True,0.037848578559027776,0.8937180638313293,0.42859336733818054,0.3170497417449951,True,True,True
abl_no_ca,Without channel attention,figshare/1940.png,fs_MR049453B,0,True,0.04197862413194445,0.9034423828125,0.43074557185173035,0.2673509120941162,True,True,True
abl_no_ca,Without channel attention,figshare/1941.png,fs_MR049453B,0,True,0.035786946614583336,0.704933226108551,0.4001905620098114,0.17826540768146515,False,True,True
abl_no_ca,Without channel attention,figshare/1942.png,fs_MR049453B,0,True,0.0318603515625,0.7673687934875488,0.36853307485580444,0.17975425720214844,True,True,True
abl_no_ca,Without channel attention,figshare/1943.png,fs_MR049453B,0,True,0.036051432291666664,0.8177594542503357,0.4001052677631378,0.20996935665607452,True,True,True
abl_no_ca,Without channel attention,figshare/1944.png,fs_MR049453B,0,True,0.022291395399305556,0.8841885924339294,0.2687785029411316,0.1890443116426468,True,True,True
abl_no_ca,Without channel attention,figshare/1950.png,fs_MR050135B,0,True,0.00421142578125,0.6457779407501221,0.11117061227560043,0.09394843131303787,True,True,True
abl_no_ca,Without channel attention,figshare/1951.png,fs_MR050135B,0,True,0.010423448350694444,0.7279715538024902,0.22195610404014587,0.2389785647392273,True,True,True
abl_no_ca,Without channel attention,figshare/1952.png,fs_MR050135B,0,True,0.019117567274305556,0.8633139729499817,0.31226876378059387,0.26773685216903687,True,True,True
abl_no_ca,Without channel attention,figshare/1953.png,fs_MR050135B,0,True,0.015862358940972224,0.9500806331634521,0.2729596793651581,0.41353148221969604,True,True,True
abl_no_ca,Without channel attention,figshare/1954.png,fs_MR050135B,0,True,0.006876627604166667,0.7290841341018677,0.1423058807849884,0.18967847526073456,True,True,True
abl_no_ca,Without channel attention,figshare/1955.png,fs_MR050135B,0,True,0.011766221788194444,0.7575274705886841,0.17048664391040802,0.14350512623786926,True,True,True
abl_no_ca,Without channel attention,figshare/1956.png,fs_MR050135B,0,True,0.012986924913194444,0.6811878681182861,0.24001358449459076,0.26873496174812317,True,True,True
abl_no_ca,Without channel attention,figshare/1957.png,fs_MR050135B,0,True,0.015462239583333334,0.7613607048988342,0.2907606363296509,0.2633938491344452,True,True,True
abl_no_ca,Without channel attention,figshare/1958.png,fs_MR050135B,0,True,0.015916612413194444,0.8525112271308899,0.26698994636535645,0.3987117111682892,True,True,True
abl_no_ca,Without channel attention,figshare/1959.png,fs_MR050135B,0,True,0.002997504340277778,0.19187386333942413,0.02771829627454281,0.011355426162481308,False,False,False
abl_no_ca,Without channel attention,figshare/1960.png,fs_MR050135B,0,True,0.018669976128472224,0.6967570781707764,0.14580801129341125,0.11966802924871445,True,True,True
abl_no_ca,Without channel attention,figshare/1961.png,fs_MR050135B,0,True,0.030836317274305556,0.9823048114776611,0.2438199371099472,0.35001909732818604,True,True,True
abl_no_ca,Without channel attention,figshare/1962.png,fs_MR050135B,0,True,0.03141954210069445,0.9869891405105591,0.38314467668533325,0.3715221881866455,True,True,True
abl_no_ca,Without channel attention,figshare/1963.png,fs_MR050135B,0,True,0.026835123697916668,0.9834348559379578,0.3248883783817291,0.35636699199676514,True,True,True
abl_no_ca,Without channel attention,figshare/1974.png,fs_MR050791B,0,True,0.003512912326388889,0.196696475148201,0.008716116659343243,0.055705808103084564,False,False,False
abl_no_ca,Without channel attention,figshare/1975.png,fs_MR050791B,0,False,0.006666395399305556,0.007123833056539297,4.1619881812948734e-05,0.0028598662465810776,False,False,False
abl_no_ca,Without channel attention,figshare/1976.png,fs_MR050791B,0,False,0.011189778645833334,0.0006851900252513587,6.998368189670146e-05,0.005838457029312849,False,False,False
abl_no_ca,Without channel attention,figshare/1977.png,fs_MR050791B,0,False,0.012885199652777778,0.1824396699666977,0.09235598891973495,8.556858119845856e-06,False,False,False
abl_no_ca,Without channel attention,figshare/1978.png,fs_MR050791B,0,True,0.024169921875,0.4917539954185486,0.24972058832645416,0.009543580003082752,False,True,False
abl_no_ca,Without channel attention,figshare/1979.png,fs_MR050791B,0,True,0.020331488715277776,0.7089640498161316,0.31946688890457153,0.2867259681224823,True,True,True
abl_no_ca,Without channel attention,figshare/1980.png,fs_MR050791B,0,True,0.017266167534722224,0.8236371874809265,0.19137366116046906,0.09410803020000458,True,True,True
abl_no_ca,Without channel attention,figshare/1981.png,fs_MR050791B,0,True,0.012037489149305556,0.7217310070991516,0.2349671572446823,0.19051767885684967,True,True,True
abl_no_ca,Without channel attention,figshare/1982.png,fs_MR050791B,0,True,0.024854871961805556,0.278552770614624,0.0023962953127920628,0.0935574546456337,True,True,False
abl_no_ca,Without channel attention,figshare/1983.png,fs_MR050791B,0,True,0.012518988715277778,0.6720348000526428,0.08337374776601791,0.08681522309780121,True,True,False
abl_no_ca,Without channel attention,figshare/2012.png,fs_MR051461B,0,True,0.015184190538194444,0.3163914978504181,0.01833399571478367,0.11040404438972473,False,False,False
abl_no_ca,Without channel attention,figshare/2013.png,fs_MR051461B,0,True,0.011617024739583334,0.5062025189399719,0.0927954837679863,0.11197438091039658,False,True,True
abl_no_ca,Without channel attention,figshare/2014.png,fs_MR051461B,0,True,0.030029296875,0.9200165867805481,0.2491552084684372,0.36678212881088257,True,True,True
abl_no_ca,Without channel attention,figshare/2015.png,fs_MR051461B,0,True,0.021504720052083332,0.8362008929252625,0.29004958271980286,0.3634154200553894,True,True,True
abl_no_ca,Without channel attention,figshare/2016.png,fs_MR051461B,0,True,0.0257568359375,0.8448308706283569,0.3063172996044159,0.3852080702781677,True,True,True
abl_no_ca,Without channel attention,figshare/2087.png,fs_MR053110B,0,True,0.0277099609375,0.011154593899846077,0.008755160495638847,0.014111471362411976,False,False,False
abl_no_ca,Without channel attention,figshare/2088.png,fs_MR053110B,0,True,0.030239529079861112,0.7623847126960754,0.0806816816329956,0.09780669957399368,True,True,True
abl_no_ca,Without channel attention,figshare/2089.png,fs_MR053110B,0,True,0.05325656467013889,0.7807788252830505,0.24765828251838684,0.13858167827129364,False,True,True
abl_no_ca,Without channel attention,figshare/2090.png,fs_MR053110B,0,True,0.05180528428819445,0.9042910933494568,0.3960101902484894,0.15859438478946686,False,True,True
abl_no_ca,Without channel attention,figshare/2091.png,fs_MR053110B,0,True,0.03962537977430555,0.6700908541679382,0.20255984365940094,0.16465364396572113,True,True,True
abl_no_ca,Without channel attention,figshare/2092.png,fs_MR053110B,0,True,0.01458740234375,0.35356074571609497,0.13767850399017334,0.09130609035491943,True,False,False
abl_no_ca,Without channel attention,figshare/2093.png,fs_MR034694,0,True,0.006198459201388889,0.016337357461452484,0.0011653807014226913,0.0012748872395604849,False,False,False
abl_no_ca,Without channel attention,figshare/2094.png,fs_MR034694,0,True,0.017408582899305556,0.7555475831031799,0.24159719049930573,0.26846134662628174,True,True,True
abl_no_ca,Without channel attention,figshare/2095.png,fs_MR034694,0,True,0.027872721354166668,0.9874111413955688,0.3239237666130066,0.32090258598327637,True,True,True
abl_no_ca,Without channel attention,figshare/2096.png,fs_MR034694,0,True,0.017103407118055556,0.7496488690376282,0.27125084400177,0.27785348892211914,False,True,True
abl_no_ca,Without channel attention,figshare/2112.png,fs_MR034997,0,True,0.008009168836805556,0.7156857848167419,0.0918978601694107,0.08350881189107895,True,True,True
abl_no_ca,Without channel attention,figshare/2113.png,fs_MR034997,0,True,0.01776123046875,0.7237614989280701,0.14817991852760315,0.15959542989730835,True,True,True
abl_no_ca,Without channel attention,figshare/2114.png,fs_MR034997,0,True,0.019965277777777776,0.9198344349861145,0.28475743532180786,0.30515503883361816,True,True,True
abl_no_ca,Without channel attention,figshare/2115.png,fs_MR034997,0,True,0.021172417534722224,0.8997650146484375,0.33755993843078613,0.3396369516849518,True,True,True
abl_no_ca,Without channel attention,figshare/2116.png,fs_MR034997,0,True,0.016866048177083332,0.8531895279884338,0.28631147742271423,0.32119885087013245,True,True,True
abl_no_ca,Without channel attention,figshare/2117.png,fs_MR034997,0,True,0.015068901909722222,0.8202490210533142,0.2590659558773041,0.2673225998878479,True,True,True
abl_no_ca,Without channel attention,figshare/2118.png,fs_MR034997,0,True,0.004909939236111111,0.5471395254135132,0.10714292526245117,0.17660105228424072,True,True,True
abl_no_ca,Without channel attention,figshare/2134.png,fs_MR049019G,0,True,0.024915907118055556,0.8880786895751953,0.19561100006103516,0.2263040542602539,True,True,True
abl_no_ca,Without channel attention,figshare/2135.png,fs_MR049019G,0,True,0.04578993055555555,0.9121101498603821,0.16317392885684967,0.1802876740694046,True,True,True
abl_no_ca,Without channel attention,figshare/2136.png,fs_MR049019G,0,True,0.015123155381944444,0.5045291781425476,0.23156479001045227,0.1240452453494072,False,True,True
abl_no_ca,Without channel attention,figshare/2137.png,fs_MR049019G,0,True,0.017652723524305556,0.4383336007595062,0.22201184928417206,0.11822939664125443,True,True,True
abl_no_ca,Without channel attention,figshare/2138.png,fs_MR049019G,0,True,0.027140299479166668,0.6666569709777832,0.3121148347854614,0.21579492092132568,True,True,True
abl_no_ca,Without channel attention,figshare/2139.png,fs_MR049019G,0,True,0.016350640190972224,0.6098611950874329,0.24766963720321655,0.18766850233078003,True,False,False
abl_no_ca,Without channel attention,figshare/2140.png,fs_MR049019G,0,True,0.019490559895833332,0.5451139807701111,0.2564915716648102,0.18991385400295258,True,True,True
abl_no_ca,Without channel attention,figshare/2166.png,fs_MR037458B,0,False,0.011508517795138888,0.01082585845142603,8.658767910674214e-05,0.031727056950330734,False,False,False
abl_no_ca,Without channel attention,figshare/2167.png,fs_MR037458B,0,False,0.014377170138888888,0.05164331570267677,0.00033308149431832135,0.004761677235364914,True,False,False
abl_no_ca,Without channel attention,figshare/2168.png,fs_MR037458B,0,False,0.0027940538194444445,0.7625191807746887,0.056189704686403275,0.005984386429190636,True,True,True
abl_no_ca,Without channel attention,figshare/2169.png,fs_MR037458B,0,False,0.005276150173611111,0.8317436575889587,0.0842854455113411,0.006230137776583433,True,True,False
abl_no_ca,Without channel attention,figshare/2170.png,fs_MR037458B,0,True,0.007154676649305556,0.8604133129119873,0.11532112956047058,0.06709345430135727,True,True,True
abl_no_ca,Without channel attention,figshare/2171.png,fs_MR037458B,0,True,0.019999186197916668,0.7911401987075806,0.18578755855560303,0.38613632321357727,True,True,True
abl_no_ca,Without channel attention,figshare/2172.png,fs_MR037458B,0,True,0.015726725260416668,0.9628344178199768,0.2282041311264038,0.34773096442222595,True,True,True
abl_no_ca,Without channel attention,figshare/2173.png,fs_MR037458B,0,True,0.017137315538194444,0.9505282044410706,0.10826007276773453,0.10715889185667038,True,True,True
abl_no_ca,Without channel attention,figshare/2196.png,fs_MR040240,0,True,0.00738525390625,0.7152661681175232,0.151802659034729,0.0698137879371643,True,True,True
abl_no_ca,Without channel attention,figshare/2197.png,fs_MR040240,0,True,0.010443793402777778,0.5749382376670837,0.20637604594230652,0.08244612067937851,True,True,True
abl_no_ca,Without channel attention,figshare/2198.png,fs_MR040240,0,True,0.030768500434027776,0.9185172319412231,0.4480566382408142,0.28806066513061523,True,True,True
abl_no_ca,Without channel attention,figshare/2199.png,fs_MR040240,0,True,0.028327094184027776,0.7286369800567627,0.37326231598854065,0.3515477180480957,True,True,True
abl_no_ca,Without channel attention,figshare/2200.png,fs_MR040240,0,True,0.025058322482638888,0.6653696894645691,0.35356882214546204,0.29631099104881287,False,True,True
abl_no_ca,Without channel attention,figshare/2201.png,fs_MR040240,0,True,0.020948621961805556,0.5078271627426147,0.27587562799453735,0.16506274044513702,True,True,True
abl_no_ca,Without channel attention,figshare/2202.png,fs_MR040240,0,True,0.033515082465277776,0.7944433093070984,0.3098178803920746,0.18193818628787994,True,True,True
abl_no_ca,Without channel attention,figshare/2203.png,fs_MR040240,0,True,0.025648328993055556,0.8829345703125,0.33896955847740173,0.22262297570705414,True,True,True
abl_no_ca,Without channel attention,figshare/2204.png,fs_MR040240,0,True,0.016086154513888888,0.7226331830024719,0.256580114364624,0.17864853143692017,True,True,True
abl_no_ca,Without channel attention,figshare/2205.png,fs_MR040240,0,True,0.008734809027777778,0.6624414920806885,0.151022806763649,0.10364501923322678,True,True,True
abl_no_ca,Without channel attention,figshare/2270.png,fs_MR049453,0,True,0.004258897569444444,0.13286720216274261,0.001226679072715342,0.007181120570749044,True,False,False
abl_no_ca,Without channel attention,figshare/2271.png,fs_MR049453,0,True,0.028001573350694444,0.9462721943855286,0.40324315428733826,0.2557993233203888,True,True,True
abl_no_ca,Without channel attention,figshare/2272.png,fs_MR049453,0,True,0.01495361328125,0.7883252501487732,0.30586546659469604,0.2718353271484375,True,True,True
abl_no_ca,Without channel attention,figshare/2273.png,fs_MR049453,0,True,0.03408474392361111,0.9763391613960266,0.4797359108924866,0.3732614815235138,True,True,True
abl_no_ca,Without channel attention,figshare/2274.png,fs_MR049453,0,True,0.03238254123263889,0.9186713099479675,0.415734201669693,0.29025787115097046,True,True,True
abl_no_ca,Without channel attention,figshare/2275.png,fs_MR049453,0,True,0.023912217881944444,0.986329197883606,0.3288783133029938,0.304149329662323,True,True,True
abl_no_ca,Without channel attention,figshare/2276.png,fs_MR049453,0,True,0.009962293836805556,0.8604552149772644,0.19884712994098663,0.17287001013755798,True,True,True
abl_no_ca,Without channel attention,figshare/2277.png,fs_MR049453,0,True,0.010348849826388888,0.676839292049408,0.20677731931209564,0.19332247972488403,True,True,True
abl_no_ca,Without channel attention,figshare/2278.png,fs_MR049453,0,True,0.004014756944444444,0.5867072343826294,0.07183905690908432,0.07408396154642105,True,True,True
abl_no_ca,Without channel attention,figshare/2286.png,fs_MR049453B,0,False,0.0037367078993055555,0.006881708279252052,5.570679786615074e-05,0.0,False,False,False
abl_no_ca,Without channel attention,figshare/2287.png,fs_MR049453B,0,True,0.003655327690972222,0.48481929302215576,0.07922567427158356,0.14877067506313324,False,True,True
abl_no_ca,Without channel attention,figshare/2288.png,fs_MR049453B,0,True,0.050360785590277776,0.9705453515052795,0.5572867393493652,0.2544201910495758,True,True,True
abl_no_ca,Without channel attention,figshare/2289.png,fs_MR049453B,0,True,0.03554958767361111,0.8355461359024048,0.3956257700920105,0.10518640279769897,True,True,True
abl_no_ca,Without channel attention,figshare/2290.png,fs_MR049453B,0,True,0.036553276909722224,0.9833805561065674,0.4637371003627777,0.307955801486969,True,True,True
abl_no_ca,Without channel attention,figshare/2291.png,fs_MR049453B,0,True,0.019802517361111112,0.8854542374610901,0.3213423788547516,0.23616530001163483,True,True,True
abl_no_ca,Without channel attention,figshare/2292.png,fs_MR049453B,0,False,0.009568956163194444,0.0014892535982653499,0.000363157712854445,0.0008913399651646614,False,False,False
abl_no_ca,Without channel attention,figshare/2293.png,fs_MR049453B,0,True,0.017734103732638888,0.17511306703090668,0.0013133828761056066,0.1319442242383957,True,False,True
abl_no_ca,Without channel attention,figshare/2294.png,fs_MR049453B,0,True,0.005316840277777778,0.02531483955681324,0.00023104633146431297,0.016498100012540817,False,False,False
abl_no_ca,Without channel attention,figshare/2295.png,fs_MR049453B,0,True,0.015272352430555556,0.1370786726474762,0.036275189369916916,0.03586164489388466,False,False,False
abl_no_ca,Without channel attention,figshare/2296.png,fs_MR049453B,0,True,0.024400499131944444,0.35296180844306946,0.18597331643104553,0.0911770686507225,False,False,False
abl_no_ca,Without channel attention,figshare/2297.png,fs_MR049453B,0,True,0.044074164496527776,0.7702684998512268,0.4128827154636383,0.1696990579366684,True,True,True
abl_no_ca,Without channel attention,figshare/2298.png,fs_MR049453B,0,True,0.046210394965277776,0.8169535398483276,0.49693962931632996,0.17648224532604218,True,True,True
abl_no_ca,Without channel attention,figshare/2299.png,fs_MR049453B,0,True,0.049323187934027776,0.7307061553001404,0.4170971214771271,0.15200352668762207,True,True,True
abl_no_ca,Without channel attention,figshare/2300.png,fs_MR050135B,0,True,0.004170735677083333,0.1923844963312149,0.052351485937833786,0.10891170799732208,False,False,True
abl_no_ca,Without channel attention,figshare/2301.png,fs_MR050135B,0,True,0.018263075086805556,0.8638262152671814,0.13172632455825806,0.23027873039245605,True,True,True
abl_no_ca,Without channel attention,figshare/2302.png,fs_MR050135B,0,True,0.006137424045138889,0.7998502254486084,0.16143538057804108,0.14529694616794586,True,True,True
abl_no_ca,Without channel attention,figshare/2303.png,fs_MR050135B,0,True,0.018941243489583332,0.9606853127479553,0.2812406122684479,0.35352641344070435,True,True,True
abl_no_ca,Without channel attention,figshare/2304.png,fs_MR050135B,0,True,0.022989908854166668,0.9833921194076538,0.30745407938957214,0.42618507146835327,True,True,True
abl_no_ca,Without channel attention,figshare/2305.png,fs_MR050135B,0,True,0.025838216145833332,0.9743824005126953,0.3668852150440216,0.4147661030292511,True,True,True
abl_no_ca,Without channel attention,figshare/2306.png,fs_MR050135B,0,False,0.021565755208333332,0.9719661474227905,0.31398335099220276,0.013930547051131725,True,True,True
abl_no_ca,Without channel attention,figshare/2307.png,fs_MR050135B,0,True,0.007331000434027778,0.7002855539321899,0.19677983224391937,0.2865287661552429,True,True,True
abl_no_ca,Without channel attention,figshare/2308.png,fs_MR050135B,0,True,0.013210720486111112,0.5359694957733154,0.2516458034515381,0.25300362706184387,True,False,True
abl_no_ca,Without channel attention,figshare/2309.png,fs_MR050135B,0,True,0.013014051649305556,0.8393329977989197,0.3164963722229004,0.38415834307670593,True,True,True
abl_no_ca,Without channel attention,figshare/2310.png,fs_MR050135B,0,True,0.012837727864583334,0.8821296691894531,0.2918689548969269,0.2406643182039261,True,True,True
abl_no_ca,Without channel attention,figshare/2317.png,fs_MR050791B,0,True,0.026740180121527776,0.030909085646271706,0.001435150858014822,0.02392989955842495,False,False,False
abl_no_ca,Without channel attention,figshare/2318.png,fs_MR050791B,0,True,0.04482693142361111,0.8512595891952515,0.2604101896286011,0.24524109065532684,True,True,True
abl_no_ca,Without channel attention,figshare/2319.png,fs_MR050791B,0,True,0.032111273871527776,0.4309404492378235,0.032033536583185196,0.14989522099494934,True,True,True
abl_no_ca,Without channel attention,figshare/2320.png,fs_MR050791B,0,True,0.020846896701388888,0.2088312804698944,0.1448814570903778,0.1104111298918724,False,True,True
abl_no_ca,Without channel attention,figshare/2349.png,fs_MR024780E,0,True,0.007439507378472222,0.7829837203025818,0.1299697756767273,0.19263680279254913,True,True,True
abl_no_ca,Without channel attention,figshare/2362.png,fs_MR040240C,0,True,0.008490668402777778,0.006334381643682718,0.00011220507440157235,0.02427682839334011,False,False,False
abl_no_ca,Without channel attention,figshare/2363.png,fs_MR040240C,0,True,0.0033772786458333335,0.5505896210670471,0.023050939664244652,0.023780329152941704,True,True,True
abl_no_ca,Without channel attention,figshare/2364.png,fs_MR040240C,0,True,0.003851996527777778,0.769723117351532,0.07807096838951111,0.045957859605550766,True,True,True
abl_no_ca,Without channel attention,figshare/2365.png,fs_MR040240C,0,True,0.020426432291666668,0.8748064637184143,0.18383370339870453,0.06516698747873306,True,True,True
abl_no_ca,Without channel attention,figshare/2366.png,fs_MR040240C,0,True,0.023417154947916668,0.9686239957809448,0.3299347758293152,0.22589388489723206,True,True,True
abl_no_ca,Without channel attention,figshare/2367.png,fs_MR040240C,0,True,0.042928059895833336,0.9180724620819092,0.4353674650192261,0.164193257689476,True,True,True
abl_no_ca,Without channel attention,figshare/2368.png,fs_MR040240C,0,True,0.06172010633680555,0.6976795196533203,0.4345414340496063,0.13584311306476593,True,False,False
abl_no_ca,Without channel attention,figshare/2369.png,fs_MR040240C,0,True,0.052361382378472224,0.5906864404678345,0.34698542952537537,0.11721942573785782,True,False,False
abl_no_ca,Without channel attention,figshare/2370.png,fs_MR040240C,0,True,0.07093641493055555,0.936208188533783,0.5366442203521729,0.18869318068027496,True,True,True
abl_no_ca,Without channel attention,figshare/2371.png,fs_MR040240C,0,True,0.059244791666666664,0.9468886852264404,0.4607001543045044,0.2298295795917511,True,True,True
abl_no_ca,Without channel attention,figshare/2372.png,fs_MR040240C,0,True,0.01580810546875,0.5261642336845398,0.23292909562587738,0.1555173397064209,True,True,True
abl_no_ca,Without channel attention,figshare/2373.png,fs_MR040240D,0,True,0.0035400390625,0.12042771279811859,0.0008604581817053258,0.01910310797393322,True,False,True
abl_no_ca,Without channel attention,figshare/2374.png,fs_MR040240D,0,True,0.0064697265625,0.0527939572930336,0.01579500548541546,0.015452227555215359,False,False,False
abl_no_ca,Without channel attention,figshare/2375.png,fs_MR040240D,0,True,0.003390842013888889,0.0048389192670583725,0.00011037878721253946,0.007388107478618622,False,False,False
abl_no_ca,Without channel attention,figshare/2376.png,fs_MR040240D,0,True,0.03207058376736111,0.9760370850563049,0.3898297846317291,0.29336017370224,True,True,True
abl_no_ca,Without channel attention,figshare/2377.png,fs_MR040240D,0,True,0.029127332899305556,0.8901231288909912,0.3757060170173645,0.22153949737548828,True,True,True
abl_no_ca,Without channel attention,figshare/2378.png,fs_MR040240D,0,True,0.032036675347222224,0.832062304019928,0.3723754584789276,0.19614847004413605,True,True,True
abl_no_ca,Without channel attention,figshare/2379.png,fs_MR040240D,0,True,0.06580268012152778,0.9712362885475159,0.5500361919403076,0.19674693048000336,True,True,True
abl_no_ca,Without channel attention,figshare/2380.png,fs_MR040240D,0,True,0.058844672309027776,0.9469634890556335,0.5309002995491028,0.2052208036184311,True,True,True
abl_no_ca,Without channel attention,figshare/2381.png,fs_MR040240D,0,True,0.05537245008680555,0.8723058700561523,0.424999862909317,0.18894869089126587,True,True,True
abl_no_ca,Without channel attention,figshare/2382.png,fs_MR040240D,0,True,0.052741156684027776,0.9220802187919617,0.43901538848876953,0.25692713260650635,True,True,True
abl_no_ca,Without channel attention,figshare/2383.png,fs_MR040240D,0,True,0.00421142578125,0.5060588121414185,0.061316005885601044,0.04761800542473793,True,True,True
abl_no_ca,Without channel attention,figshare/2443.png,fs_MR040240,0,True,0.028347439236111112,0.8679302334785461,0.27369600534439087,0.2719242572784424,True,True,True
abl_no_ca,Without channel attention,figshare/2444.png,fs_MR040240,0,True,0.049886067708333336,0.9790719151496887,0.4999244511127472,0.2989194989204407,True,True,True
abl_no_ca,Without channel attention,figshare/2445.png,fs_MR040240,0,True,0.046515570746527776,0.9826576709747314,0.4775336980819702,0.381165087223053,True,True,True
abl_no_ca,Without channel attention,figshare/2446.png,fs_MR040240,0,True,0.050103081597222224,0.9920667409896851,0.5655288100242615,0.40962228178977966,True,True,True
abl_no_ca,Without channel attention,figshare/2447.png,fs_MR040240,0,True,0.029446072048611112,0.6177339553833008,0.3232203722000122,0.24234062433242798,True,True,True
abl_no_ca,Without channel attention,figshare/2448.png,fs_MR040240,0,True,0.028788248697916668,0.8726357221603394,0.43365156650543213,0.15251630544662476,True,True,False
abl_no_ca,Without channel attention,figshare/2449.png,fs_MR040240,0,True,0.029947916666666668,0.9179301857948303,0.4440525472164154,0.17202511429786682,True,True,True
abl_no_ca,Without channel attention,figshare/2450.png,fs_MR040240,0,True,0.037150065104166664,0.9856705665588379,0.44633182883262634,0.4545242190361023,True,True,True
abl_no_ca,Without channel attention,figshare/2451.png,fs_MR040240,0,True,0.02386474609375,0.6191877722740173,0.2952922582626343,0.08203305304050446,True,True,True
abl_no_ca,Without channel attention,figshare/2452.png,fs_MR040240,0,True,0.009589301215277778,0.03101641871035099,0.00030861515551805496,0.007043428253382444,True,False,False
abl_no_ca,Without channel attention,figshare/2496.png,fs_MR024780E,0,True,0.00408935546875,0.00026902472018264234,3.958833985961974e-05,0.005588230676949024,False,False,False
abl_no_ca,Without channel attention,figshare/2497.png,fs_MR024780E,0,True,0.002448187934027778,0.0010134207550436258,6.36085678706877e-05,0.0028979380149394274,False,False,False
abl_no_ca,Without channel attention,figshare/2498.png,fs_MR024780E,0,True,0.007256401909722222,0.616059422492981,0.033854614943265915,0.00522421533241868,True,True,False
abl_no_ca,Without channel attention,figshare/2509.png,fs_MR040240C,0,True,0.021023220486111112,0.9687556028366089,0.30509117245674133,0.19630728662014008,True,True,True
abl_no_ca,Without channel attention,figshare/2510.png,fs_MR040240C,0,True,0.021708170572916668,0.8650288581848145,0.3212943375110626,0.3027992248535156,True,True,True
abl_no_ca,Without channel attention,figshare/2511.png,fs_MR040240C,0,True,0.00787353515625,0.600378155708313,0.1700156033039093,0.14474374055862427,True,True,True
abl_no_ca,Without channel attention,figshare/2512.png,fs_MR040240C,0,True,0.009813096788194444,0.6654154658317566,0.21310502290725708,0.3065965473651886,True,True,True
abl_no_ca,Without channel attention,figshare/2513.png,fs_MR040240C,0,True,0.013502332899305556,0.8150968551635742,0.2681799829006195,0.4558059871196747,True,True,True
abl_no_ca,Without channel attention,figshare/2514.png,fs_MR040240C,0,True,0.0146484375,0.8111277222633362,0.26540568470954895,0.5280205011367798,True,True,True
abl_no_ca,Without channel attention,figshare/2515.png,fs_MR040240C,0,True,0.015360514322916666,0.605623722076416,0.22236081957817078,0.4115197956562042,False,True,True
abl_no_ca,Without channel attention,figshare/2516.png,fs_MR040240C,0,True,0.03158908420138889,0.9376580119132996,0.4030822515487671,0.28890183568000793,True,True,True
abl_no_ca,Without channel attention,figshare/2517.png,fs_MR040240C,0,True,0.03372531467013889,0.9153165221214294,0.42792782187461853,0.24748031795024872,True,True,True
abl_no_ca,Without channel attention,figshare/2518.png,fs_MR040240C,0,True,0.013326009114583334,0.5758306980133057,0.24139569699764252,0.13111954927444458,True,True,True
abl_no_ca,Without channel attention,figshare/2519.png,fs_MR040240C,0,True,0.013814290364583334,0.5033454895019531,0.20073610544204712,0.12440679967403412,True,True,True
abl_no_ca,Without channel attention,figshare/2520.png,fs_MR040240C,0,True,0.03912353515625,0.982244074344635,0.35076841711997986,0.20671744644641876,True,True,True
abl_no_ca,Without channel attention,figshare/2521.png,fs_MR040240C,0,True,0.029947916666666668,0.6257525086402893,0.15511098504066467,0.13794270157814026,True,True,True
abl_no_ca,Without channel attention,figshare/2522.png,fs_MR040240C,0,True,0.009806315104166666,0.6814408898353577,0.16590876877307892,0.16111858189105988,True,True,True
abl_no_ca,Without channel attention,figshare/2523.png,fs_MR040240C,0,True,0.007853190104166666,0.7189810872077942,0.15472954511642456,0.10710614174604416,True,True,True
abl_no_ca,Without channel attention,figshare/2550.png,fs_MR051461B,0,True,0.008185492621527778,0.4916474223136902,0.13272559642791748,0.14126737415790558,True,True,True
abl_no_ca,Without channel attention,figshare/2551.png,fs_MR051461B,0,True,0.007317437065972222,0.7232264876365662,0.11503427475690842,0.1295955628156662,False,True,True
abl_no_ca,Without channel attention,figshare/2552.png,fs_MR051461B,0,True,0.007988823784722222,0.20898953080177307,0.05485221743583679,0.34726884961128235,False,False,True
abl_no_ca,Without channel attention,figshare/2553.png,fs_MR051461B,0,True,0.008314344618055556,0.5118772983551025,0.17885959148406982,0.13373716175556183,True,True,True
abl_no_ca,Without channel attention,figshare/2617.png,fs_MR053110B,0,True,0.026041666666666668,0.4843562841415405,0.12049522995948792,0.07246477156877518,True,True,True
abl_no_ca,Without channel attention,figshare/2618.png,fs_MR053110B,0,True,0.028272840711805556,0.8541403412818909,0.20974481105804443,0.09789551794528961,True,True,True
abl_no_ca,Without channel attention,figshare/2619.png,fs_MR053110B,0,True,0.036383734809027776,0.7991902828216553,0.25924745202064514,0.11112894117832184,True,True,True
abl_no_ca,Without channel attention,figshare/2620.png,fs_MR053110B,0,True,0.03361680772569445,0.7457556128501892,0.3874315321445465,0.12194252014160156,False,True,False
abl_no_ca,Without channel attention,figshare/2621.png,fs_MR053110B,0,True,0.029500325520833332,0.916650116443634,0.37832072377204895,0.21262969076633453,True,True,True
abl_no_ca,Without channel attention,figshare/2622.png,fs_MR053110B,0,True,0.028516981336805556,0.9036149382591248,0.45461687445640564,0.30598345398902893,True,True,True
abl_no_ca,Without channel attention,figshare/2623.png,fs_MR053110B,0,True,0.028164333767361112,0.8955405354499817,0.4730222821235657,0.27144762873649597,True,True,True
abl_no_ca,Without channel attention,figshare/2624.png,fs_MR034694,0,True,0.009189181857638888,0.8441600799560547,0.18538568913936615,0.1297648847103119,True,True,True
abl_no_ca,Without channel attention,figshare/2625.png,fs_MR034694,0,True,0.00933837890625,0.0038736655842512846,0.00022656084911432117,0.023263616487383842,False,False,False
abl_no_ca,Without channel attention,figshare/2626.png,fs_MR034694,0,True,0.020304361979166668,0.7767933011054993,0.02798030897974968,0.0525481216609478,True,True,True
abl_no_ca,Without channel attention,figshare/2627.png,fs_MR034694,0,True,0.011935763888888888,0.8510923385620117,0.2709626853466034,0.2173975706100464,True,True,True
abl_no_ca,Without channel attention,figshare/2628.png,fs_MR034694,0,True,0.023857964409722224,0.9827763438224792,0.3706728219985962,0.26506367325782776,True,True,True
abl_no_ca,Without channel attention,figshare/2629.png,fs_MR034694,0,True,0.025356716579861112,0.9600135684013367,0.28801673650741577,0.22322016954421997,True,True,True
abl_no_ca,Without channel attention,figshare/2630.png,fs_MR034694,0,True,0.017835828993055556,0.9654077887535095,0.23183433711528778,0.27801576256752014,True,True,True
abl_no_ca,Without channel attention,figshare/2646.png,fs_MR053241C,0,True,0.008341471354166666,0.0003840849094558507,2.756732646957971e-05,0.02851652354001999,False,False,False
abl_no_ca,Without channel attention,figshare/2647.png,fs_MR053241C,0,True,0.005655924479166667,0.1912861466407776,0.001987210474908352,0.00801127590239048,True,False,False
abl_no_ca,Without channel attention,figshare/2648.png,fs_MR053241C,0,True,0.004835340711805556,0.17466093599796295,0.009994224645197392,0.019042108207941055,False,False,False
abl_no_ca,Without channel attention,figshare/2649.png,fs_MR053241C,0,True,0.0052490234375,0.41293686628341675,0.025340856984257698,0.008974436670541763,True,True,True
abl_no_ca,Without channel attention,figshare/2650.png,fs_MR034997,0,True,0.010158962673611112,0.8524360060691833,0.22328926622867584,0.2244388908147812,True,True,True
abl_no_ca,Without channel attention,figshare/2651.png,fs_MR034997,0,True,0.021952311197916668,0.9746531248092651,0.3346157968044281,0.24834837019443512,True,True,True
abl_no_ca,Without channel attention,figshare/2652.png,fs_MR034997,0,True,0.024447970920138888,0.9696122407913208,0.3714260756969452,0.27949240803718567,True,True,True
abl_no_ca,Without channel attention,figshare/2653.png,fs_MR034997,0,True,0.022623697916666668,0.9612154960632324,0.3703697919845581,0.2972032129764557,True,True,True
abl_no_ca,Without channel attention,figshare/2654.png,fs_MR034997,0,True,0.025139702690972224,0.983543872833252,0.3512192368507385,0.3791410028934479,True,True,True
abl_no_ca,Without channel attention,figshare/2655.png,fs_MR034997,0,True,0.020521375868055556,0.9789487719535828,0.27342915534973145,0.3818804919719696,True,True,True
abl_no_ca,Without channel attention,figshare/2656.png,fs_MR034997,0,True,0.0159912109375,0.8666424751281738,0.19789063930511475,0.2443651705980301,True,True,True
abl_no_ca,Without channel attention,figshare/2675.png,fs_MR049019G,0,True,0.019646538628472224,0.8207694888114929,0.28708508610725403,0.15705078840255737,True,True,True
abl_no_ca,Without channel attention,figshare/2676.png,fs_MR049019G,0,True,0.023362901475694444,0.8206813335418701,0.3656700551509857,0.18674775958061218,True,True,True
abl_no_ca,Without channel attention,figshare/2677.png,fs_MR049019G,0,True,0.027065700954861112,0.8166034817695618,0.3874557912349701,0.30071404576301575,True,True,True
abl_no_ca,Without channel attention,figshare/2702.png,fs_MR037458B,0,False,0.002509223090277778,0.002796147484332323,1.600368705112487e-05,0.002543103415518999,False,False,False
abl_no_ca,Without channel attention,figshare/2703.png,fs_MR037458B,0,False,0.006632486979166667,0.8047534823417664,0.0446062795817852,0.002107168547809124,True,True,False
abl_no_ca,Without channel attention,figshare/2704.png,fs_MR037458B,0,True,0.0128173828125,0.8351541757583618,0.24963226914405823,0.19057951867580414,True,True,True
abl_no_ca,Without channel attention,figshare/2705.png,fs_MR037458B,0,True,0.020358615451388888,0.7516089081764221,0.21192367374897003,0.16792728006839752,True,True,True
abl_no_ca,Without channel attention,figshare/2706.png,fs_MR037458B,0,True,0.017442491319444444,0.9337702393531799,0.264827698469162,0.3873700797557831,True,True,True
abl_no_ca,Without channel attention,figshare/2707.png,fs_MR037458B,0,False,0.011298285590277778,0.9134122133255005,0.168068990111351,0.27409622073173523,True,True,True
abl_no_ca,Without channel attention,figshare/2708.png,fs_MR037458B,0,False,0.005255805121527778,0.36255699396133423,0.003103276016190648,3.9035530789988115e-05,True,True,False
abl_no_ca,Without channel attention,figshare/2709.png,fs_MR037458B,0,False,0.006422254774305556,0.021956510841846466,9.507044160272926e-05,0.006147920619696379,False,False,False
abl_no_ca,Without channel attention,figshare/2743.png,fs_MR049019G,0,True,0.013014051649305556,0.4274633526802063,0.2562433183193207,0.1136927679181099,True,False,True
abl_no_ca,Without channel attention,figshare/2744.png,fs_MR049019G,0,True,0.014492458767361112,0.5310879945755005,0.30073073506355286,0.11963248252868652,True,True,True
abl_no_ca,Without channel attention,figshare/2745.png,fs_MR049019G,0,True,0.03921847873263889,0.7635013461112976,0.49438613653182983,0.1814216524362564,True,True,True
abl_no_ca,Without channel attention,figshare/2746.png,fs_MR049019G,0,True,0.024393717447916668,0.4106057584285736,0.3250104784965515,0.13325345516204834,True,True,True
abl_no_ca,Without channel attention,figshare/2747.png,fs_MR049019G,0,True,0.008884006076388888,0.3751246929168701,0.206753209233284,0.08831263333559036,False,True,True
abl_no_ca,Without channel attention,figshare/2769.png,fs_MR037458B,0,True,0.014180501302083334,0.6157443523406982,0.17280559241771698,0.3484863340854645,True,True,True
abl_no_ca,Without channel attention,figshare/2770.png,fs_MR037458B,0,False,0.007290310329861111,0.8031130433082581,0.14262689650058746,0.003731957171112299,True,True,True
abl_no_ca,Without channel attention,figshare/2771.png,fs_MR037458B,0,True,0.025214301215277776,0.8775009512901306,0.39109063148498535,0.5160496830940247,True,True,True
abl_no_ca,Without channel attention,figshare/2772.png,fs_MR037458B,0,True,0.018235948350694444,0.8206768035888672,0.26846909523010254,0.4852714240550995,True,True,True
abl_no_ca,Without channel attention,figshare/2773.png,fs_MR037458B,0,True,0.017768012152777776,0.7773368954658508,0.14266005158424377,0.35710030794143677,True,True,False
abl_no_ca,Without channel attention,figshare/2787.png,fs_MR040240,0,True,0.024210611979166668,0.7570433020591736,0.43250131607055664,0.17989562451839447,True,True,True
abl_no_ca,Without channel attention,figshare/2788.png,fs_MR040240,0,True,0.014492458767361112,0.8569433689117432,0.38097113370895386,0.16978083550930023,True,True,True
abl_no_ca,Without channel attention,figshare/2789.png,fs_MR040240,0,True,0.05129665798611111,0.9810869693756104,0.6297549605369568,0.2938919961452484,True,True,True
abl_no_ca,Without channel attention,figshare/2790.png,fs_MR040240,0,True,0.05272081163194445,0.9882153272628784,0.590599000453949,0.5011833906173706,True,True,True
abl_no_ca,Without channel attention,figshare/2791.png,fs_MR040240,0,True,0.038872612847222224,0.9521347284317017,0.4395344853401184,0.46217629313468933,True,True,True
abl_no_ca,Without channel attention,figshare/2792.png,fs_MR040240,0,True,0.017747667100694444,0.6546633243560791,0.30899471044540405,0.37271440029144287,False,True,True
abl_no_ca,Without channel attention,figshare/2793.png,fs_MR040240,0,True,0.015550401475694444,0.8742349743843079,0.3269456923007965,0.3452887535095215,True,True,True
abl_no_ca,Without channel attention,figshare/2794.png,fs_MR040240,0,True,0.006985134548611111,0.4925279915332794,0.14740976691246033,0.12772682309150696,True,True,True
abl_no_ca,Without channel attention,figshare/2876.png,fs_MR049453,0,True,0.007012261284722222,0.7650935053825378,0.1658080369234085,0.041273705661296844,True,True,True
abl_no_ca,Without channel attention,figshare/2877.png,fs_MR049453,0,True,0.018086751302083332,0.7713488340377808,0.4752597212791443,0.2834888696670532,True,True,True
abl_no_ca,Without channel attention,figshare/2878.png,fs_MR049453,0,True,0.028469509548611112,0.8231075406074524,0.575796365737915,0.2541198432445526,True,True,True
abl_no_ca,Without channel attention,figshare/2879.png,fs_MR049453,0,True,0.04705810546875,0.9337019324302673,0.6678264141082764,0.24684658646583557,True,True,True
abl_no_ca,Without channel attention,figshare/2880.png,fs_MR049453,0,True,0.03195529513888889,0.8385230898857117,0.5594600439071655,0.28618401288986206,True,True,True
abl_no_ca,Without channel attention,figshare/2881.png,fs_MR049453,0,True,0.029832628038194444,0.8393375277519226,0.5135975480079651,0.21510162949562073,True,True,True
abl_no_ca,Without channel attention,figshare/2882.png,fs_MR049453,0,True,0.04216172960069445,0.935267448425293,0.4234369993209839,0.2599351406097412,True,True,True
abl_no_ca,Without channel attention,figshare/2883.png,fs_MR049453,0,True,0.004706488715277778,0.4224163591861725,0.12844686210155487,0.1345169097185135,True,True,True
abl_no_ca,Without channel attention,figshare/2884.png,fs_MR049453,0,True,0.006252712673611111,0.6799117922782898,0.1597764641046524,0.20356768369674683,True,True,True
abl_no_ca,Without channel attention,figshare/2891.png,fs_MR050135B,0,True,0.011637369791666666,0.7619689106941223,0.26420512795448303,0.33741816878318787,True,True,True
abl_no_ca,Without channel attention,figshare/2892.png,fs_MR050135B,0,True,0.015414767795138888,0.7229189276695251,0.3280376195907593,0.3713243007659912,True,True,True
abl_no_ca,Without channel attention,figshare/2893.png,fs_MR050135B,0,True,0.019816080729166668,0.749221682548523,0.39422011375427246,0.4328479766845703,True,True,True
abl_no_ca,Without channel attention,figshare/2894.png,fs_MR050135B,0,True,0.042683919270833336,0.9827257990837097,0.4662421643733978,0.5290899872779846,True,True,True
abl_no_ca,Without channel attention,figshare/2895.png,fs_MR050135B,0,True,0.004475911458333333,0.26149046421051025,0.11515872180461884,0.0749988779425621,True,True,True
abl_no_ca,Without channel attention,figshare/2896.png,fs_MR050135B,0,True,0.012498643663194444,0.5724079012870789,0.30998626351356506,0.18406996130943298,True,True,True
abl_no_ca,Without channel attention,figshare/2897.png,fs_MR050135B,0,True,0.016323513454861112,0.7636184096336365,0.41406118869781494,0.29748818278312683,True,True,True
abl_no_ca,Without channel attention,figshare/2898.png,fs_MR050135B,0,True,0.0126953125,0.8799252510070801,0.38348281383514404,0.29584482312202454,True,True,True
abl_no_ca,Without channel attention,figshare/2899.png,fs_MR050135B,0,True,0.005852593315972222,0.21067555248737335,0.0919363796710968,0.027499884366989136,False,False,False
abl_no_ca,Without channel attention,figshare/2906.png,fs_MR050791B,0,False,0.00286865234375,0.0004746737831737846,5.932301428401843e-05,0.002740573836490512,False,False,False
abl_no_ca,Without channel attention,figshare/2907.png,fs_MR050791B,0,True,0.009385850694444444,0.6426067352294922,0.10584378987550735,0.07401321828365326,True,True,True
abl_no_ca,Without channel attention,figshare/2908.png,fs_MR050791B,0,True,0.014112684461805556,0.7080605626106262,0.2693614065647125,0.2561316192150116,True,True,True
abl_no_ca,Without channel attention,figshare/2909.png,fs_MR050791B,0,True,0.020534939236111112,0.8852887153625488,0.32243064045906067,0.2568657398223877,True,True,True
abl_no_ca,Without channel attention,figshare/2910.png,fs_MR050791B,0,True,0.015265570746527778,0.2386443018913269,0.01743539422750473,0.022935427725315094,True,True,False
abl_no_ca,Without channel attention,figshare/2911.png,fs_MR050791B,0,True,0.010138617621527778,0.06096269190311432,0.006586477626115084,0.018669843673706055,False,False,False
abl_no_ca,Without channel attention,figshare/2912.png,fs_MR050791B,0,False,0.010328504774305556,0.19660279154777527,0.07952029258012772,0.06603018939495087,False,True,False
abl_no_ca,Without channel attention,figshare/2913.png,fs_MR050791B,0,False,0.00726318359375,0.06334621459245682,0.03922075778245926,0.0009182222420349717,False,False,False
abl_no_ca,Without channel attention,figshare/2999.png,fs_MR053110B,0,True,0.019449869791666668,0.7284592390060425,0.269187867641449,0.09457726031541824,True,True,True
abl_no_ca,Without channel attention,figshare/3000.png,fs_MR053110B,0,True,0.025614420572916668,0.48753875494003296,0.30614790320396423,0.10087089985609055,False,True,True
abl_no_ca,Without channel attention,figshare/3001.png,fs_MR053110B,0,True,0.03150770399305555,0.8946555852890015,0.40194645524024963,0.17610423266887665,True,True,True
abl_no_ca,Without channel attention,figshare/3002.png,fs_MR053110B,0,True,0.038655598958333336,0.65403151512146,0.3774217665195465,0.14592097699642181,True,True,False
abl_no_ca,Without channel attention,figshare/3003.png,fs_MR053110B,0,True,0.026896158854166668,0.24151842296123505,0.0866081565618515,0.09119808673858643,False,False,False
abl_no_ca,Without channel attention,figshare/3004.png,fs_MR053110B,0,True,0.001315646701388889,0.05738028883934021,0.02249053306877613,0.029405565932393074,True,True,False
abl_no_ca,Without channel attention,figshare/3005.png,fs_MR034694,0,True,0.01019287109375,0.7782110571861267,0.3681406080722809,0.08416922390460968,True,True,True
abl_no_ca,Without channel attention,figshare/3006.png,fs_MR034694,0,True,0.018269856770833332,0.8488907814025879,0.506095290184021,0.23609115183353424,True,True,True
abl_no_ca,Without channel attention,figshare/3007.png,fs_MR034694,0,True,0.016255696614583332,0.8370559215545654,0.48274582624435425,0.2864064574241638,True,True,True
abl_no_ca,Without channel attention,figshare/3008.png,fs_MR034694,0,True,0.016228569878472224,0.86472088098526,0.409280389547348,0.20184703171253204,True,True,True
abl_no_ca,Without channel attention,figshare/3022.png,fs_MR034997,0,True,0.006361219618055556,0.7481669783592224,0.1498010754585266,0.15008965134620667,True,True,True
abl_no_ca,Without channel attention,figshare/3023.png,fs_MR034997,0,True,0.013319227430555556,0.7914191484451294,0.297255277633667,0.3868793249130249,True,True,True
abl_no_ca,Without channel attention,figshare/3024.png,fs_MR034997,0,True,0.021694607204861112,0.8125150799751282,0.41036370396614075,0.36753830313682556,True,True,True
abl_no_ca,Without channel attention,figshare/3025.png,fs_MR034997,0,True,0.024787055121527776,0.8912959098815918,0.4777246117591858,0.3585098385810852,True,True,True
abl_no_ca,Without channel attention,figshare/3026.png,fs_MR034997,0,True,0.019280327690972224,0.7563045620918274,0.4088374078273773,0.3293754458427429,True,True,True
abl_no_ca,Without channel attention,figshare/3027.png,fs_MR034997,0,True,0.013102213541666666,0.6038281917572021,0.31006938219070435,0.2078048437833786,True,True,True
abl_no_ca,Without channel attention,figshare/3028.png,fs_MR034997,0,True,0.002570258246527778,0.17602908611297607,0.07697973400354385,0.057687342166900635,False,True,True
abl_no_ca,Without channel attention,figshare/3039.png,fs_MR024780E,0,True,0.001193576388888889,0.21046137809753418,0.002513956045731902,0.0027773729525506496,True,True,False
abl_no_ca,Without channel attention,figshare/3040.png,fs_MR024780E,0,True,0.003017849392361111,0.7004795074462891,0.06442232429981232,0.04062870144844055,True,True,True
abl_no_ca,Without channel attention,figshare/3041.png,fs_MR024780E,0,True,0.0025838216145833335,0.2325332760810852,0.028631489723920822,0.01900203712284565,True,True,False
abl_no_ca,Without channel attention,figshare/3042.png,fs_MR040240C,0,True,0.021280924479166668,0.24869997799396515,0.1547301560640335,0.061913177371025085,False,False,False
abl_no_ca,Without channel attention,figshare/3043.png,fs_MR040240C,0,True,0.015313042534722222,0.25355514883995056,0.17815200984477997,0.07971750199794769,False,False,False
abl_no_ca,Without channel attention,figshare/3044.png,fs_MR040240C,0,True,0.034125434027777776,0.5038972496986389,0.3065468370914459,0.1437700390815735,False,True,True
abl_no_ca,Without channel attention,figshare/3045.png,fs_MR040240C,0,True,0.030219184027777776,0.7563667297363281,0.37370413541793823,0.2600937485694885,True,True,True
abl_no_ca,Without channel attention,figshare/3046.png,fs_MR040240C,0,True,0.016777886284722224,0.8032762408256531,0.22837845981121063,0.14972178637981415,True,True,True
abl_no_ca,Without channel attention,figshare/3047.png,fs_MR040240D,0,True,0.003119574652777778,0.47857606410980225,0.015040837228298187,0.005597260780632496,True,True,False
abl_no_ca,Without channel attention,figshare/3048.png,fs_MR040240D,0,True,0.0020005967881944445,0.027793392539024353,0.002905158093199134,0.0028722614515572786,False,False,False
abl_pool,Transformer head -> pooling,figshare/0001.png,fs_100360,1,True,0.017510308159722224,0.7594516277313232,0.5773648619651794,0.001513273105956614,True,True,False
abl_pool,Transformer head -> pooling,figshare/0002.png,fs_100360,1,True,0.032938639322916664,0.8987746238708496,0.7728939056396484,0.00022458311286754906,True,True,False
abl_pool,Transformer head -> pooling,figshare/0003.png,fs_100360,1,True,0.04019504123263889,0.9520348310470581,0.8313887715339661,0.00018225946405436844,True,True,False
abl_pool,Transformer head -> pooling,figshare/0004.png,fs_100360,1,True,0.034003363715277776,0.9086079597473145,0.7768369913101196,0.00018123217159882188,True,True,False
abl_pool,Transformer head -> pooling,figshare/0005.png,fs_100360,1,True,0.04301622178819445,0.9921650290489197,0.8272814154624939,0.008307415060698986,True,True,False
abl_pool,Transformer head -> pooling,figshare/0026.png,fs_102446,1,False,0.0027601453993055555,0.6197554469108582,0.22410885989665985,0.0029575247317552567,True,True,True
abl_pool,Transformer head -> pooling,figshare/0049.png,fs_104281,1,True,0.00714111328125,0.7359716892242432,0.45619770884513855,4.316166268836241e-06,True,True,False
abl_pool,Transformer head -> pooling,figshare/0050.png,fs_104281,1,True,0.019049750434027776,0.8651219606399536,0.677148163318634,4.819368405151181e-05,True,True,False
abl_pool,Transformer head -> pooling,figshare/0051.png,fs_104281,1,True,0.022298177083333332,0.8989508748054504,0.7198699116706848,3.607886901590973e-05,True,True,False
abl_pool,Transformer head -> pooling,figshare/0052.png,fs_104281,1,True,0.021280924479166668,0.892697274684906,0.7063086628913879,5.488215902005322e-05,True,True,False
abl_pool,Transformer head -> pooling,figshare/0053.png,fs_104281,1,True,0.015679253472222224,0.8440833687782288,0.622623860836029,8.287011587526649e-05,True,True,False
abl_pool,Transformer head -> pooling,figshare/0054.png,fs_104281,1,True,0.008938259548611112,0.8383263349533081,0.5140525698661804,2.2019441530574113e-05,True,True,False
abl_pool,Transformer head -> pooling,figshare/0055.png,fs_104281,1,True,0.00494384765625,0.8399221301078796,0.390207439661026,7.162677320593502e-06,True,True,False
abl_pool,Transformer head -> pooling,figshare/0056.png,fs_105374,1,True,0.004007975260416667,0.8145190477371216,0.3596504330635071,9.855447387963068e-06,True,True,False
abl_pool,Transformer head -> pooling,figshare/0057.png,fs_105374,1,True,0.00408935546875,0.801984965801239,0.3359251618385315,0.00042391198803670704,False,True,True
abl_pool,Transformer head -> pooling,figshare/0093.png,fs_107248,1,True,0.009711371527777778,0.7465595006942749,0.5300612449645996,0.00016157458594534546,True,True,False
abl_pool,Transformer head -> pooling,figshare/0094.png,fs_107248,1,True,0.01177978515625,0.8815762400627136,0.6269620656967163,0.00027039938140660524,True,True,False
abl_pool,Transformer head -> pooling,figshare/0095.png,fs_107248,1,True,0.004597981770833333,0.3554553985595703,0.24817173182964325,3.3663748126855353e-06,True,True,False
abl_pool,Transformer head -> pooling,figshare/0096.png,fs_107248,1,True,0.006700303819444444,0.8052327632904053,0.4994896650314331,1.0418621059216093e-05,True,True,False
abl_pool,Transformer head -> pooling,figshare/0097.png,fs_107248,1,True,0.00921630859375,0.8772453665733337,0.5721325278282166,2.327581933059264e-05,True,True,False
abl_pool,Transformer head -> pooling,figshare/0098.png,fs_107248,1,True,0.00750732421875,0.9123724102973938,0.4914178252220154,1.5282055301213404e-06,True,True,False
abl_pool,Transformer head -> pooling,figshare/0119.png,fs_109411,1,True,0.0018717447916666667,0.6957648396492004,0.1856689602136612,8.491534231325204e-07,True,True,False
abl_pool,Transformer head -> pooling,figshare/0120.png,fs_109968,1,True,0.019124348958333332,0.8680225610733032,0.6790447235107422,0.0005524352891370654,True,True,False
abl_pool,Transformer head -> pooling,figshare/0121.png,fs_109968,1,True,0.020731608072916668,0.9307968616485596,0.7235698103904724,0.0001817406591726467,True,True,False
abl_pool,Transformer head -> pooling,figshare/0122.png,fs_109968,1,True,0.019239637586805556,0.8752703070640564,0.6852376461029053,1.8226441170554608e-05,True,True,False
abl_pool,Transformer head -> pooling,figshare/0123.png,fs_109968,1,True,0.012363009982638888,0.9079151749610901,0.6252448558807373,2.753042645053938e-05,True,True,False
abl_pool,Transformer head -> pooling,figshare/0132.png,fs_111532,1,True,0.017340766059027776,0.9166250228881836,0.675510585308075,0.00010084700625156984,True,True,False
abl_pool,Transformer head -> pooling,figshare/0133.png,fs_111532,1,True,0.021755642361111112,0.9485984444618225,0.741536557674408,0.00031082474743016064,True,True,False
abl_pool,Transformer head -> pooling,figshare/0134.png,fs_111532,1,True,0.022928873697916668,0.9340371489524841,0.7641087174415588,9.191723074764013e-05,True,True,False
abl_pool,Transformer head -> pooling,figshare/0154.png,fs_113435,1,True,0.03425428602430555,0.9252595901489258,0.7908914089202881,0.00010260545241180807,True,True,False
abl_pool,Transformer head -> pooling,figshare/0155.png,fs_113435,1,True,0.0469970703125,0.9704878926277161,0.8549861311912537,0.00032306858338415623,True,True,False
abl_pool,Transformer head -> pooling,figshare/0156.png,fs_113435,1,True,0.04841444227430555,0.9548484086990356,0.8459039926528931,0.0002497100504115224,True,True,False
abl_pool,Transformer head -> pooling,figshare/0157.png,fs_113435,1,True,0.045586480034722224,0.9245409369468689,0.8178616762161255,3.35418590111658e-05,True,True,False
abl_pool,Transformer head -> pooling,figshare/0158.png,fs_113435,1,True,0.037285698784722224,0.9481823444366455,0.8145418167114258,0.00017731428670231253,True,True,False
abl_pool,Transformer head -> pooling,figshare/0159.png,fs_113435,1,True,0.024427625868055556,0.8992809057235718,0.7374359965324402,8.334607991855592e-05,True,True,False
abl_pool,Transformer head -> pooling,figshare/0160.png,fs_113554,1,True,0.009663899739583334,0.886031985282898,0.5433472990989685,0.000203938310733065,True,True,False
abl_pool,Transformer head -> pooling,figshare/0161.png,fs_113554,1,True,0.012281629774305556,0.9075063467025757,0.6097442507743835,6.55110488878563e-05,True,True,False
abl_pool,Transformer head -> pooling,figshare/0162.png,fs_113554,1,True,0.01031494140625,0.8855299353599548,0.5646432042121887,6.887248309794813e-05,True,True,False
abl_pool,Transformer head -> pooling,figshare/0204.png,fs_99308,1,True,0.024325900607638888,0.8577605485916138,0.7054473161697388,9.453933307668194e-05,True,True,False
abl_pool,Transformer head -> pooling,figshare/0205.png,fs_99308,1,True,0.03409152560763889,0.9529014229774475,0.8035625219345093,0.0007063167286105454,True,True,False
abl_pool,Transformer head -> pooling,figshare/0206.png,fs_99308,1,True,0.03354220920138889,0.9531827569007874,0.7938793897628784,0.001386514981277287,True,True,False
abl_pool,Transformer head -> pooling,figshare/0207.png,fs_99308,1,True,0.031426323784722224,0.979348361492157,0.8015189170837402,0.0011445939308032393,True,True,False
abl_pool,Transformer head -> pooling,figshare/0208.png,fs_99308,1,True,0.023444281684027776,0.979070246219635,0.7545095682144165,0.0008488087332807481,True,True,False
abl_pool,Transformer head -> pooling,figshare/0211.png,fs_100360,1,True,0.017788357204861112,0.939314603805542,0.6846274137496948,0.0018071926897391677,True,True,False
abl_pool,Transformer head -> pooling,figshare/0212.png,fs_100360,1,True,0.029127332899305556,0.9211012721061707,0.7779266834259033,0.0002781854127533734,True,True,False
abl_pool,Transformer head -> pooling,figshare/0213.png,fs_100360,1,True,0.03314208984375,0.9180945754051208,0.7953803539276123,0.0001242875587195158,True,True,False
abl_pool,Transformer head -> pooling,figshare/0214.png,fs_100360,1,True,0.03602430555555555,0.9413045644760132,0.8168060183525085,0.001697896746918559,True,True,False
abl_pool,Transformer head -> pooling,figshare/0215.png,fs_100360,1,True,0.031636555989583336,0.8817107081413269,0.7604967951774597,0.0021203651558607817,True,True,False
abl_pool,Transformer head -> pooling,figshare/0216.png,fs_100360,1,True,0.017157660590277776,0.870124101638794,0.6943075060844421,0.00014983618166297674,True,True,False
abl_pool,Transformer head -> pooling,figshare/0217.png,fs_100360,1,True,0.011942545572916666,0.8563765287399292,0.6161626577377319,0.00013338992721401155,True,True,False
abl_pool,Transformer head -> pooling,figshare/0239.png,fs_102446,1,True,0.0033162434895833335,0.7772411108016968,0.308621883392334,3.1560366551275365e-06,True,True,False
abl_pool,Transformer head -> pooling,figshare/0275.png,fs_104281,1,True,0.011386447482638888,0.8926578164100647,0.6289610862731934,2.8757382096955553e-05,True,True,False
abl_pool,Transformer head -> pooling,figshare/0276.png,fs_104281,1,True,0.021430121527777776,0.9448856115341187,0.7584958076477051,0.000165379504323937,True,True,False
abl_pool,Transformer head -> pooling,figshare/0277.png,fs_104281,1,True,0.023851182725694444,0.9400901198387146,0.7781845331192017,9.4218434242066e-05,True,True,False
abl_pool,Transformer head -> pooling,figshare/0278.png,fs_104281,1,True,0.022481282552083332,0.912177324295044,0.7452279925346375,0.0001468722621211782,True,True,False
abl_pool,Transformer head -> pooling,figshare/0279.png,fs_104281,1,True,0.016438802083333332,0.9241253733634949,0.7018454670906067,0.00011578933481359854,True,True,False
abl_pool,Transformer head -> pooling,figshare/0280.png,fs_104281,1,True,0.011705186631944444,0.9342474937438965,0.6146304607391357,0.00047221980639733374,True,True,False
abl_pool,Transformer head -> pooling,figshare/0281.png,fs_105374,1,True,0.005703396267361111,0.9083269834518433,0.46229419112205505,0.00014923860726412386,True,True,False
abl_pool,Transformer head -> pooling,figshare/0282.png,fs_105374,1,True,0.00531005859375,0.8464154005050659,0.4532410204410553,1.1137294677610043e-05,True,True,False
abl_pool,Transformer head -> pooling,figshare/0316.png,fs_107248,1,True,0.014017740885416666,0.8978677988052368,0.6842100024223328,0.0011176357511430979,True,True,False
abl_pool,Transformer head -> pooling,figshare/0317.png,fs_107248,1,True,0.014716254340277778,0.9113777875900269,0.717124879360199,0.00012235459871590137,True,True,False
abl_pool,Transformer head -> pooling,figshare/0318.png,fs_107248,1,True,0.009738498263888888,0.8695909976959229,0.6208512187004089,7.949261998874135e-06,True,True,False
abl_pool,Transformer head -> pooling,figshare/0319.png,fs_107248,1,True,0.009121365017361112,0.8229038119316101,0.5739167332649231,5.031753516959725e-06,True,True,False
abl_pool,Transformer head -> pooling,figshare/0340.png,fs_109411,1,True,0.0011121961805555555,0.6328147053718567,0.1482103317975998,1.3367726751312148e-05,True,True,False
abl_pool,Transformer head -> pooling,figshare/0341.png,fs_109968,1,True,0.015801323784722224,0.8935136795043945,0.6711289882659912,0.0005926748272031546,True,True,False
abl_pool,Transformer head -> pooling,figshare/0342.png,fs_109968,1,True,0.019314236111111112,0.8863492608070374,0.7143499255180359,5.218923251959495e-05,True,True,False
abl_pool,Transformer head -> pooling,figshare/0343.png,fs_109968,1,True,0.021775987413194444,0.9410909414291382,0.7643412947654724,0.00012416580284480006,True,True,False
abl_pool,Transformer head -> pooling,figshare/0344.png,fs_109968,1,True,0.019266764322916668,0.9585883021354675,0.7370912432670593,0.000717701914254576,True,True,False
abl_pool,Transformer head -> pooling,figshare/0357.png,fs_111532,1,True,0.006612141927083333,0.8110479712486267,0.47275087237358093,5.534468982659746e-06,True,True,False
abl_pool,Transformer head -> pooling,figshare/0358.png,fs_111532,1,True,0.011508517795138888,0.9271008372306824,0.6291126608848572,6.952098192414269e-05,True,True,False
abl_pool,Transformer head -> pooling,figshare/0359.png,fs_111532,1,True,0.015496148003472222,0.9380696415901184,0.6917734146118164,0.0002572812372818589,True,True,False
abl_pool,Transformer head -> pooling,figshare/0360.png,fs_111532,1,True,0.016886393229166668,0.9217934012413025,0.70918869972229,0.0001528425927972421,True,True,False
abl_pool,Transformer head -> pooling,figshare/0361.png,fs_111532,1,True,0.014411078559027778,0.9523261189460754,0.6875157356262207,0.0002678260498214513,True,True,False
abl_pool,Transformer head -> pooling,figshare/0382.png,fs_113435,1,True,0.014227973090277778,0.8697025775909424,0.6637184619903564,1.942707967828028e-05,True,True,False
abl_pool,Transformer head -> pooling,figshare/0383.png,fs_113435,1,True,0.02447509765625,0.9095226526260376,0.7673468589782715,4.915807949146256e-05,True,True,False
abl_pool,Transformer head -> pooling,figshare/0384.png,fs_113435,1,True,0.030239529079861112,0.8875492811203003,0.773610532283783,6.069074879633263e-05,True,True,False
abl_pool,Transformer head -> pooling,figshare/0385.png,fs_113435,1,True,0.03578016493055555,0.9382132887840271,0.8288981318473816,8.516578236594796e-05,True,True,False
abl_pool,Transformer head -> pooling,figshare/0386.png,fs_113435,1,True,0.03671603732638889,0.9570607542991638,0.8418787121772766,0.0004042163782287389,True,True,False
abl_pool,Transformer head -> pooling,figshare/0387.png,fs_113435,1,True,0.035407172309027776,0.9421457648277283,0.8233210444450378,0.00012935684935655445,True,True,False
abl_pool,Transformer head -> pooling,figshare/0388.png,fs_113435,1,True,0.032294379340277776,0.9219251871109009,0.7926129698753357,6.0692364058922976e-05,True,True,False
abl_pool,Transformer head -> pooling,figshare/0389.png,fs_113435,1,True,0.02716064453125,0.8729156851768494,0.7307332754135132,9.265316475648433e-05,True,True,False
abl_pool,Transformer head -> pooling,figshare/0390.png,fs_113554,1,True,0.004957411024305556,0.5784898996353149,0.35412976145744324,0.0,True,True,False
abl_pool,Transformer head -> pooling,figshare/0391.png,fs_113554,1,True,0.01031494140625,0.8616868257522583,0.5849739909172058,6.627931270486442e-06,True,True,False
abl_pool,Transformer head -> pooling,figshare/0392.png,fs_113554,1,True,0.005445692274305556,0.7598591446876526,0.4242608845233917,1.7879765437101014e-05,True,True,False
abl_pool,Transformer head -> pooling,figshare/0438.png,fs_99308,1,True,0.027628580729166668,0.9630693197250366,0.8233581185340881,0.00018706357514020056,True,True,False
abl_pool,Transformer head -> pooling,figshare/0439.png,fs_99308,1,True,0.03233506944444445,0.9660646319389343,0.8383879661560059,0.0003846652980428189,True,True,False
abl_pool,Transformer head -> pooling,figshare/0440.png,fs_99308,1,True,0.0345458984375,0.9449425339698792,0.8275294303894043,0.00021771725732833147,True,True,False
abl_pool,Transformer head -> pooling,figshare/0441.png,fs_99308,1,True,0.02667236328125,0.8749871850013733,0.744260847568512,2.4525696062482893e-05,True,True,False
abl_pool,Transformer head -> pooling,figshare/0442.png,fs_100360,1,True,0.022006564670138888,0.8481022119522095,0.6845915913581848,0.00021817606466356665,True,True,False
abl_pool,Transformer head -> pooling,figshare/0443.png,fs_100360,1,True,0.03608534071180555,0.9765287637710571,0.8333476781845093,0.0022856267169117928,True,True,False
abl_pool,Transformer head -> pooling,figshare/0444.png,fs_100360,1,True,0.03347439236111111,0.9521060585975647,0.8269492983818054,0.0005947918980382383,True,True,False
abl_pool,Transformer head -> pooling,figshare/0445.png,fs_100360,1,True,0.03360324435763889,0.9585365056991577,0.8404102325439453,0.0010737708071246743,True,True,False
abl_pool,Transformer head -> pooling,figshare/0446.png,fs_100360,1,True,0.021023220486111112,0.7791171669960022,0.6698490977287292,0.00018885466852225363,True,True,False
abl_pool,Transformer head -> pooling,figshare/0447.png,fs_100360,1,True,0.019137912326388888,0.9422010183334351,0.7616757750511169,0.0008751864661462605,True,True,False
abl_pool,Transformer head -> pooling,figshare/0450.png,fs_100639,1,True,0.006137424045138889,0.8943494558334351,0.5565369129180908,2.383353239565622e-05,True,True,False
abl_pool,Transformer head -> pooling,figshare/0451.png,fs_100639,1,True,0.007548014322916667,0.9349986910820007,0.615522563457489,8.13279693829827e-05,True,True,False
abl_pool,Transformer head -> pooling,figshare/0452.png,fs_100920,1,True,0.010287814670138888,0.8941434621810913,0.6468076109886169,0.00011385251127649099,True,True,False
abl_pool,Transformer head -> pooling,figshare/0453.png,fs_100920,1,True,0.014051649305555556,0.8894293308258057,0.7143678069114685,9.544172644382343e-05,True,True,False
abl_pool,Transformer head -> pooling,figshare/0454.png,fs_100920,1,True,0.013041178385416666,0.9132886528968811,0.7370579242706299,0.00011939935211557895,True,True,False
abl_pool,Transformer head -> pooling,figshare/0476.png,fs_102446,1,True,0.003350151909722222,0.7579571008682251,0.37117448449134827,1.5472854784093215e-06,True,True,False
abl_pool,Transformer head -> pooling,figshare/0477.png,fs_102446,1,True,0.0024617513020833335,0.6999987363815308,0.32275447249412537,2.7352068627806148e-06,True,True,False
abl_pool,Transformer head -> pooling,figshare/0510.png,fs_104281,1,True,0.021931966145833332,0.9412127137184143,0.7358834147453308,0.0001139905143645592,True,True,False
abl_pool,Transformer head -> pooling,figshare/0511.png,fs_104281,1,True,0.028469509548611112,0.959416389465332,0.801180899143219,0.0001730693766148761,True,True,False
abl_pool,Transformer head -> pooling,figshare/0512.png,fs_104281,1,True,0.029656304253472224,0.9409915208816528,0.8065071702003479,0.0001436858728993684,True,True,False
abl_pool,Transformer head -> pooling,figshare/0513.png,fs_104281,1,True,0.022772894965277776,0.9343262314796448,0.7739673256874084,0.0006716112839058042,True,True,False
abl_pool,Transformer head -> pooling,figshare/0517.png,fs_105374,1,True,0.00457763671875,0.8723852634429932,0.4022539258003235,3.761502739507705e-05,True,True,False
abl_pool,Transformer head -> pooling,figshare/0551.png,fs_107248,1,True,0.011338975694444444,0.8899111151695251,0.7107236981391907,9.21591927180998e-05,True,True,False
abl_pool,Transformer head -> pooling,figshare/0552.png,fs_107248,1,True,0.014655219184027778,0.8672525882720947,0.7413257360458374,0.000424260797444731,True,True,False
abl_pool,Transformer head -> pooling,figshare/0553.png,fs_107248,1,True,0.015292697482638888,0.7904329299926758,0.6906448602676392,0.0006754506612196565,True,True,False
abl_pool,Transformer head -> pooling,figshare/0554.png,fs_107248,1,True,0.008551703559027778,0.9369712471961975,0.6773090362548828,3.2961143006104976e-05,True,True,False
abl_pool,Transformer head -> pooling,figshare/0555.png,fs_107248,1,True,0.007914225260416666,0.874895453453064,0.6333455443382263,1.5169714970397763e-05,True,True,False
abl_pool,Transformer head -> pooling,figshare/0560.png,fs_107946,1,True,0.027635362413194444,0.777495801448822,0.6091824769973755,0.003874247893691063,True,True,False
abl_pool,Transformer head -> pooling,figshare/0561.png,fs_107946,1,True,0.03995090060763889,0.9050031304359436,0.7523621916770935,0.010046800598502159,True,True,False
abl_pool,Transformer head -> pooling,figshare/0562.png,fs_107946,1,True,0.030266655815972224,0.6125185489654541,0.5474956631660461,0.00030431008781306446,True,True,False
abl_pool,Transformer head -> pooling,figshare/0563.png,fs_107946,1,True,0.021253797743055556,0.610048770904541,0.5243318676948547,0.0020293656270951033,True,True,False
abl_pool,Transformer head -> pooling,figshare/0579.png,fs_109411,1,True,0.001858181423611111,0.8013214468955994,0.20138293504714966,3.872335128107807e-06,True,True,False
abl_pool,Transformer head -> pooling,figshare/0580.png,fs_109968,1,True,0.0128173828125,0.9266400337219238,0.688554048538208,6.772545748390257e-05,True,True,False
abl_pool,Transformer head -> pooling,figshare/0581.png,fs_109968,1,True,0.019239637586805556,0.9339356422424316,0.765864908695221,0.000187671190360561,True,True,False
abl_pool,Transformer head -> pooling,figshare/0582.png,fs_109968,1,True,0.021511501736111112,0.9462512135505676,0.7994856834411621,0.000457277667010203,True,True,False
abl_pool,Transformer head -> pooling,figshare/0583.png,fs_109968,1,True,0.017781575520833332,0.9280190467834473,0.7736597061157227,0.000209968100534752,True,True,False
abl_pool,Transformer head -> pooling,figshare/0593.png,fs_111532,1,True,0.015733506944444444,0.9250848293304443,0.719033420085907,0.0001987255527637899,True,True,False
abl_pool,Transformer head -> pooling,figshare/0594.png,fs_111532,1,True,0.019768608940972224,0.9240208268165588,0.7594259977340698,0.00015105886268429458,True,True,False
abl_pool,Transformer head -> pooling,figshare/0595.png,fs_111532,1,True,0.018961588541666668,0.9305889010429382,0.7655113339424133,0.00019054740550927818,True,True,False
abl_pool,Transformer head -> pooling,figshare/0597.png,fs_111710,1,True,0.0032958984375,0.7670572400093079,0.2985023260116577,1.2610043995664455e-05,True,True,False
abl_pool,Transformer head -> pooling,figshare/0598.png,fs_111710,1,True,0.002495659722222222,0.7171441912651062,0.30902335047721863,4.777653543897031e-07,True,True,False
abl_pool,Transformer head -> pooling,figshare/0625.png,fs_113435,1,True,0.030856662326388888,0.9653348922729492,0.8347525000572205,0.0010405337670817971,True,True,False
abl_pool,Transformer head -> pooling,figshare/0626.png,fs_113435,1,True,0.04853651258680555,0.9562940001487732,0.8782488703727722,0.00032018584897741675,True,True,False
abl_pool,Transformer head -> pooling,figshare/0627.png,fs_113435,1,True,0.057305230034722224,0.9740106463432312,0.9087047576904297,0.0002859540400095284,True,True,False
abl_pool,Transformer head -> pooling,figshare/0628.png,fs_113435,1,True,0.05818006727430555,0.9430878758430481,0.8814406394958496,0.00015642149082850665,True,True,False
abl_pool,Transformer head -> pooling,figshare/0629.png,fs_113435,1,True,0.049309624565972224,0.9338210225105286,0.8575947284698486,0.0038913723547011614,True,True,False
abl_pool,Transformer head -> pooling,figshare/0630.png,fs_113435,1,True,0.022596571180555556,0.7552201151847839,0.6569353938102722,0.00022461522894445807,True,True,False
abl_pool,Transformer head -> pooling,figshare/0631.png,fs_113554,1,True,0.006985134548611111,0.8644160628318787,0.5570209622383118,1.6006393707357347e-05,True,True,False
abl_pool,Transformer head -> pooling,figshare/0632.png,fs_113554,1,True,0.010111490885416666,0.8712896704673767,0.6383393406867981,1.2755201169056818e-05,True,True,False
abl_pool,Transformer head -> pooling,figshare/0633.png,fs_113554,1,True,0.008707682291666666,0.8364422917366028,0.5987756848335266,5.619065632345155e-06,True,True,False
abl_pool,Transformer head -> pooling,figshare/0634.png,fs_113554,1,True,0.00543212890625,0.8336610794067383,0.5146087408065796,7.210378043964738e-06,True,True,False
abl_pool,Transformer head -> pooling,figshare/0659.png,fs_97374,1,True,0.027398003472222224,0.8445857167243958,0.7516092658042908,0.0009017238044179976,True,False,False
abl_pool,Transformer head -> pooling,figshare/0660.png,fs_97374,1,True,0.037434895833333336,0.9650392532348633,0.8727098703384399,0.00042554750689305365,True,True,False
abl_pool,Transformer head -> pooling,figshare/0661.png,fs_97374,1,True,0.03757052951388889,0.9653713703155518,0.8687567114830017,0.0008808673592284322,True,True,False
abl_pool,Transformer head -> pooling,figshare/0662.png,fs_97374,1,True,0.029574924045138888,0.978774905204773,0.8517730832099915,0.0005234374548308551,True,True,False
abl_pool,Transformer head -> pooling,figshare/0663.png,fs_97374,1,True,0.022542317708333332,0.9719865918159485,0.8071220517158508,0.00030353551846928895,True,True,False
abl_pool,Transformer head -> pooling,figshare/0697.png,fs_99308,1,True,0.026265462239583332,0.9284136891365051,0.8119621276855469,0.0003140649350825697,True,True,False
abl_pool,Transformer head -> pooling,figshare/0698.png,fs_99308,1,True,0.03407118055555555,0.9672530293464661,0.8667173385620117,0.00039919212576933205,True,True,False
abl_pool,Transformer head -> pooling,figshare/0699.png,fs_99308,1,True,0.03282335069444445,0.9626295566558838,0.8543273210525513,0.0003381638089194894,True,True,False
abl_pool,Transformer head -> pooling,figshare/0700.png,fs_99308,1,True,0.022515190972222224,0.9055109024047852,0.7618312835693359,5.7602028391556814e-05,True,True,False
abl_pool,Transformer head -> pooling,figshare/0701.png,fs_99308,1,True,0.018588595920138888,0.9636391401290894,0.7514867782592773,0.0008198866853490472,True,True,False
abl_pool,Transformer head -> pooling,figshare/0702.png,fs_99308,1,True,0.012525770399305556,0.9352939128875732,0.6210122108459473,0.0011174471583217382,True,True,False
abl_pool,Transformer head -> pooling,figshare/0712.png,fs_106062,2,True,0.010267469618055556,0.8932467699050903,0.6694918870925903,0.0019612673204392195,True,True,False
abl_pool,Transformer head -> pooling,figshare/0713.png,fs_106062,2,True,0.011298285590277778,0.9246960878372192,0.729213535785675,0.0010490784188732505,True,True,False
abl_pool,Transformer head -> pooling,figshare/0714.png,fs_106062,2,True,0.010362413194444444,0.9036003947257996,0.709858238697052,0.00040887141949497163,True,True,False
abl_pool,Transformer head -> pooling,figshare/0792.png,fs_88670,0,True,0.02685546875,0.5442232489585876,0.4598630964756012,0.049348972737789154,False,True,True
abl_pool,Transformer head -> pooling,figshare/0793.png,fs_88670,0,True,0.0675930447048611,0.9383611083030701,0.8104158639907837,0.11307193338871002,True,True,True
abl_pool,Transformer head -> pooling,figshare/0794.png,fs_88670,0,True,0.050421820746527776,0.8164304494857788,0.7164477109909058,0.09155832231044769,True,True,True
abl_pool,Transformer head -> pooling,figshare/0795.png,fs_88670,0,True,0.05795627170138889,0.9371652603149414,0.8213014602661133,0.10538565367460251,True,True,True
abl_pool,Transformer head -> pooling,figshare/0796.png,fs_88670,0,True,0.05876329210069445,0.9365914463996887,0.8240588903427124,0.10530075430870056,True,True,True
abl_pool,Transformer head -> pooling,figshare/0797.png,fs_88670,0,True,0.04355197482638889,0.8724884390830994,0.7556331753730774,0.07757759094238281,True,True,True
abl_pool,Transformer head -> pooling,figshare/0798.png,fs_88670,0,True,0.017123752170138888,0.7220005393028259,0.5754057168960571,0.03307229280471802,False,True,True
abl_pool,Transformer head -> pooling,figshare/0857.png,fs_108479,0,True,0.019538031684027776,0.36240994930267334,0.3224981725215912,0.028215160593390465,True,True,True
abl_pool,Transformer head -> pooling,figshare/0858.png,fs_108479,0,True,0.024332682291666668,0.5624077916145325,0.4996802806854248,0.034395601600408554,False,True,True
abl_pool,Transformer head -> pooling,figshare/0865.png,fs_88670,0,True,0.025275336371527776,0.8244580626487732,0.6112522482872009,0.033895548433065414,True,True,True
abl_pool,Transformer head -> pooling,figshare/0866.png,fs_88670,0,True,0.05007595486111111,0.8978939056396484,0.7869325280189514,0.08465353399515152,True,True,True
abl_pool,Transformer head -> pooling,figshare/0867.png,fs_88670,0,True,0.05314805772569445,0.827326238155365,0.7475468516349792,0.09058447927236557,True,True,True
abl_pool,Transformer head -> pooling,figshare/0868.png,fs_88670,0,True,0.06824408637152778,0.911401093006134,0.8290393352508545,0.10759653151035309,True,True,True
abl_pool,Transformer head -> pooling,figshare/0869.png,fs_88670,0,True,0.0754055447048611,0.9273592233657837,0.8515716791152954,0.12046016752719879,True,True,True
abl_pool,Transformer head -> pooling,figshare/0912.png,fs_98889,0,True,0.004686143663194444,0.0004996500792913139,0.0003739513922482729,0.004388677887618542,False,False,False
abl_pool,Transformer head -> pooling,figshare/0913.png,fs_98889,0,True,0.01812744140625,0.9312403798103333,0.567335307598114,0.020147724077105522,True,True,True
abl_pool,Transformer head -> pooling,figshare/0914.png,fs_98889,0,True,0.01739501953125,0.8837096691131592,0.6105623841285706,0.03007340431213379,True,True,True
abl_pool,Transformer head -> pooling,figshare/0915.png,fs_98889,0,True,0.032185872395833336,0.877568781375885,0.7161893844604492,0.055686626583337784,True,True,True
abl_pool,Transformer head -> pooling,figshare/0916.png,fs_98889,0,True,0.03286404079861111,0.8102359771728516,0.7050885558128357,0.06561022251844406,True,True,True
abl_pool,Transformer head -> pooling,figshare/0917.png,fs_98889,0,True,0.037272135416666664,0.7772952318191528,0.6950307488441467,0.06567128002643585,True,True,True
abl_pool,Transformer head -> pooling,figshare/0922.png,fs_106062,2,True,0.013054741753472222,0.9408369064331055,0.7673006057739258,0.0014625329058617353,True,True,False
abl_pool,Transformer head -> pooling,figshare/0923.png,fs_106062,2,True,0.014207628038194444,0.9660490155220032,0.797521710395813,0.0012906544143334031,True,True,False
abl_pool,Transformer head -> pooling,figshare/0924.png,fs_106062,2,True,0.013739691840277778,0.9690322875976562,0.7835714817047119,0.001227877801284194,True,True,False
abl_pool,Transformer head -> pooling,figshare/0925.png,fs_106062,2,True,0.009847005208333334,0.9187071323394775,0.706002414226532,0.0008849306614138186,True,True,False
abl_pool,Transformer head -> pooling,figshare/0958.png,fs_109471,2,True,0.006890190972222222,0.8344545364379883,0.4881921112537384,0.003299860982224345,True,True,False
abl_pool,Transformer head -> pooling,figshare/0959.png,fs_109471,2,True,0.006449381510416667,0.8550571799278259,0.5136080980300903,0.0029038675129413605,True,True,False
abl_pool,Transformer head -> pooling,figshare/0960.png,fs_109471,2,True,0.007907443576388888,0.9449147582054138,0.5620629191398621,0.0034674187190830708,True,True,False
abl_pool,Transformer head -> pooling,figshare/0961.png,fs_109471,2,True,0.007982042100694444,0.8883228898048401,0.5465198755264282,0.004888479597866535,True,True,False
abl_pool,Transformer head -> pooling,figshare/0962.png,fs_109769,2,True,0.005594889322916667,0.8662476539611816,0.5228469967842102,0.002645194763317704,True,True,False
abl_pool,Transformer head -> pooling,figshare/0963.png,fs_109769,2,True,0.005866156684027778,0.7925291061401367,0.5389916896820068,0.002724291058257222,True,True,False
abl_pool,Transformer head -> pooling,figshare/0964.png,fs_109769,2,True,0.00677490234375,0.9466474056243896,0.6161655783653259,0.00272260676138103,True,True,False
abl_pool,Transformer head -> pooling,figshare/0965.png,fs_109769,2,True,0.002414279513888889,0.7347880601882935,0.3597259521484375,0.0003948858939111233,True,True,False
abl_pool,Transformer head -> pooling,figshare/0966.png,fs_109898,2,True,0.007093641493055556,0.882706880569458,0.5755395889282227,0.0013668442843481898,True,True,False
abl_pool,Transformer head -> pooling,figshare/0967.png,fs_109898,2,True,0.007514105902777778,0.8972073793411255,0.5932571887969971,0.0014796658651903272,True,True,False
abl_pool,Transformer head -> pooling,figshare/0968.png,fs_109898,2,True,0.012200249565972222,0.9585850834846497,0.705045759677887,0.0015915551921352744,True,True,False
abl_pool,Transformer head -> pooling,figshare/0969.png,fs_109898,2,True,0.0098876953125,0.8915979266166687,0.6001183986663818,0.0009471799712628126,True,True,False
abl_pool,Transformer head -> pooling,figshare/0970.png,fs_109898,2,True,0.005289713541666667,0.7832835912704468,0.4959028661251068,0.0007361390744335949,True,True,False
abl_pool,Transformer head -> pooling,figshare/0971.png,fs_109898,2,True,0.0032212999131944445,0.8182397484779358,0.41654011607170105,0.000463523727376014,True,True,False
abl_pool,Transformer head -> pooling,figshare/0976.png,fs_110993,2,True,0.008124457465277778,0.9609584212303162,0.5781907439231873,0.0028907996602356434,True,True,False
abl_pool,Transformer head -> pooling,figshare/0977.png,fs_110993,2,True,0.005533854166666667,0.9071861505508423,0.459915429353714,0.0021644276566803455,True,True,False
abl_pool,Transformer head -> pooling,figshare/0978.png,fs_110993,2,True,0.005018446180555556,0.7364531755447388,0.3946179449558258,0.0011955521767958999,True,True,False
abl_pool,Transformer head -> pooling,figshare/0979.png,fs_110993,2,True,0.008673773871527778,0.9549131989479065,0.6092852354049683,0.0021778910886496305,True,True,False
abl_pool,Transformer head -> pooling,figshare/0994.png,fs_112074,2,False,0.009894476996527778,0.9425989985466003,0.5959687232971191,3.60409940185491e-05,True,True,False
abl_pool,Transformer head -> pooling,figshare/0995.png,fs_112074,2,False,0.013014051649305556,0.9215153455734253,0.6513424515724182,2.6823252483154647e-05,True,True,False
abl_pool,Transformer head -> pooling,figshare/0996.png,fs_112074,2,False,0.010002983940972222,0.9355548024177551,0.595517098903656,1.741193227644544e-05,True,True,False
abl_pool,Transformer head -> pooling,figshare/0997.png,fs_112074,2,False,0.006137424045138889,0.87638258934021,0.4180671274662018,0.0,True,True,False
abl_pool,Transformer head -> pooling,figshare/1035.png,fs_106062,2,True,0.013814290364583334,0.9403371214866638,0.7587779760360718,0.0009062722674570978,True,True,False
abl_pool,Transformer head -> pooling,figshare/1036.png,fs_106062,2,True,0.020128038194444444,0.967860221862793,0.8289245367050171,0.0030780439265072346,True,True,False
abl_pool,Transformer head -> pooling,figshare/1037.png,fs_106062,2,True,0.021884494357638888,0.9728475213050842,0.8429588675498962,0.002844292903319001,True,True,False
abl_pool,Transformer head -> pooling,figshare/1038.png,fs_106062,2,True,0.020589192708333332,0.9435118436813354,0.817193865776062,0.0037474925629794598,True,True,False
abl_pool,Transformer head -> pooling,figshare/1039.png,fs_106062,2,True,0.017720540364583332,0.974642276763916,0.8376319408416748,0.002747718710452318,True,True,False
abl_pool,Transformer head -> pooling,figshare/1040.png,fs_106062,2,True,0.015923394097222224,0.9760010838508606,0.8211905360221863,0.004591365344822407,True,True,False
abl_pool,Transformer head -> pooling,figshare/1041.png,fs_106062,2,True,0.006605360243055556,0.8845155835151672,0.6350998282432556,0.0007397253066301346,True,True,False
abl_pool,Transformer head -> pooling,figshare/1077.png,fs_109471,2,True,0.005147298177083333,0.9035256505012512,0.5235415101051331,0.001692010322585702,True,True,False
abl_pool,Transformer head -> pooling,figshare/1078.png,fs_109471,2,True,0.015157063802083334,0.934314489364624,0.731473982334137,0.009509725496172905,True,True,True
abl_pool,Transformer head -> pooling,figshare/1079.png,fs_109471,2,True,0.016079372829861112,0.8868105411529541,0.7217229604721069,0.011045164428651333,True,True,True
abl_pool,Transformer head -> pooling,figshare/1080.png,fs_109471,2,True,0.0181884765625,0.9232615828514099,0.7643437385559082,0.010576256550848484,True,True,False
abl_pool,Transformer head -> pooling,figshare/1081.png,fs_109471,2,True,0.01849365234375,0.9794760346412659,0.7957582473754883,0.010376560501754284,True,True,True
abl_pool,Transformer head -> pooling,figshare/1082.png,fs_109471,2,True,0.0038655598958333335,0.25541454553604126,0.18957515060901642,0.0018176807789132,True,False,False
abl_pool,Transformer head -> pooling,figshare/1083.png,fs_109769,2,True,0.007636176215277778,0.953047513961792,0.6955037713050842,0.0020765371154993773,True,True,False
abl_pool,Transformer head -> pooling,figshare/1084.png,fs_109769,2,True,0.005133734809027778,0.7628393173217773,0.5381428003311157,0.0014405258698388934,True,True,False
abl_pool,Transformer head -> pooling,figshare/1085.png,fs_109769,2,True,0.00714111328125,0.6722943186759949,0.5136123895645142,0.0027140690945088863,False,True,False
abl_pool,Transformer head -> pooling,figshare/1086.png,fs_109769,2,True,0.0037434895833333335,0.20609928667545319,0.1796734780073166,0.0006966433138586581,False,False,False
abl_pool,Transformer head -> pooling,figshare/1087.png,fs_109769,2,True,0.0174560546875,0.9614230990409851,0.7823067307472229,0.009877377189695835,True,True,False
abl_pool,Transformer head -> pooling,figshare/1088.png,fs_109898,2,True,0.014682345920138888,0.9659473896026611,0.7212107181549072,0.010694778524339199,True,True,True
abl_pool,Transformer head -> pooling,figshare/1089.png,fs_109898,2,True,0.015814887152777776,0.989210307598114,0.7652722597122192,0.00808365736156702,True,True,False
abl_pool,Transformer head -> pooling,figshare/1090.png,fs_109898,2,True,0.016642252604166668,0.9699575304985046,0.8033226728439331,0.0027666937094181776,True,True,False
abl_pool,Transformer head -> pooling,figshare/1091.png,fs_109898,2,True,0.016628689236111112,0.9814168214797974,0.7485650777816772,0.0021979166194796562,True,True,False
abl_pool,Transformer head -> pooling,figshare/1092.png,fs_109898,2,True,0.010782877604166666,0.9445481300354004,0.7312163710594177,0.0006904096226207912,True,True,False
abl_pool,Transformer head -> pooling,figshare/1093.png,fs_109898,2,True,0.007819281684027778,0.7464196681976318,0.583715558052063,0.002813661005347967,True,True,False
abl_pool,Transformer head -> pooling,figshare/1107.png,fs_110993,2,True,0.006429036458333333,0.9211246371269226,0.6410373449325562,0.0010930525604635477,True,True,False
abl_pool,Transformer head -> pooling,figshare/1108.png,fs_110993,2,True,0.005947536892361111,0.8918726444244385,0.5677054524421692,0.002144244033843279,True,True,False
abl_pool,Transformer head -> pooling,figshare/1109.png,fs_110993,2,True,0.006585015190972222,0.610400915145874,0.47633126378059387,0.0027814956847578287,True,True,False
abl_pool,Transformer head -> pooling,figshare/1110.png,fs_110993,2,True,0.007676866319444444,0.8004746437072754,0.6261433959007263,0.003888926934450865,True,True,False
abl_pool,Transformer head -> pooling,figshare/1111.png,fs_110993,2,True,0.008375379774305556,0.8689895272254944,0.6896504163742065,0.004976843949407339,True,True,False
abl_pool,Transformer head -> pooling,figshare/1129.png,fs_112074,2,True,0.008768717447916666,0.9001862406730652,0.560505211353302,0.001477993675507605,True,True,False
abl_pool,Transformer head -> pooling,figshare/1130.png,fs_112074,2,True,0.013543023003472222,0.9640767574310303,0.6658050417900085,0.0015321868704631925,True,True,False
abl_pool,Transformer head -> pooling,figshare/1131.png,fs_112074,2,True,0.015252007378472222,0.954455554485321,0.6221486330032349,0.0011021901154890656,True,True,False
abl_pool,Transformer head -> pooling,figshare/1132.png,fs_112074,2,True,0.011115180121527778,0.9303383827209473,0.6157228946685791,0.0004890813142992556,True,True,False
abl_pool,Transformer head -> pooling,figshare/1133.png,fs_112074,2,True,0.009555392795138888,0.8945743441581726,0.602800190448761,0.0019260100089013577,True,True,False
abl_pool,Transformer head -> pooling,figshare/1169.png,fs_106062,2,True,0.013929578993055556,0.9426525235176086,0.8402513861656189,0.0035096958745270967,True,True,False
abl_pool,Transformer head -> pooling,figshare/1170.png,fs_106062,2,True,0.016513400607638888,0.9303049445152283,0.8385233879089355,0.00142275495454669,True,True,False
abl_pool,Transformer head -> pooling,figshare/1171.png,fs_106062,2,True,0.019741482204861112,0.9551708698272705,0.8638141751289368,0.002268839394673705,True,True,False
abl_pool,Transformer head -> pooling,figshare/1172.png,fs_106062,2,True,0.019585503472222224,0.9478139877319336,0.8655761480331421,0.0006685688276775181,True,True,False
abl_pool,Transformer head -> pooling,figshare/1173.png,fs_106062,2,True,0.01873779296875,0.9653870463371277,0.8810507655143738,0.001250402070581913,True,True,False
abl_pool,Transformer head -> pooling,figshare/1174.png,fs_106062,2,True,0.01654052734375,0.9446641802787781,0.8482444286346436,0.0024459604173898697,True,True,False
abl_pool,Transformer head -> pooling,figshare/1175.png,fs_106062,2,True,0.008755154079861112,0.7113938331604004,0.6052775382995605,0.0003944051277358085,False,True,False
abl_pool,Transformer head -> pooling,figshare/1208.png,fs_109471,2,True,0.005093044704861111,0.5404925346374512,0.3916776776313782,0.0030457295943051577,False,True,False
abl_pool,Transformer head -> pooling,figshare/1209.png,fs_109471,2,True,0.013637966579861112,0.9682767391204834,0.8253117799758911,0.008582260459661484,True,True,False
abl_pool,Transformer head -> pooling,figshare/1210.png,fs_109471,2,True,0.014112684461805556,0.8837247490882874,0.7619251608848572,0.005734793376177549,True,True,False
abl_pool,Transformer head -> pooling,figshare/1211.png,fs_109471,2,True,0.014309353298611112,0.9422857761383057,0.8139074444770813,0.007035385817289352,True,True,False
abl_pool,Transformer head -> pooling,figshare/1212.png,fs_109471,2,True,0.013203938802083334,0.9413635730743408,0.7964407801628113,0.007914002984762192,True,True,False
abl_pool,Transformer head -> pooling,figshare/1213.png,fs_109471,2,True,0.011603461371527778,0.9701133966445923,0.7840442061424255,0.004960523918271065,True,True,False
abl_pool,Transformer head -> pooling,figshare/1214.png,fs_109769,2,True,0.004530164930555556,0.898958146572113,0.6929303407669067,0.002207125537097454,True,True,False
abl_pool,Transformer head -> pooling,figshare/1215.png,fs_109769,2,True,0.0035875108506944445,0.8302321434020996,0.6299996376037598,0.0012555720750242472,True,True,False
abl_pool,Transformer head -> pooling,figshare/1216.png,fs_109769,2,True,0.005527072482638889,0.8743439316749573,0.7254701852798462,0.002435903763398528,True,True,False
abl_pool,Transformer head -> pooling,figshare/1217.png,fs_109769,2,True,0.004726833767361111,0.9031454920768738,0.7134937644004822,0.00267111137509346,True,True,False
abl_pool,Transformer head -> pooling,figshare/1218.png,fs_109769,2,True,0.002834743923611111,0.6006996035575867,0.4759632647037506,0.0006731655448675156,True,True,False
abl_pool,Transformer head -> pooling,figshare/1219.png,fs_109898,2,True,0.006964789496527778,0.9438005089759827,0.738100528717041,0.0016025584191083908,True,True,False
abl_pool,Transformer head -> pooling,figshare/1220.png,fs_109898,2,True,0.007737901475694444,0.6639280915260315,0.5596779584884644,0.0029990901239216328,True,True,False
abl_pool,Transformer head -> pooling,figshare/1221.png,fs_109898,2,True,0.0107421875,0.9480619430541992,0.8079104423522949,0.004765842109918594,True,True,True
abl_pool,Transformer head -> pooling,figshare/1230.png,fs_110993,2,True,0.011264377170138888,0.9589672088623047,0.5567530989646912,0.008589858189225197,True,True,True
abl_pool,Transformer head -> pooling,figshare/1231.png,fs_110993,2,True,0.0034383138020833335,0.855485737323761,0.591688334941864,0.0012591314734891057,True,True,False
abl_pool,Transformer head -> pooling,figshare/1232.png,fs_110993,2,True,0.002936469184027778,0.5826413035392761,0.44503286480903625,0.001084139570593834,True,True,False
abl_pool,Transformer head -> pooling,figshare/1246.png,fs_112074,2,False,0.006184895833333333,0.8119940757751465,0.5856794714927673,1.5304991052289552e-07,True,True,False
abl_pool,Transformer head -> pooling,figshare/1247.png,fs_112074,2,False,0.010423448350694444,0.9282266497612,0.7446095943450928,2.3638588118046755e-06,True,True,False
abl_pool,Transformer head -> pooling,figshare/1248.png,fs_112074,2,False,0.011956108940972222,0.9290803670883179,0.7793372273445129,1.699974382063374e-05,True,True,False
abl_pool,Transformer head -> pooling,figshare/1249.png,fs_112074,2,False,0.010898166232638888,0.9034029841423035,0.7322623133659363,1.6955526007222943e-05,True,True,False
abl_pool,Transformer head -> pooling,figshare/1250.png,fs_112074,2,False,0.0079345703125,0.9029197096824646,0.6440627574920654,3.919589630640985e-08,True,True,False
abl_pool,Transformer head -> pooling,figshare/1301.png,fs_103046,2,True,0.0036756727430555555,0.7937017679214478,0.4600774645805359,0.00043450179509818554,True,True,False
abl_pool,Transformer head -> pooling,figshare/1302.png,fs_103046,2,True,0.0036824544270833335,0.7531166672706604,0.44918280839920044,0.000563255394808948,True,True,False
abl_pool,Transformer head -> pooling,figshare/1303.png,fs_103046,2,True,0.004340277777777778,0.8042564988136292,0.5002917051315308,0.0005847294814884663,True,True,False
abl_pool,Transformer head -> pooling,figshare/1330.png,fs_103731,2,True,0.004191080729166667,0.7705299258232117,0.42214611172676086,0.00048762073856778443,True,True,False
abl_pool,Transformer head -> pooling,figshare/1331.png,fs_103731,2,True,0.003729926215277778,0.6308053135871887,0.3674299716949463,0.0005682412884198129,True,True,False
abl_pool,Transformer head -> pooling,figshare/1332.png,fs_103731,2,True,0.004482693142361111,0.7275204658508301,0.423218697309494,0.0014825857942923903,True,True,False
abl_pool,Transformer head -> pooling,figshare/1333.png,fs_103731,2,True,0.006252712673611111,0.91173255443573,0.5699942111968994,0.0022586039267480373,True,True,False
abl_pool,Transformer head -> pooling,figshare/1334.png,fs_103731,2,True,0.006585015190972222,0.9266013503074646,0.5729691982269287,0.0030436397064477205,True,True,False
abl_pool,Transformer head -> pooling,figshare/1335.png,fs_103731,2,True,0.008409288194444444,0.9589699506759644,0.6429663300514221,0.003011331195011735,True,True,False
abl_pool,Transformer head -> pooling,figshare/1336.png,fs_103731,2,True,0.008463541666666666,0.9439684748649597,0.6408559083938599,0.004195565357804298,True,True,False
abl_pool,Transformer head -> pooling,figshare/1337.png,fs_103731,2,True,0.007086859809027778,0.9456311464309692,0.6133013963699341,0.004665792919695377,True,True,False
abl_pool,Transformer head -> pooling,figshare/1338.png,fs_103731,2,True,0.005940755208333333,0.973526656627655,0.4942684471607208,0.00501337880268693,True,True,False
abl_pool,Transformer head -> pooling,figshare/1339.png,fs_103731,2,True,0.005174424913194444,0.513535737991333,0.3491152822971344,0.004541296511888504,True,True,False
abl_pool,Transformer head -> pooling,figshare/1374.png,fs_105187,2,True,0.00390625,0.7061059474945068,0.3653436005115509,0.0002382960228715092,True,True,False
abl_pool,Transformer head -> pooling,figshare/1375.png,fs_105187,2,True,0.004665798611111111,0.6627500057220459,0.39091888070106506,0.0001429090480087325,False,True,False
abl_pool,Transformer head -> pooling,figshare/1376.png,fs_105187,2,True,0.0030517578125,0.656377911567688,0.3147702217102051,8.423909457633272e-05,True,True,False
abl_pool,Transformer head -> pooling,figshare/1377.png,fs_105187,2,True,0.00201416015625,0.5862113237380981,0.24474872648715973,0.0005428706062957644,True,True,False
abl_pool,Transformer head -> pooling,figshare/1380.png,fs_105538,2,False,0.010450575086805556,0.9296613931655884,0.13056114315986633,0.0074491300620138645,True,True,False
abl_pool,Transformer head -> pooling,figshare/1381.png,fs_105538,2,False,0.0031873914930555555,0.6907906532287598,0.30184388160705566,6.748499799869023e-06,True,True,False
abl_pool,Transformer head -> pooling,figshare/1382.png,fs_105538,2,False,0.0032484266493055555,0.7986785173416138,0.3153330683708191,1.9884087976151932e-07,True,True,False
abl_pool,Transformer head -> pooling,figshare/1408.png,fs_97599,2,True,0.0015936957465277778,0.493386834859848,0.1608968824148178,0.0003387894539628178,True,True,False
abl_pool,Transformer head -> pooling,figshare/1409.png,fs_97599,2,True,0.00274658203125,0.8247014284133911,0.2730022072792053,0.0002725824888329953,True,True,False
abl_pool,Transformer head -> pooling,figshare/1487.png,fs_102669,2,True,0.0017225477430555555,0.3488031327724457,0.18469607830047607,0.0005105260643176734,True,False,False
abl_pool,Transformer head -> pooling,figshare/1488.png,fs_102669,2,True,0.0029703776041666665,0.7326753735542297,0.3241977393627167,0.001074078376404941,True,True,False
abl_pool,Transformer head -> pooling,figshare/1489.png,fs_103046,2,True,0.002997504340277778,0.5969821214675903,0.37387919425964355,0.0008799993083812296,True,True,False
abl_pool,Transformer head -> pooling,figshare/1490.png,fs_103046,2,True,0.005866156684027778,0.8922891020774841,0.6290162205696106,0.0014554455410689116,True,True,False
abl_pool,Transformer head -> pooling,figshare/1491.png,fs_103046,2,True,0.0030314127604166665,0.7971158027648926,0.4758221507072449,0.0007584946579299867,True,True,False
abl_pool,Transformer head -> pooling,figshare/1492.png,fs_103046,2,True,0.0027601453993055555,0.6987829208374023,0.435588002204895,0.0007921486394479871,True,True,False
abl_pool,Transformer head -> pooling,figshare/1521.png,fs_103731,2,True,0.00250244140625,0.38438305258750916,0.21294912695884705,0.0006504125776700675,True,True,False
abl_pool,Transformer head -> pooling,figshare/1522.png,fs_103731,2,True,0.008416069878472222,0.8603658676147461,0.6456764340400696,0.0034363034646958113,True,True,False
abl_pool,Transformer head -> pooling,figshare/1523.png,fs_103731,2,True,0.009304470486111112,0.8406701683998108,0.6543588638305664,0.004954662173986435,True,True,False
abl_pool,Transformer head -> pooling,figshare/1524.png,fs_103731,2,True,0.013807508680555556,0.8857162594795227,0.7076956033706665,0.009616115130484104,True,True,True
abl_pool,Transformer head -> pooling,figshare/1525.png,fs_103731,2,True,0.013888888888888888,0.8429257273674011,0.6997753381729126,0.011775470338761806,True,True,True
abl_pool,Transformer head -> pooling,figshare/1526.png,fs_103731,2,True,0.012593587239583334,0.5997686386108398,0.5220771431922913,0.008536695502698421,True,True,True
abl_pool,Transformer head -> pooling,figshare/1527.png,fs_103731,2,True,0.003323025173611111,0.2954898178577423,0.23700512945652008,0.0017043760744854808,False,True,False
abl_pool,Transformer head -> pooling,figshare/1557.png,fs_105187,2,True,0.0011800130208333333,0.2755395472049713,0.13885065913200378,0.0003363160649314523,True,True,False
abl_pool,Transformer head -> pooling,figshare/1558.png,fs_105187,2,True,0.0020345052083333335,0.5657880902290344,0.28868094086647034,0.0008796677575446665,True,True,False
abl_pool,Transformer head -> pooling,figshare/1559.png,fs_105187,2,True,0.005086263020833333,0.8250795602798462,0.6041809320449829,0.0005119096022099257,True,True,False
abl_pool,Transformer head -> pooling,figshare/1560.png,fs_105187,2,True,0.006598578559027778,0.882230281829834,0.6823856234550476,0.0007533814641647041,True,True,False
abl_pool,Transformer head -> pooling,figshare/1561.png,fs_105187,2,True,0.006103515625,0.8599106669425964,0.660857617855072,0.0012754800263792276,True,True,False
abl_pool,Transformer head -> pooling,figshare/1562.png,fs_105187,2,True,0.004503038194444444,0.5165398716926575,0.41350072622299194,0.0012630277778953314,True,True,False
abl_pool,Transformer head -> pooling,figshare/1566.png,fs_105538,2,False,0.002834743923611111,0.9034095406532288,0.27259841561317444,0.00023032937315292656,True,True,False
abl_pool,Transformer head -> pooling,figshare/1567.png,fs_105538,2,False,0.0025227864583333335,0.48678746819496155,0.26260337233543396,6.005646810081089e-06,True,True,False
abl_pool,Transformer head -> pooling,figshare/1594.png,fs_97599,2,True,0.001864963107638889,0.46549826860427856,0.2613494396209717,0.00044205266749486327,True,True,False
abl_pool,Transformer head -> pooling,figshare/1595.png,fs_97599,2,True,0.001254611545138889,0.43531304597854614,0.22064562141895294,0.00016605129349045455,True,True,False
abl_pool,Transformer head -> pooling,figshare/1672.png,fs_102669,2,True,0.001430935329861111,0.8026546239852905,0.2269529104232788,0.00045247498201206326,True,True,False
abl_pool,Transformer head -> pooling,figshare/1673.png,fs_103046,2,True,0.004930284288194444,0.844877302646637,0.6512307524681091,0.0022121984511613846,True,True,False
abl_pool,Transformer head -> pooling,figshare/1674.png,fs_103046,2,True,0.004611545138888889,0.864769697189331,0.6549888253211975,0.0018689902499318123,True,True,False
abl_pool,Transformer head -> pooling,figshare/1675.png,fs_103046,2,True,0.003716362847222222,0.7220078110694885,0.5459221005439758,0.0008380488725379109,True,True,False
abl_pool,Transformer head -> pooling,figshare/1676.png,fs_103046,2,True,0.0029771592881944445,0.863136351108551,0.5842681527137756,0.0008736962918192148,True,True,False
abl_pool,Transformer head -> pooling,figshare/1709.png,fs_103731,2,True,0.009507921006944444,0.6488004922866821,0.5685670971870422,0.007679625414311886,True,True,False
abl_pool,Transformer head -> pooling,figshare/1710.png,fs_103731,2,True,0.014716254340277778,0.9648333191871643,0.8266512155532837,0.010679516941308975,True,True,True
abl_pool,Transformer head -> pooling,figshare/1711.png,fs_103731,2,True,0.015143500434027778,0.9624932408332825,0.7853513956069946,0.014113390818238258,True,True,True
abl_pool,Transformer head -> pooling,figshare/1712.png,fs_103731,2,True,0.013427734375,0.959121584892273,0.7986695766448975,0.011052141897380352,True,True,True
abl_pool,Transformer head -> pooling,figshare/1713.png,fs_103731,2,True,0.006829155815972222,0.8990837931632996,0.6621939539909363,0.004899830557405949,True,True,False
abl_pool,Transformer head -> pooling,figshare/1748.png,fs_105187,2,True,0.0022379557291666665,0.6570054888725281,0.4247182309627533,0.00011861719394801185,True,True,False
abl_pool,Transformer head -> pooling,figshare/1749.png,fs_105187,2,True,0.0029296875,0.7038514614105225,0.49810343980789185,0.00016020468319766223,True,True,False
abl_pool,Transformer head -> pooling,figshare/1750.png,fs_105187,2,True,0.0037027994791666665,0.8283941745758057,0.5906338095664978,0.0003072061517741531,True,True,False
abl_pool,Transformer head -> pooling,figshare/1751.png,fs_105187,2,True,0.003926595052083333,0.8816473484039307,0.6231217384338379,0.0004166926664765924,True,True,False
abl_pool,Transformer head -> pooling,figshare/1752.png,fs_105187,2,True,0.004014756944444444,0.9355888366699219,0.6356933116912842,0.0005696457228623331,True,True,False
abl_pool,Transformer head -> pooling,figshare/1753.png,fs_105187,2,True,0.0025160047743055555,0.8694120645523071,0.5138061046600342,0.000727801292669028,True,True,False
abl_pool,Transformer head -> pooling,figshare/1759.png,fs_105538,2,False,0.00347900390625,0.15745936334133148,0.00803034845739603,0.0030003483407199383,False,False,False
abl_pool,Transformer head -> pooling,figshare/1760.png,fs_105538,2,False,0.0036824544270833335,0.00021012025536037982,0.0001584082201588899,0.0011250261450186372,False,False,False
abl_pool,Transformer head -> pooling,figshare/1786.png,fs_97599,2,True,0.0017293294270833333,0.7081522941589355,0.33797338604927063,0.0005705677904188633,True,True,False
abl_pool,Transformer head -> pooling,figshare/1787.png,fs_97599,2,True,0.0019327799479166667,0.7109406590461731,0.3849627375602722,0.0005341610522009432,True,True,False
abl_pool,Transformer head -> pooling,figshare/1788.png,fs_97599,2,True,0.0018378363715277778,0.7574666142463684,0.39464443922042847,0.0005574667593464255,True,True,False
abl_pool,Transformer head -> pooling,figshare/1914.png,fs_MR049453,0,True,0.012247721354166666,0.11261766403913498,0.08344922214746475,0.010799717158079147,False,False,False
abl_pool,Transformer head -> pooling,figshare/1915.png,fs_MR049453,0,True,0.017964680989583332,0.6662916541099548,0.4790704846382141,0.03500383719801903,True,True,True
abl_pool,Transformer head -> pooling,figshare/1916.png,fs_MR049453,0,True,0.04623752170138889,0.9818103313446045,0.7678055763244629,0.07184024155139923,True,True,True
abl_pool,Transformer head -> pooling,figshare/1917.png,fs_MR049453,0,True,0.026136610243055556,0.6175966262817383,0.5015550851821899,0.0679929256439209,True,True,True
abl_pool,Transformer head -> pooling,figshare/1918.png,fs_MR049453,0,True,0.048821343315972224,0.8703283667564392,0.7345212697982788,0.088618203997612,True,True,True
abl_pool,Transformer head -> pooling,figshare/1919.png,fs_MR049453,0,True,0.044135199652777776,0.9299498200416565,0.7665625810623169,0.0855758935213089,True,True,True
abl_pool,Transformer head -> pooling,figshare/1920.png,fs_MR049453,0,True,0.033745659722222224,0.9097055792808533,0.7066981792449951,0.0654589831829071,True,True,True
abl_pool,Transformer head -> pooling,figshare/1937.png,fs_MR049453B,0,True,0.060553656684027776,0.9655259251594543,0.82014000415802,0.09317991882562637,True,True,True
abl_pool,Transformer head -> pooling,figshare/1938.png,fs_MR049453B,0,True,0.0715603298611111,0.8897091150283813,0.7790265083312988,0.11490083485841751,True,True,True
abl_pool,Transformer head -> pooling,figshare/1939.png,fs_MR049453B,0,True,0.037848578559027776,0.6440948247909546,0.5525313019752502,0.07273971289396286,True,True,True
abl_pool,Transformer head -> pooling,figshare/1940.png,fs_MR049453B,0,True,0.04197862413194445,0.8425456881523132,0.7047948241233826,0.07354667782783508,True,True,True
abl_pool,Transformer head -> pooling,figshare/1941.png,fs_MR049453B,0,True,0.035786946614583336,0.6204288005828857,0.5335630774497986,0.060767970979213715,False,True,True
abl_pool,Transformer head -> pooling,figshare/1942.png,fs_MR049453B,0,True,0.0318603515625,0.6928889155387878,0.5713644027709961,0.059236157685518265,True,True,True
abl_pool,Transformer head -> pooling,figshare/1943.png,fs_MR049453B,0,True,0.036051432291666664,0.7742031812667847,0.6264694333076477,0.06190200522542,True,True,True
abl_pool,Transformer head -> pooling,figshare/1944.png,fs_MR049453B,0,True,0.022291395399305556,0.8460758328437805,0.6073228120803833,0.03631746023893356,True,True,True
abl_pool,Transformer head -> pooling,figshare/1950.png,fs_MR050135B,0,True,0.00421142578125,0.6882897615432739,0.3061700761318207,0.0059090107679367065,True,True,True
abl_pool,Transformer head -> pooling,figshare/1951.png,fs_MR050135B,0,True,0.010423448350694444,0.7733041048049927,0.48356741666793823,0.021570289507508278,True,True,True
abl_pool,Transformer head -> pooling,figshare/1952.png,fs_MR050135B,0,True,0.019117567274305556,0.7566618919372559,0.5558772087097168,0.039843589067459106,True,True,True
abl_pool,Transformer head -> pooling,figshare/1953.png,fs_MR050135B,0,True,0.015862358940972224,0.6855361461639404,0.4980059564113617,0.026413902640342712,True,True,True
abl_pool,Transformer head -> pooling,figshare/1954.png,fs_MR050135B,0,True,0.006876627604166667,0.33173808455467224,0.2294638603925705,0.011562352068722248,True,True,True
abl_pool,Transformer head -> pooling,figshare/1955.png,fs_MR050135B,0,True,0.011766221788194444,0.5418722033500671,0.3696037530899048,0.02166621759533882,True,True,True
abl_pool,Transformer head -> pooling,figshare/1956.png,fs_MR050135B,0,True,0.012986924913194444,0.8701212406158447,0.5320462584495544,0.024974258616566658,True,True,True
abl_pool,Transformer head -> pooling,figshare/1957.png,fs_MR050135B,0,True,0.015462239583333334,0.7589437961578369,0.5238006114959717,0.0348852276802063,False,True,True
abl_pool,Transformer head -> pooling,figshare/1958.png,fs_MR050135B,0,True,0.015916612413194444,0.724601686000824,0.5056411623954773,0.033639099448919296,True,True,True
abl_pool,Transformer head -> pooling,figshare/1959.png,fs_MR050135B,0,True,0.002997504340277778,0.4907771050930023,0.16795103251934052,0.003282208926975727,True,True,True
abl_pool,Transformer head -> pooling,figshare/1960.png,fs_MR050135B,0,True,0.018669976128472224,0.9088586568832397,0.5422126650810242,0.021811459213495255,True,True,True
abl_pool,Transformer head -> pooling,figshare/1961.png,fs_MR050135B,0,True,0.030836317274305556,0.9696635007858276,0.5757077932357788,0.03354129195213318,True,True,True
abl_pool,Transformer head -> pooling,figshare/1962.png,fs_MR050135B,0,True,0.03141954210069445,0.9385027885437012,0.7040957808494568,0.04724365472793579,True,True,True
abl_pool,Transformer head -> pooling,figshare/1963.png,fs_MR050135B,0,True,0.026835123697916668,0.9471904635429382,0.6700429320335388,0.044464562088251114,True,True,True
abl_pool,Transformer head -> pooling,figshare/1974.png,fs_MR050791B,0,True,0.003512912326388889,0.13765981793403625,0.10993440449237823,0.004744243808090687,False,False,False
abl_pool,Transformer head -> pooling,figshare/1975.png,fs_MR050791B,0,True,0.006666395399305556,5.524463631445542e-05,1.3245494301372673e-05,0.00698727834969759,False,False,False
abl_pool,Transformer head -> pooling,figshare/1976.png,fs_MR050791B,0,False,0.011189778645833334,0.07729413360357285,0.06719274073839188,0.007447452750056982,False,False,False
abl_pool,Transformer head -> pooling,figshare/1977.png,fs_MR050791B,0,True,0.012885199652777778,0.25161460041999817,0.22277230024337769,0.0003784596920013428,False,False,False
abl_pool,Transformer head -> pooling,figshare/1978.png,fs_MR050791B,0,True,0.024169921875,0.5308908224105835,0.45807740092277527,1.0985872904711869e-06,False,True,False
abl_pool,Transformer head -> pooling,figshare/1979.png,fs_MR050791B,0,True,0.020331488715277776,0.6330949068069458,0.4748803377151489,0.04111826419830322,True,True,True
abl_pool,Transformer head -> pooling,figshare/1980.png,fs_MR050791B,0,True,0.017266167534722224,0.3342229127883911,0.21658354997634888,0.01836797408759594,True,True,False
abl_pool,Transformer head -> pooling,figshare/1981.png,fs_MR050791B,0,True,0.012037489149305556,0.7090945839881897,0.39555057883262634,0.026083696633577347,True,True,True
abl_pool,Transformer head -> pooling,figshare/1982.png,fs_MR050791B,0,True,0.024854871961805556,0.021833321079611778,0.0002714738657232374,0.025282911956310272,False,False,False
abl_pool,Transformer head -> pooling,figshare/1983.png,fs_MR050791B,0,True,0.012518988715277778,0.02276107668876648,0.00016653565398883075,0.01272713765501976,False,False,False
abl_pool,Transformer head -> pooling,figshare/2012.png,fs_MR051461B,0,True,0.015184190538194444,0.5824422836303711,0.39788901805877686,0.02183106727898121,False,True,True
abl_pool,Transformer head -> pooling,figshare/2013.png,fs_MR051461B,0,True,0.011617024739583334,0.4625723958015442,0.2900017201900482,0.013397357426583767,False,False,False
abl_pool,Transformer head -> pooling,figshare/2014.png,fs_MR051461B,0,True,0.030029296875,0.82850182056427,0.6299612522125244,0.045462530106306076,True,True,True
abl_pool,Transformer head -> pooling,figshare/2015.png,fs_MR051461B,0,True,0.021504720052083332,0.6278752684593201,0.49964001774787903,0.0501413494348526,False,True,True
abl_pool,Transformer head -> pooling,figshare/2016.png,fs_MR051461B,0,True,0.0257568359375,0.6858505606651306,0.5438586473464966,0.04633957892656326,True,True,True
abl_pool,Transformer head -> pooling,figshare/2087.png,fs_MR053110B,0,True,0.0277099609375,0.7761451601982117,0.5603901743888855,0.030171586200594902,True,True,True
abl_pool,Transformer head -> pooling,figshare/2088.png,fs_MR053110B,0,True,0.030239529079861112,0.9356419444084167,0.7259891629219055,0.03938303515315056,True,True,True
abl_pool,Transformer head -> pooling,figshare/2089.png,fs_MR053110B,0,True,0.05325656467013889,0.8639141917228699,0.7091169357299805,0.07380876690149307,True,True,True
abl_pool,Transformer head -> pooling,figshare/2090.png,fs_MR053110B,0,True,0.05180528428819445,0.8434301614761353,0.7331820726394653,0.08295212686061859,True,True,True
abl_pool,Transformer head -> pooling,figshare/2091.png,fs_MR053110B,0,True,0.03962537977430555,0.8078351020812988,0.6575921773910522,0.06435757130384445,True,True,True
abl_pool,Transformer head -> pooling,figshare/2092.png,fs_MR053110B,0,True,0.01458740234375,0.32650226354599,0.2613268196582794,0.02499520592391491,False,False,False
abl_pool,Transformer head -> pooling,figshare/2093.png,fs_MR034694,0,True,0.006198459201388889,0.5278388857841492,0.26087284088134766,0.009108196943998337,False,True,True
abl_pool,Transformer head -> pooling,figshare/2094.png,fs_MR034694,0,True,0.017408582899305556,0.5896106362342834,0.42137739062309265,0.030991049483418465,False,True,True
abl_pool,Transformer head -> pooling,figshare/2095.png,fs_MR034694,0,True,0.027872721354166668,0.9285981059074402,0.6739205718040466,0.046554770320653915,True,True,True
abl_pool,Transformer head -> pooling,figshare/2096.png,fs_MR034694,0,True,0.017103407118055556,0.5735772848129272,0.427359014749527,0.03912670910358429,True,True,True
abl_pool,Transformer head -> pooling,figshare/2112.png,fs_MR034997,0,True,0.008009168836805556,0.6757267713546753,0.33080822229385376,0.011368931271135807,True,True,True
abl_pool,Transformer head -> pooling,figshare/2113.png,fs_MR034997,0,True,0.01776123046875,0.5969708561897278,0.4090808033943176,0.021969808265566826,True,True,True
abl_pool,Transformer head -> pooling,figshare/2114.png,fs_MR034997,0,True,0.019965277777777776,0.9134299755096436,0.6254549622535706,0.03280659392476082,True,True,True
abl_pool,Transformer head -> pooling,figshare/2115.png,fs_MR034997,0,True,0.021172417534722224,0.8460002541542053,0.6083358526229858,0.04806436225771904,True,True,True
abl_pool,Transformer head -> pooling,figshare/2116.png,fs_MR034997,0,True,0.016866048177083332,0.875528872013092,0.5771277546882629,0.03611321002244949,True,True,True
abl_pool,Transformer head -> pooling,figshare/2117.png,fs_MR034997,0,True,0.015068901909722222,0.8251373767852783,0.5389392971992493,0.032849159091711044,True,True,True
abl_pool,Transformer head -> pooling,figshare/2118.png,fs_MR034997,0,True,0.004909939236111111,0.2874508798122406,0.18827465176582336,0.012097344733774662,True,True,True
abl_pool,Transformer head -> pooling,figshare/2134.png,fs_MR049019G,0,True,0.024915907118055556,0.8654059171676636,0.5327256917953491,0.03314237296581268,False,True,True
abl_pool,Transformer head -> pooling,figshare/2135.png,fs_MR049019G,0,True,0.04578993055555555,0.8105341196060181,0.5830682516098022,0.05366354063153267,True,True,True
abl_pool,Transformer head -> pooling,figshare/2136.png,fs_MR049019G,0,True,0.015123155381944444,0.27576959133148193,0.23577813804149628,0.034771326929330826,True,True,True
abl_pool,Transformer head -> pooling,figshare/2137.png,fs_MR049019G,0,True,0.017652723524305556,0.3383113741874695,0.28630179166793823,0.03870515152812004,True,True,True
abl_pool,Transformer head -> pooling,figshare/2138.png,fs_MR049019G,0,True,0.027140299479166668,0.47423121333122253,0.4003073275089264,0.05349951609969139,True,True,True
abl_pool,Transformer head -> pooling,figshare/2139.png,fs_MR049019G,0,True,0.016350640190972224,0.4154462516307831,0.3352721035480499,0.03685755655169487,True,False,True
abl_pool,Transformer head -> pooling,figshare/2140.png,fs_MR049019G,0,True,0.019490559895833332,0.40917617082595825,0.3384138345718384,0.03936610743403435,True,True,True
abl_pool,Transformer head -> pooling,figshare/2166.png,fs_MR037458B,0,True,0.011508517795138888,0.19101114571094513,0.0023134644143283367,0.011126739904284477,True,False,False
abl_pool,Transformer head -> pooling,figshare/2167.png,fs_MR037458B,0,True,0.014377170138888888,0.34262731671333313,0.005021606106311083,0.014369380660355091,True,True,False
abl_pool,Transformer head -> pooling,figshare/2168.png,fs_MR037458B,0,True,0.0027940538194444445,0.5909845232963562,0.20086896419525146,0.002556120976805687,True,True,True
abl_pool,Transformer head -> pooling,figshare/2169.png,fs_MR037458B,0,False,0.005276150173611111,0.8240190744400024,0.28071996569633484,0.0011024331906810403,True,True,False
abl_pool,Transformer head -> pooling,figshare/2170.png,fs_MR037458B,0,True,0.007154676649305556,0.5132263898849487,0.30885809659957886,0.007494382560253143,True,True,True
abl_pool,Transformer head -> pooling,figshare/2171.png,fs_MR037458B,0,True,0.019999186197916668,0.6368603110313416,0.4741368889808655,0.027193602174520493,True,True,True
abl_pool,Transformer head -> pooling,figshare/2172.png,fs_MR037458B,0,True,0.015726725260416668,0.9606613516807556,0.5856589078903198,0.01741967163980007,True,True,True
abl_pool,Transformer head -> pooling,figshare/2173.png,fs_MR037458B,0,True,0.017137315538194444,0.973750114440918,0.5643097162246704,0.015705130994319916,True,True,True
abl_pool,Transformer head -> pooling,figshare/2196.png,fs_MR040240,0,True,0.00738525390625,0.5874496698379517,0.3309423327445984,0.008291765116155148,False,True,True
abl_pool,Transformer head -> pooling,figshare/2197.png,fs_MR040240,0,True,0.010443793402777778,0.47384876012802124,0.344889372587204,0.020992018282413483,True,True,True
abl_pool,Transformer head -> pooling,figshare/2198.png,fs_MR040240,0,True,0.030768500434027776,0.8916258811950684,0.7100897431373596,0.05874818563461304,True,True,True
abl_pool,Transformer head -> pooling,figshare/2199.png,fs_MR040240,0,True,0.028327094184027776,0.6258620023727417,0.5202688574790955,0.052137576043605804,True,True,True
abl_pool,Transformer head -> pooling,figshare/2200.png,fs_MR040240,0,True,0.025058322482638888,0.5951997637748718,0.4889090061187744,0.05576595664024353,True,False,True
abl_pool,Transformer head -> pooling,figshare/2201.png,fs_MR040240,0,True,0.020948621961805556,0.4441094398498535,0.367878258228302,0.04780564457178116,False,False,True
abl_pool,Transformer head -> pooling,figshare/2202.png,fs_MR040240,0,True,0.033515082465277776,0.7401292324066162,0.5866594910621643,0.05388074740767479,False,True,True
abl_pool,Transformer head -> pooling,figshare/2203.png,fs_MR040240,0,True,0.025648328993055556,0.6209365725517273,0.5031049847602844,0.06092941761016846,False,True,True
abl_pool,Transformer head -> pooling,figshare/2204.png,fs_MR040240,0,True,0.016086154513888888,0.5030678510665894,0.39315685629844666,0.038913529366254807,False,True,True
abl_pool,Transformer head -> pooling,figshare/2205.png,fs_MR040240,0,True,0.008734809027777778,0.3308677077293396,0.2347079962491989,0.01204981841146946,False,False,False
abl_pool,Transformer head -> pooling,figshare/2270.png,fs_MR049453,0,True,0.004258897569444444,0.468487948179245,0.2533467710018158,0.006784694269299507,True,True,True
abl_pool,Transformer head -> pooling,figshare/2271.png,fs_MR049453,0,True,0.028001573350694444,0.9365835785865784,0.7103016376495361,0.0413721464574337,False,True,True
abl_pool,Transformer head -> pooling,figshare/2272.png,fs_MR049453,0,True,0.01495361328125,0.3987427353858948,0.32622605562210083,0.03475744277238846,True,True,True
abl_pool,Transformer head -> pooling,figshare/2273.png,fs_MR049453,0,True,0.03408474392361111,0.8839912414550781,0.7315292358398438,0.06967145204544067,True,True,True
abl_pool,Transformer head -> pooling,figshare/2274.png,fs_MR049453,0,True,0.03238254123263889,0.8484030365943909,0.6916971206665039,0.05778207257390022,True,True,True
abl_pool,Transformer head -> pooling,figshare/2275.png,fs_MR049453,0,True,0.023912217881944444,0.8130782842636108,0.6329115033149719,0.04237302765250206,True,True,True
abl_pool,Transformer head -> pooling,figshare/2276.png,fs_MR049453,0,True,0.009962293836805556,0.4644966125488281,0.32863739132881165,0.018297972157597542,False,True,True
abl_pool,Transformer head -> pooling,figshare/2277.png,fs_MR049453,0,True,0.010348849826388888,0.5197320580482483,0.3658004403114319,0.020924275740981102,True,True,True
abl_pool,Transformer head -> pooling,figshare/2278.png,fs_MR049453,0,True,0.004014756944444444,0.2928546667098999,0.1815856397151947,0.007746445015072823,True,True,True
abl_pool,Transformer head -> pooling,figshare/2286.png,fs_MR049453B,0,True,0.0037367078993055555,0.644670844078064,0.13021358847618103,0.002925300505012274,False,True,False
abl_pool,Transformer head -> pooling,figshare/2287.png,fs_MR049453B,0,True,0.003655327690972222,0.39852505922317505,0.20722907781600952,0.008227646350860596,True,True,True
abl_pool,Transformer head -> pooling,figshare/2288.png,fs_MR049453B,0,True,0.050360785590277776,0.9038696885108948,0.7963722944259644,0.08383304625749588,True,True,True
abl_pool,Transformer head -> pooling,figshare/2289.png,fs_MR049453B,0,True,0.03554958767361111,0.6607664227485657,0.5840871930122375,0.06913966685533524,False,True,True
abl_pool,Transformer head -> pooling,figshare/2290.png,fs_MR049453B,0,True,0.036553276909722224,0.8744511604309082,0.729816734790802,0.06927932798862457,True,True,True
abl_pool,Transformer head -> pooling,figshare/2291.png,fs_MR049453B,0,True,0.019802517361111112,0.6586681604385376,0.5306640863418579,0.03724391385912895,True,True,True
abl_pool,Transformer head -> pooling,figshare/2292.png,fs_MR049453B,0,True,0.009568956163194444,0.6405648589134216,0.3694021701812744,0.011866812594234943,True,True,True
abl_pool,Transformer head -> pooling,figshare/2293.png,fs_MR049453B,0,True,0.017734103732638888,0.9455685019493103,0.6322982907295227,0.024663757532835007,True,True,True
abl_pool,Transformer head -> pooling,figshare/2294.png,fs_MR049453B,0,True,0.005316840277777778,0.24630974233150482,0.15830369293689728,0.006211248692125082,True,False,False
abl_pool,Transformer head -> pooling,figshare/2295.png,fs_MR049453B,0,True,0.015272352430555556,0.30841100215911865,0.26325175166130066,0.02407408319413662,True,False,False
abl_pool,Transformer head -> pooling,figshare/2296.png,fs_MR049453B,0,True,0.024400499131944444,0.38325071334838867,0.3377739489078522,0.03943350911140442,False,False,False
abl_pool,Transformer head -> pooling,figshare/2297.png,fs_MR049453B,0,True,0.044074164496527776,0.76776522397995,0.6702576279640198,0.07307910919189453,True,True,True
abl_pool,Transformer head -> pooling,figshare/2298.png,fs_MR049453B,0,True,0.046210394965277776,0.7893840074539185,0.6963602900505066,0.0798826590180397,True,True,True
abl_pool,Transformer head -> pooling,figshare/2299.png,fs_MR049453B,0,True,0.049323187934027776,0.7566959857940674,0.6779832243919373,0.08391579985618591,True,True,True
abl_pool,Transformer head -> pooling,figshare/2300.png,fs_MR050135B,0,True,0.004170735677083333,0.33824828267097473,0.2033737748861313,0.007304118014872074,False,True,True
abl_pool,Transformer head -> pooling,figshare/2301.png,fs_MR050135B,0,True,0.018263075086805556,0.9783790111541748,0.4521586000919342,0.018642915412783623,True,True,True
abl_pool,Transformer head -> pooling,figshare/2302.png,fs_MR050135B,0,True,0.006137424045138889,0.7041906714439392,0.3848704695701599,0.009172792546451092,True,True,True
abl_pool,Transformer head -> pooling,figshare/2303.png,fs_MR050135B,0,True,0.018941243489583332,0.9186164736747742,0.6263302564620972,0.023101169615983963,True,True,True
abl_pool,Transformer head -> pooling,figshare/2304.png,fs_MR050135B,0,True,0.022989908854166668,0.9934438467025757,0.6489763259887695,0.025397421792149544,True,True,True
abl_pool,Transformer head -> pooling,figshare/2305.png,fs_MR050135B,0,True,0.025838216145833332,0.9307805299758911,0.6949916481971741,0.033714428544044495,True,True,True
abl_pool,Transformer head -> pooling,figshare/2306.png,fs_MR050135B,0,True,0.021565755208333332,0.9788292050361633,0.6758800148963928,0.019848382100462914,True,True,True
abl_pool,Transformer head -> pooling,figshare/2307.png,fs_MR050135B,0,True,0.007331000434027778,0.5244666337966919,0.34286147356033325,0.00967358611524105,True,True,True
abl_pool,Transformer head -> pooling,figshare/2308.png,fs_MR050135B,0,True,0.013210720486111112,0.5596380233764648,0.4310559928417206,0.016737183555960655,False,True,True
abl_pool,Transformer head -> pooling,figshare/2309.png,fs_MR050135B,0,True,0.013014051649305556,0.9133996963500977,0.6261909604072571,0.021439747884869576,True,True,True
abl_pool,Transformer head -> pooling,figshare/2310.png,fs_MR050135B,0,True,0.012837727864583334,0.9166097044944763,0.6019235849380493,0.0215146541595459,True,True,True
abl_pool,Transformer head -> pooling,figshare/2317.png,fs_MR050791B,0,True,0.026740180121527776,0.05762815847992897,0.0020205238834023476,0.02630544826388359,True,False,False
abl_pool,Transformer head -> pooling,figshare/2318.png,fs_MR050791B,0,True,0.04482693142361111,0.9617249369621277,0.7708578109741211,0.051599349826574326,True,True,True
abl_pool,Transformer head -> pooling,figshare/2319.png,fs_MR050791B,0,True,0.032111273871527776,0.7616060376167297,0.6730261445045471,0.036295853555202484,False,True,True
abl_pool,Transformer head -> pooling,figshare/2320.png,fs_MR050791B,0,True,0.020846896701388888,0.3425036072731018,0.3876887559890747,0.0241444930434227,False,False,False
abl_pool,Transformer head -> pooling,figshare/2349.png,fs_MR024780E,0,True,0.007439507378472222,0.7711484432220459,0.35951337218284607,0.01159295067191124,True,True,True
abl_pool,Transformer head -> pooling,figshare/2362.png,fs_MR040240C,0,True,0.008490668402777778,0.6801556348800659,0.3606562614440918,0.010623796842992306,True,True,True
abl_pool,Transformer head -> pooling,figshare/2363.png,fs_MR040240C,0,True,0.0033772786458333335,0.2417791187763214,0.13708548247814178,0.0044511123560369015,True,True,True
abl_pool,Transformer head -> pooling,figshare/2364.png,fs_MR040240C,0,True,0.003851996527777778,0.41360509395599365,0.19891132414340973,0.007412923965603113,True,True,True
abl_pool,Transformer head -> pooling,figshare/2365.png,fs_MR040240C,0,True,0.020426432291666668,0.9478437900543213,0.6146126985549927,0.024723635986447334,True,True,True
abl_pool,Transformer head -> pooling,figshare/2366.png,fs_MR040240C,0,True,0.023417154947916668,0.6399036645889282,0.4854605793952942,0.041084252297878265,True,True,True
abl_pool,Transformer head -> pooling,figshare/2367.png,fs_MR040240C,0,True,0.042928059895833336,0.8347007632255554,0.6869304776191711,0.071177177131176,True,True,True
abl_pool,Transformer head -> pooling,figshare/2368.png,fs_MR040240C,0,True,0.06172010633680555,0.7436269521713257,0.6490598917007446,0.09075472503900528,False,False,True
abl_pool,Transformer head -> pooling,figshare/2369.png,fs_MR040240C,0,True,0.052361382378472224,0.6522279977798462,0.567573070526123,0.07690906524658203,False,False,True
abl_pool,Transformer head -> pooling,figshare/2370.png,fs_MR040240C,0,True,0.07093641493055555,0.9420164227485657,0.8094766736030579,0.10146384686231613,True,True,True
abl_pool,Transformer head -> pooling,figshare/2371.png,fs_MR040240C,0,True,0.059244791666666664,0.8919646739959717,0.7482726573944092,0.0880248174071312,True,True,True
abl_pool,Transformer head -> pooling,figshare/2372.png,fs_MR040240C,0,True,0.01580810546875,0.4620305895805359,0.36244848370552063,0.03681165352463722,True,True,True
abl_pool,Transformer head -> pooling,figshare/2373.png,fs_MR040240D,0,True,0.0035400390625,0.563246488571167,0.21880196034908295,0.004797758534550667,True,True,True
abl_pool,Transformer head -> pooling,figshare/2374.png,fs_MR040240D,0,True,0.0064697265625,0.21662813425064087,0.15603449940681458,0.013381528668105602,True,True,True
abl_pool,Transformer head -> pooling,figshare/2375.png,fs_MR040240D,0,True,0.003390842013888889,7.206104055512697e-05,3.632848529377952e-05,0.0035717193968594074,False,False,False
abl_pool,Transformer head -> pooling,figshare/2376.png,fs_MR040240D,0,True,0.03207058376736111,0.9400610327720642,0.7008600831031799,0.05062537267804146,True,True,True
abl_pool,Transformer head -> pooling,figshare/2377.png,fs_MR040240D,0,True,0.029127332899305556,0.8081485033035278,0.6259313225746155,0.05202966183423996,True,True,True
abl_pool,Transformer head -> pooling,figshare/2378.png,fs_MR040240D,0,True,0.032036675347222224,0.7508805394172668,0.5978396534919739,0.06267257779836655,True,True,True
abl_pool,Transformer head -> pooling,figshare/2379.png,fs_MR040240D,0,True,0.06580268012152778,0.9531696438789368,0.8204770684242249,0.1040152981877327,True,True,True
abl_pool,Transformer head -> pooling,figshare/2380.png,fs_MR040240D,0,True,0.058844672309027776,0.9329044222831726,0.7992919683456421,0.09485166519880295,True,True,True
abl_pool,Transformer head -> pooling,figshare/2381.png,fs_MR040240D,0,True,0.05537245008680555,0.9340630769729614,0.7830776572227478,0.0759086087346077,True,True,True
abl_pool,Transformer head -> pooling,figshare/2382.png,fs_MR040240D,0,True,0.052741156684027776,0.9141348004341125,0.750557005405426,0.07927314937114716,True,True,True
abl_pool,Transformer head -> pooling,figshare/2383.png,fs_MR040240D,0,True,0.00421142578125,0.1798684149980545,0.11496157199144363,0.0059928433038294315,True,True,True
abl_pool,Transformer head -> pooling,figshare/2443.png,fs_MR040240,0,True,0.028347439236111112,0.9775340557098389,0.691904604434967,0.040003351867198944,True,True,True
abl_pool,Transformer head -> pooling,figshare/2444.png,fs_MR040240,0,True,0.049886067708333336,0.9740697741508484,0.8111122846603394,0.08005674928426743,True,True,True
abl_pool,Transformer head -> pooling,figshare/2445.png,fs_MR040240,0,True,0.046515570746527776,0.8742747902870178,0.7507535815238953,0.07248272746801376,True,True,True
abl_pool,Transformer head -> pooling,figshare/2446.png,fs_MR040240,0,True,0.050103081597222224,0.9535302519798279,0.8316872715950012,0.0825677365064621,True,True,True
abl_pool,Transformer head -> pooling,figshare/2447.png,fs_MR040240,0,True,0.029446072048611112,0.5534636974334717,0.47040292620658875,0.04365739971399307,False,False,True
abl_pool,Transformer head -> pooling,figshare/2448.png,fs_MR040240,0,True,0.028788248697916668,0.6335818767547607,0.5467702150344849,0.051396604627370834,True,True,True
abl_pool,Transformer head -> pooling,figshare/2449.png,fs_MR040240,0,True,0.029947916666666668,0.645493745803833,0.5541201829910278,0.04072665050625801,True,True,True
abl_pool,Transformer head -> pooling,figshare/2450.png,fs_MR040240,0,True,0.037150065104166664,0.897931694984436,0.7651653289794922,0.0592745877802372,True,True,True
abl_pool,Transformer head -> pooling,figshare/2451.png,fs_MR040240,0,True,0.02386474609375,0.6248802542686462,0.5010713934898376,0.0319247841835022,True,True,True
abl_pool,Transformer head -> pooling,figshare/2452.png,fs_MR040240,0,True,0.009589301215277778,0.216206356883049,0.004079160746186972,0.009786192327737808,True,False,False
abl_pool,Transformer head -> pooling,figshare/2496.png,fs_MR024780E,0,True,0.00408935546875,5.8034966059494764e-05,1.7962604033527896e-05,0.004360005259513855,False,False,False
abl_pool,Transformer head -> pooling,figshare/2497.png,fs_MR024780E,0,True,0.002448187934027778,0.20723484456539154,0.10133082419633865,0.0023816623724997044,True,False,False
abl_pool,Transformer head -> pooling,figshare/2498.png,fs_MR024780E,0,True,0.007256401909722222,0.2282753586769104,0.13357658684253693,0.0077111246064305305,True,True,False
abl_pool,Transformer head -> pooling,figshare/2509.png,fs_MR040240C,0,True,0.021023220486111112,0.9329939484596252,0.6340494751930237,0.036619171500205994,True,True,True
abl_pool,Transformer head -> pooling,figshare/2510.png,fs_MR040240C,0,True,0.021708170572916668,0.8440836668014526,0.609492301940918,0.042051900178194046,True,True,True
abl_pool,Transformer head -> pooling,figshare/2511.png,fs_MR040240C,0,True,0.00787353515625,0.5266451835632324,0.32800281047821045,0.017500855028629303,True,True,True
abl_pool,Transformer head -> pooling,figshare/2512.png,fs_MR040240C,0,True,0.009813096788194444,0.6836066842079163,0.4213423430919647,0.021478548645973206,True,True,True
abl_pool,Transformer head -> pooling,figshare/2513.png,fs_MR040240C,0,True,0.013502332899305556,0.7961863875389099,0.5342428684234619,0.029631178826093674,True,True,True
abl_pool,Transformer head -> pooling,figshare/2514.png,fs_MR040240C,0,True,0.0146484375,0.553654670715332,0.4249435067176819,0.029967190697789192,True,True,True
abl_pool,Transformer head -> pooling,figshare/2515.png,fs_MR040240C,0,True,0.015360514322916666,0.4713180959224701,0.3759686052799225,0.03400178626179695,False,True,True
abl_pool,Transformer head -> pooling,figshare/2516.png,fs_MR040240C,0,True,0.03158908420138889,0.8109499216079712,0.6532171368598938,0.0583404116332531,True,True,True
abl_pool,Transformer head -> pooling,figshare/2517.png,fs_MR040240C,0,True,0.03372531467013889,0.7847487330436707,0.6453161835670471,0.07097426801919937,True,True,True
abl_pool,Transformer head -> pooling,figshare/2518.png,fs_MR040240C,0,True,0.013326009114583334,0.34351715445518494,0.2849386930465698,0.02938229590654373,False,True,True
abl_pool,Transformer head -> pooling,figshare/2519.png,fs_MR040240C,0,True,0.013814290364583334,0.3472355902194977,0.2849504053592682,0.028863348066806793,False,True,True
abl_pool,Transformer head -> pooling,figshare/2520.png,fs_MR040240C,0,True,0.03912353515625,0.9094883799552917,0.7473767399787903,0.0699131190776825,True,True,True
abl_pool,Transformer head -> pooling,figshare/2521.png,fs_MR040240C,0,True,0.029947916666666668,0.7120383977890015,0.5362080335617065,0.03440410643815994,True,True,True
abl_pool,Transformer head -> pooling,figshare/2522.png,fs_MR040240C,0,True,0.009806315104166666,0.6710968017578125,0.400377094745636,0.01680830307304859,True,True,True
abl_pool,Transformer head -> pooling,figshare/2523.png,fs_MR040240C,0,True,0.007853190104166666,0.7638749480247498,0.37558209896087646,0.011545884422957897,True,True,True
abl_pool,Transformer head -> pooling,figshare/2550.png,fs_MR051461B,0,True,0.008185492621527778,0.35985103249549866,0.2710511088371277,0.013591763563454151,True,True,True
abl_pool,Transformer head -> pooling,figshare/2551.png,fs_MR051461B,0,True,0.007317437065972222,0.47899171710014343,0.3218168318271637,0.014874057844281197,False,True,True
abl_pool,Transformer head -> pooling,figshare/2552.png,fs_MR051461B,0,True,0.007988823784722222,0.472119003534317,0.35559478402137756,0.016072524711489677,True,True,True
abl_pool,Transformer head -> pooling,figshare/2553.png,fs_MR051461B,0,True,0.008314344618055556,0.33996835350990295,0.2689550220966339,0.02019616961479187,False,True,True
abl_pool,Transformer head -> pooling,figshare/2617.png,fs_MR053110B,0,True,0.026041666666666668,0.454406201839447,0.40450695157051086,0.027414284646511078,False,True,False
abl_pool,Transformer head -> pooling,figshare/2618.png,fs_MR053110B,0,True,0.028272840711805556,0.786340594291687,0.6126810312271118,0.029580289497971535,True,True,True
abl_pool,Transformer head -> pooling,figshare/2619.png,fs_MR053110B,0,True,0.036383734809027776,0.7750723958015442,0.6741863489151001,0.0406823568046093,True,True,True
abl_pool,Transformer head -> pooling,figshare/2620.png,fs_MR053110B,0,True,0.03361680772569445,0.8612104654312134,0.6942988634109497,0.048670291900634766,True,True,True
abl_pool,Transformer head -> pooling,figshare/2621.png,fs_MR053110B,0,True,0.029500325520833332,0.7917946577072144,0.6558963060379028,0.04086918383836746,True,True,True
abl_pool,Transformer head -> pooling,figshare/2622.png,fs_MR053110B,0,True,0.028516981336805556,0.7704651951789856,0.6540449261665344,0.05767996236681938,True,True,True
abl_pool,Transformer head -> pooling,figshare/2623.png,fs_MR053110B,0,True,0.028164333767361112,0.7505517601966858,0.6328974366188049,0.05980096012353897,True,True,True
abl_pool,Transformer head -> pooling,figshare/2624.png,fs_MR034694,0,True,0.009189181857638888,0.8755254745483398,0.44513291120529175,0.011659206822514534,True,True,True
abl_pool,Transformer head -> pooling,figshare/2625.png,fs_MR034694,0,True,0.00933837890625,0.005822349339723587,0.000380198733182624,0.009363391436636448,False,False,False
abl_pool,Transformer head -> pooling,figshare/2626.png,fs_MR034694,0,True,0.020304361979166668,0.040088459849357605,0.021218452602624893,0.019508516415953636,False,False,False
abl_pool,Transformer head -> pooling,figshare/2627.png,fs_MR034694,0,True,0.011935763888888888,0.4293997883796692,0.3434695601463318,0.02307206019759178,True,True,True
abl_pool,Transformer head -> pooling,figshare/2628.png,fs_MR034694,0,True,0.023857964409722224,0.9856285452842712,0.7061783075332642,0.03808344528079033,True,True,True
abl_pool,Transformer head -> pooling,figshare/2629.png,fs_MR034694,0,True,0.025356716579861112,0.7611532807350159,0.5377530455589294,0.031723424792289734,True,True,True
abl_pool,Transformer head -> pooling,figshare/2630.png,fs_MR034694,0,True,0.017835828993055556,0.9911015033721924,0.5693212747573853,0.02348870038986206,True,True,True
abl_pool,Transformer head -> pooling,figshare/2646.png,fs_MR053241C,0,True,0.008341471354166666,0.004011493641883135,5.3907078836346045e-05,0.009207981638610363,False,False,False
abl_pool,Transformer head -> pooling,figshare/2647.png,fs_MR053241C,0,True,0.005655924479166667,0.007644535508006811,4.710952998721041e-05,0.0061420719139277935,False,False,False
abl_pool,Transformer head -> pooling,figshare/2648.png,fs_MR053241C,0,True,0.004835340711805556,5.8031037042383105e-05,2.7109083021059632e-05,0.004907586146146059,False,False,False
abl_pool,Transformer head -> pooling,figshare/2649.png,fs_MR053241C,0,True,0.0052490234375,0.014704340137541294,0.00017609134374652058,0.00533472653478384,False,False,False
abl_pool,Transformer head -> pooling,figshare/2650.png,fs_MR034997,0,True,0.010158962673611112,0.8236598968505859,0.4935910999774933,0.01872631348669529,True,True,True
abl_pool,Transformer head -> pooling,figshare/2651.png,fs_MR034997,0,True,0.021952311197916668,0.9799755811691284,0.6353416442871094,0.03368844464421272,True,True,True
abl_pool,Transformer head -> pooling,figshare/2652.png,fs_MR034997,0,True,0.024447970920138888,0.9863145351409912,0.6732316017150879,0.038246139883995056,True,True,True
abl_pool,Transformer head -> pooling,figshare/2653.png,fs_MR034997,0,True,0.022623697916666668,0.9834501147270203,0.6730232834815979,0.033976178616285324,True,True,True
abl_pool,Transformer head -> pooling,figshare/2654.png,fs_MR034997,0,True,0.025139702690972224,0.9921722412109375,0.6734942197799683,0.03659110143780708,True,True,True
abl_pool,Transformer head -> pooling,figshare/2655.png,fs_MR034997,0,True,0.020521375868055556,0.9891363978385925,0.5775171518325806,0.025730054825544357,True,True,True
abl_pool,Transformer head -> pooling,figshare/2656.png,fs_MR034997,0,True,0.0159912109375,0.67357337474823,0.4835222661495209,0.025372080504894257,True,True,True
abl_pool,Transformer head -> pooling,figshare/2675.png,fs_MR049019G,0,True,0.019646538628472224,0.42069992423057556,0.3585619628429413,0.033700842410326004,False,False,True
abl_pool,Transformer head -> pooling,figshare/2676.png,fs_MR049019G,0,True,0.023362901475694444,0.6791757941246033,0.5564383268356323,0.044327594339847565,True,True,True
abl_pool,Transformer head -> pooling,figshare/2677.png,fs_MR049019G,0,True,0.027065700954861112,0.8057950139045715,0.6638309359550476,0.054108262062072754,True,True,True
abl_pool,Transformer head -> pooling,figshare/2702.png,fs_MR037458B,0,False,0.002509223090277778,0.004484105389565229,3.9456946979044005e-05,0.0024655626621097326,False,False,False
abl_pool,Transformer head -> pooling,figshare/2703.png,fs_MR037458B,0,True,0.006632486979166667,0.506324291229248,0.07026663422584534,0.0006656856858171523,False,False,False
abl_pool,Transformer head -> pooling,figshare/2704.png,fs_MR037458B,0,True,0.0128173828125,0.6327483654022217,0.4611603021621704,0.014814835973083973,False,True,True
abl_pool,Transformer head -> pooling,figshare/2705.png,fs_MR037458B,0,True,0.020358615451388888,0.6710405945777893,0.48569145798683167,0.025638066232204437,True,True,True
abl_pool,Transformer head -> pooling,figshare/2706.png,fs_MR037458B,0,True,0.017442491319444444,0.871694028377533,0.6009705662727356,0.028223345056176186,True,True,True
abl_pool,Transformer head -> pooling,figshare/2707.png,fs_MR037458B,0,False,0.011298285590277778,0.7294009923934937,0.48974648118019104,0.02672344259917736,True,True,True
abl_pool,Transformer head -> pooling,figshare/2708.png,fs_MR037458B,0,True,0.005255805121527778,0.7528426051139832,0.35606950521469116,0.0077017685398459435,True,True,True
abl_pool,Transformer head -> pooling,figshare/2709.png,fs_MR037458B,0,False,0.006422254774305556,0.022907424718141556,0.00040793264633975923,0.006518613081425428,False,False,True
abl_pool,Transformer head -> pooling,figshare/2743.png,fs_MR049019G,0,True,0.013014051649305556,0.365054190158844,0.33584800362586975,0.022092627361416817,False,False,False
abl_pool,Transformer head -> pooling,figshare/2744.png,fs_MR049019G,0,True,0.014492458767361112,0.3772315979003906,0.34334391355514526,0.03152794763445854,False,True,True
abl_pool,Transformer head -> pooling,figshare/2745.png,fs_MR049019G,0,True,0.03921847873263889,0.5576701760292053,0.5511312484741211,0.06368730962276459,True,True,True
abl_pool,Transformer head -> pooling,figshare/2746.png,fs_MR049019G,0,True,0.024393717447916668,0.4310770034790039,0.42191582918167114,0.04266626760363579,True,True,True
abl_pool,Transformer head -> pooling,figshare/2747.png,fs_MR049019G,0,True,0.008884006076388888,0.4217270016670227,0.36971014738082886,0.0164658036082983,False,True,True
abl_pool,Transformer head -> pooling,figshare/2769.png,fs_MR037458B,0,True,0.014180501302083334,0.2821060121059418,0.2219153344631195,0.016896914690732956,False,True,True
abl_pool,Transformer head -> pooling,figshare/2770.png,fs_MR037458B,0,True,0.007290310329861111,0.39342284202575684,0.2573087215423584,0.008351101540029049,True,True,False
abl_pool,Transformer head -> pooling,figshare/2771.png,fs_MR037458B,0,True,0.025214301215277776,0.7603965997695923,0.5974845290184021,0.0443359911441803,False,True,True
abl_pool,Transformer head -> pooling,figshare/2772.png,fs_MR037458B,0,True,0.018235948350694444,0.7228830456733704,0.534781813621521,0.026604564860463142,True,True,True
abl_pool,Transformer head -> pooling,figshare/2773.png,fs_MR037458B,0,False,0.017768012152777776,0.5926970839500427,0.39798060059547424,0.008961248211562634,True,True,False
abl_pool,Transformer head -> pooling,figshare/2787.png,fs_MR040240,0,True,0.024210611979166668,0.5956291556358337,0.52122962474823,0.04225734993815422,True,True,True
abl_pool,Transformer head -> pooling,figshare/2788.png,fs_MR040240,0,True,0.014492458767361112,0.7530521154403687,0.6112001538276672,0.020083095878362656,True,True,True
abl_pool,Transformer head -> pooling,figshare/2789.png,fs_MR040240,0,True,0.05129665798611111,0.9799371361732483,0.9047489166259766,0.06448214501142502,True,True,True
abl_pool,Transformer head -> pooling,figshare/2790.png,fs_MR040240,0,True,0.05272081163194445,0.9838442206382751,0.8935382962226868,0.05897381156682968,True,True,True
abl_pool,Transformer head -> pooling,figshare/2791.png,fs_MR040240,0,True,0.038872612847222224,0.9502692818641663,0.7493233680725098,0.050504229962825775,True,True,True
abl_pool,Transformer head -> pooling,figshare/2792.png,fs_MR040240,0,True,0.017747667100694444,0.5805324912071228,0.46852362155914307,0.034327950328588486,True,True,True
abl_pool,Transformer head -> pooling,figshare/2793.png,fs_MR040240,0,True,0.015550401475694444,0.8184512257575989,0.6140833497047424,0.023169105872511864,True,True,True
abl_pool,Transformer head -> pooling,figshare/2794.png,fs_MR040240,0,True,0.006985134548611111,0.5442806482315063,0.350084125995636,0.008889064192771912,True,True,True
abl_pool,Transformer head -> pooling,figshare/2876.png,fs_MR049453,0,True,0.007012261284722222,0.001881541684269905,0.0005305854720063508,0.007281777914613485,False,False,False
abl_pool,Transformer head -> pooling,figshare/2877.png,fs_MR049453,0,True,0.018086751302083332,0.8021259903907776,0.69502854347229,0.034959081560373306,True,True,True
abl_pool,Transformer head -> pooling,figshare/2878.png,fs_MR049453,0,True,0.028469509548611112,0.8298661708831787,0.7587515115737915,0.056711629033088684,True,True,True
abl_pool,Transformer head -> pooling,figshare/2879.png,fs_MR049453,0,True,0.04705810546875,0.8949431777000427,0.8230456709861755,0.08313602209091187,True,True,True
abl_pool,Transformer head -> pooling,figshare/2880.png,fs_MR049453,0,True,0.03195529513888889,0.7542238831520081,0.6911309957504272,0.059347838163375854,True,True,True
abl_pool,Transformer head -> pooling,figshare/2881.png,fs_MR049453,0,True,0.029832628038194444,0.639655351638794,0.5778723955154419,0.05257749184966087,True,True,True
abl_pool,Transformer head -> pooling,figshare/2882.png,fs_MR049453,0,True,0.04216172960069445,0.8233321905136108,0.7185549139976501,0.05918512120842934,True,True,True
abl_pool,Transformer head -> pooling,figshare/2883.png,fs_MR049453,0,True,0.004706488715277778,0.3934960961341858,0.2599315941333771,0.008164753206074238,False,True,True
abl_pool,Transformer head -> pooling,figshare/2884.png,fs_MR049453,0,True,0.006252712673611111,0.6570287942886353,0.376924067735672,0.01052081398665905,True,True,True
abl_pool,Transformer head -> pooling,figshare/2891.png,fs_MR050135B,0,True,0.011637369791666666,0.7683305144309998,0.5241600871086121,0.021891353651881218,True,True,True
abl_pool,Transformer head -> pooling,figshare/2892.png,fs_MR050135B,0,True,0.015414767795138888,0.6634687185287476,0.5257377028465271,0.030229544267058372,True,True,True
abl_pool,Transformer head -> pooling,figshare/2893.png,fs_MR050135B,0,True,0.019816080729166668,0.6393640041351318,0.5412278771400452,0.037182293832302094,True,True,True
abl_pool,Transformer head -> pooling,figshare/2894.png,fs_MR050135B,0,True,0.042683919270833336,0.9839049577713013,0.8571080565452576,0.04740380868315697,True,True,True
abl_pool,Transformer head -> pooling,figshare/2895.png,fs_MR050135B,0,True,0.004475911458333333,0.19718307256698608,0.16099868714809418,0.007153129670768976,True,True,True
abl_pool,Transformer head -> pooling,figshare/2896.png,fs_MR050135B,0,True,0.012498643663194444,0.6811661124229431,0.5519915223121643,0.024578532204031944,True,True,True
abl_pool,Transformer head -> pooling,figshare/2897.png,fs_MR050135B,0,True,0.016323513454861112,0.8291049003601074,0.6843481659889221,0.02783704362809658,True,True,True
abl_pool,Transformer head -> pooling,figshare/2898.png,fs_MR050135B,0,True,0.0126953125,0.864037811756134,0.6814225316047668,0.017575982958078384,True,True,True
abl_pool,Transformer head -> pooling,figshare/2899.png,fs_MR050135B,0,True,0.005852593315972222,0.3263416588306427,0.2611321210861206,0.010364430956542492,True,True,True
abl_pool,Transformer head -> pooling,figshare/2906.png,fs_MR050791B,0,True,0.00286865234375,0.004503743257373571,3.572420609998517e-05,0.0030610994435846806,False,False,False
abl_pool,Transformer head -> pooling,figshare/2907.png,fs_MR050791B,0,True,0.009385850694444444,0.24250264465808868,0.24758341908454895,0.00940069928765297,False,True,True
abl_pool,Transformer head -> pooling,figshare/2908.png,fs_MR050791B,0,True,0.014112684461805556,0.8159034848213196,0.5450009107589722,0.02142108418047428,False,True,True
abl_pool,Transformer head -> pooling,figshare/2909.png,fs_MR050791B,0,True,0.020534939236111112,0.7796889543533325,0.5025601387023926,0.022117797285318375,True,True,True
abl_pool,Transformer head -> pooling,figshare/2910.png,fs_MR050791B,0,True,0.015265570746527778,0.14823725819587708,0.010255369357764721,0.014617995359003544,False,False,False
abl_pool,Transformer head -> pooling,figshare/2911.png,fs_MR050791B,0,True,0.010138617621527778,0.013132990337908268,0.0014621113659814,0.010508222505450249,False,False,False
abl_pool,Transformer head -> pooling,figshare/2912.png,fs_MR050791B,0,True,0.010328504774305556,0.1677769124507904,0.22773949801921844,0.01153471413999796,False,False,True
abl_pool,Transformer head -> pooling,figshare/2913.png,fs_MR050791B,0,True,0.00726318359375,0.16726280748844147,0.18201790750026703,0.00939603429287672,False,False,False
abl_pool,Transformer head -> pooling,figshare/2999.png,fs_MR053110B,0,True,0.019449869791666668,0.8524401783943176,0.6238732933998108,0.022246895357966423,True,True,True
abl_pool,Transformer head -> pooling,figshare/3000.png,fs_MR053110B,0,True,0.025614420572916668,0.5834266543388367,0.5475260019302368,0.031800683587789536,False,True,True
abl_pool,Transformer head -> pooling,figshare/3001.png,fs_MR053110B,0,True,0.03150770399305555,0.874031126499176,0.7372031807899475,0.04060237482190132,True,True,True
abl_pool,Transformer head -> pooling,figshare/3002.png,fs_MR053110B,0,True,0.038655598958333336,0.8447492122650146,0.6615296602249146,0.04045536369085312,True,True,True
abl_pool,Transformer head -> pooling,figshare/3003.png,fs_MR053110B,0,True,0.026896158854166668,0.3763938248157501,0.307451993227005,0.02549898810684681,False,True,False
abl_pool,Transformer head -> pooling,figshare/3004.png,fs_MR053110B,0,True,0.001315646701388889,0.026348993182182312,0.021725144237279892,0.0028980979695916176,False,False,False
abl_pool,Transformer head -> pooling,figshare/3005.png,fs_MR034694,0,True,0.01019287109375,0.6249170899391174,0.5290895700454712,0.017251983284950256,True,True,True
abl_pool,Transformer head -> pooling,figshare/3006.png,fs_MR034694,0,True,0.018269856770833332,0.8830623626708984,0.7716095447540283,0.027854038402438164,True,True,True
abl_pool,Transformer head -> pooling,figshare/3007.png,fs_MR034694,0,True,0.016255696614583332,0.8228581547737122,0.7179517149925232,0.032591693103313446,True,True,True
abl_pool,Transformer head -> pooling,figshare/3008.png,fs_MR034694,0,True,0.016228569878472224,0.8001540303230286,0.6717928647994995,0.025659069418907166,True,True,True
abl_pool,Transformer head -> pooling,figshare/3022.png,fs_MR034997,0,True,0.006361219618055556,0.8450115323066711,0.3619428873062134,0.006666798144578934,True,True,True
abl_pool,Transformer head -> pooling,figshare/3023.png,fs_MR034997,0,True,0.013319227430555556,0.8625544905662537,0.5786474347114563,0.022660652175545692,True,True,True
abl_pool,Transformer head -> pooling,figshare/3024.png,fs_MR034997,0,True,0.021694607204861112,0.8990020751953125,0.7056727409362793,0.040399860590696335,True,True,True
abl_pool,Transformer head -> pooling,figshare/3025.png,fs_MR034997,0,True,0.024787055121527776,0.9481744170188904,0.7651588320732117,0.04466363042593002,True,True,True
abl_pool,Transformer head -> pooling,figshare/3026.png,fs_MR034997,0,True,0.019280327690972224,0.8067102432250977,0.6604248881340027,0.04015141725540161,True,True,True
abl_pool,Transformer head -> pooling,figshare/3027.png,fs_MR034997,0,True,0.013102213541666666,0.5424973368644714,0.44818198680877686,0.027887504547834396,False,True,True
abl_pool,Transformer head -> pooling,figshare/3028.png,fs_MR034997,0,True,0.002570258246527778,0.10175356268882751,0.08457478880882263,0.006290839985013008,False,True,True
abl_pool,Transformer head -> pooling,figshare/3039.png,fs_MR024780E,0,True,0.001193576388888889,0.6458389759063721,0.033110566437244415,0.0013675655936822295,True,True,True
abl_pool,Transformer head -> pooling,figshare/3040.png,fs_MR024780E,0,True,0.003017849392361111,0.481529176235199,0.011743870563805103,0.0035719124134629965,True,True,True
abl_pool,Transformer head -> pooling,figshare/3041.png,fs_MR024780E,0,True,0.0025838216145833335,0.17139877378940582,0.08737847954034805,0.002256374806165695,False,False,False
abl_pool,Transformer head -> pooling,figshare/3042.png,fs_MR040240C,0,True,0.021280924479166668,0.2839108109474182,0.2459435611963272,0.030508827418088913,False,False,True
abl_pool,Transformer head -> pooling,figshare/3043.png,fs_MR040240C,0,True,0.015313042534722222,0.24382779002189636,0.21430721879005432,0.031705550849437714,True,False,True
abl_pool,Transformer head -> pooling,figshare/3044.png,fs_MR040240C,0,True,0.034125434027777776,0.5084840655326843,0.45002481341362,0.05542375147342682,False,True,True
abl_pool,Transformer head -> pooling,figshare/3045.png,fs_MR040240C,0,True,0.030219184027777776,0.7586111426353455,0.5975937247276306,0.05781755968928337,True,True,True
abl_pool,Transformer head -> pooling,figshare/3046.png,fs_MR040240C,0,True,0.016777886284722224,0.5389737486839294,0.4191255569458008,0.03397976607084274,True,True,True
abl_pool,Transformer head -> pooling,figshare/3047.png,fs_MR040240D,0,True,0.003119574652777778,0.22014391422271729,0.16540831327438354,0.004127322696149349,True,True,True
abl_pool,Transformer head -> pooling,figshare/3048.png,fs_MR040240D,0,True,0.0020005967881944445,0.0035116104409098625,0.002010401338338852,0.0019493901636451483,False,False,False
abl_no_ls,Without label smoothing,figshare/0001.png,fs_100360,1,True,0.017510308159722224,0.01844409666955471,0.0207282193005085,0.06232733279466629,False,False,False
abl_no_ls,Without label smoothing,figshare/0002.png,fs_100360,1,False,0.032938639322916664,0.03278981149196625,0.03784877061843872,3.344804281368852e-05,False,True,False
abl_no_ls,Without label smoothing,figshare/0003.png,fs_100360,1,True,0.04019504123263889,0.03945513814687729,0.04638860374689102,0.3150832951068878,False,False,True
abl_no_ls,Without label smoothing,figshare/0004.png,fs_100360,1,True,0.034003363715277776,0.034726399928331375,0.04518023505806923,0.3230259418487549,False,True,True
abl_no_ls,Without label smoothing,figshare/0005.png,fs_100360,1,True,0.04301622178819445,0.04350027069449425,0.0421605110168457,0.16647221148014069,False,False,False
abl_no_ls,Without label smoothing,figshare/0026.png,fs_102446,1,True,0.0027601453993055555,0.003342913929373026,0.0024666492827236652,0.0009988099336624146,False,False,False
abl_no_ls,Without label smoothing,figshare/0049.png,fs_104281,1,True,0.00714111328125,0.007046811282634735,0.006477567832916975,0.014789771288633347,False,False,False
abl_no_ls,Without label smoothing,figshare/0050.png,fs_104281,1,True,0.019049750434027776,0.018954556435346603,0.01873704046010971,0.046624019742012024,False,False,False
abl_no_ls,Without label smoothing,figshare/0051.png,fs_104281,1,True,0.022298177083333332,0.02227257378399372,0.021867424249649048,0.08068596571683884,False,False,False
abl_no_ls,Without label smoothing,figshare/0052.png,fs_104281,1,True,0.021280924479166668,0.020907282829284668,0.0218081995844841,0.09687978029251099,False,False,False
abl_no_ls,Without label smoothing,figshare/0053.png,fs_104281,1,True,0.015679253472222224,0.0158932376652956,0.012820856645703316,0.008710017427802086,False,False,False
abl_no_ls,Without label smoothing,figshare/0054.png,fs_104281,1,True,0.008938259548611112,0.009293929673731327,0.00792362354695797,0.02071007899940014,False,False,False
abl_no_ls,Without label smoothing,figshare/0055.png,fs_104281,1,True,0.00494384765625,0.004970433656126261,0.005872960668057203,0.006303925532847643,False,False,False
abl_no_ls,Without label smoothing,figshare/0056.png,fs_105374,1,False,0.004007975260416667,0.006032601464539766,0.0036304534878581762,0.0,False,False,False
abl_no_ls,Without label smoothing,figshare/0057.png,fs_105374,1,True,0.00408935546875,0.005085262004286051,0.0040369415655732155,0.0011751651763916016,False,False,False
abl_no_ls,Without label smoothing,figshare/0093.png,fs_107248,1,False,0.009711371527777778,0.009500124491751194,0.012273123487830162,0.015126790851354599,False,False,False
abl_no_ls,Without label smoothing,figshare/0094.png,fs_107248,1,False,0.01177978515625,0.013338769786059856,0.013761870563030243,0.0025719378609210253,False,False,False
abl_no_ls,Without label smoothing,figshare/0095.png,fs_107248,1,True,0.004597981770833333,0.005279215052723885,0.0047902269288897514,0.006715491414070129,False,False,False
abl_no_ls,Without label smoothing,figshare/0096.png,fs_107248,1,True,0.006700303819444444,0.007092023268342018,0.006038801744580269,0.03232983127236366,False,False,False
abl_no_ls,Without label smoothing,figshare/0097.png,fs_107248,1,True,0.00921630859375,0.010183997452259064,0.008757352828979492,0.024666093289852142,False,False,False
abl_no_ls,Without label smoothing,figshare/0098.png,fs_107248,1,False,0.00750732421875,0.007430247962474823,0.0066743954084813595,0.0,False,False,False
abl_no_ls,Without label smoothing,figshare/0119.png,fs_109411,1,True,0.0018717447916666667,0.0019339678110554814,0.002018124796450138,0.0,False,False,False
abl_no_ls,Without label smoothing,figshare/0120.png,fs_109968,1,True,0.019124348958333332,0.019491521641612053,0.017042288556694984,0.021268021315336227,False,False,False
abl_no_ls,Without label smoothing,figshare/0121.png,fs_109968,1,False,0.020731608072916668,0.023190466687083244,0.018901260569691658,0.10655009746551514,False,False,True
abl_no_ls,Without label smoothing,figshare/0122.png,fs_109968,1,True,0.019239637586805556,0.019845014438033104,0.015518217347562313,0.09864427149295807,False,False,True
abl_no_ls,Without label smoothing,figshare/0123.png,fs_109968,1,False,0.012363009982638888,0.01210690289735794,0.008950309827923775,0.0011704888893291354,False,False,False
abl_no_ls,Without label smoothing,figshare/0132.png,fs_111532,1,True,0.017340766059027776,0.025688551366329193,0.011127780191600323,0.05054233595728874,False,False,False
abl_no_ls,Without label smoothing,figshare/0133.png,fs_111532,1,True,0.021755642361111112,0.045517340302467346,0.028690155595541,0.12686589360237122,True,True,False
abl_no_ls,Without label smoothing,figshare/0134.png,fs_111532,1,True,0.022928873697916668,0.037319522351026535,0.01984461210668087,0.06198345497250557,False,False,False
abl_no_ls,Without label smoothing,figshare/0154.png,fs_113435,1,True,0.03425428602430555,0.03391512483358383,0.038986802101135254,0.209260955452919,False,False,True
abl_no_ls,Without label smoothing,figshare/0155.png,fs_113435,1,True,0.0469970703125,0.04577881470322609,0.05225807800889015,0.2715982496738434,False,False,True
abl_no_ls,Without label smoothing,figshare/0156.png,fs_113435,1,True,0.04841444227430555,0.04720441624522209,0.04988006129860878,0.2152596414089203,False,False,True
abl_no_ls,Without label smoothing,figshare/0157.png,fs_113435,1,True,0.045586480034722224,0.044757742434740067,0.05694099888205528,0.11702125519514084,False,False,False
abl_no_ls,Without label smoothing,figshare/0158.png,fs_113435,1,True,0.037285698784722224,0.03660781681537628,0.044609684497117996,0.17518167197704315,False,True,False
abl_no_ls,Without label smoothing,figshare/0159.png,fs_113435,1,True,0.024427625868055556,0.02518267184495926,0.027331825345754623,0.06474191695451736,False,False,False
abl_no_ls,Without label smoothing,figshare/0160.png,fs_113554,1,True,0.009663899739583334,0.012189538218080997,0.01251454558223486,0.0384238064289093,False,False,False
abl_no_ls,Without label smoothing,figshare/0161.png,fs_113554,1,True,0.012281629774305556,0.01675272174179554,0.01277108583599329,0.07444461435079575,False,False,False
abl_no_ls,Without label smoothing,figshare/0162.png,fs_113554,1,True,0.01031494140625,0.0176926888525486,0.00824392307549715,0.02481459267437458,True,False,False
abl_no_ls,Without label smoothing,figshare/0204.png,fs_99308,1,True,0.024325900607638888,0.02545774355530739,0.020132968202233315,0.05388294532895088,False,False,False
abl_no_ls,Without label smoothing,figshare/0205.png,fs_99308,1,True,0.03409152560763889,0.035090867429971695,0.020313436165452003,0.027037961408495903,False,False,False
abl_no_ls,Without label smoothing,figshare/0206.png,fs_99308,1,True,0.03354220920138889,0.03572213649749756,0.02530583180487156,0.10089638084173203,False,False,False
abl_no_ls,Without label smoothing,figshare/0207.png,fs_99308,1,True,0.031426323784722224,0.03293723985552788,0.02741084434092045,0.038071829825639725,False,False,False
abl_no_ls,Without label smoothing,figshare/0208.png,fs_99308,1,True,0.023444281684027776,0.025034207850694656,0.02129289135336876,0.025789590552449226,False,False,False
abl_no_ls,Without label smoothing,figshare/0211.png,fs_100360,1,False,0.017788357204861112,0.019628630951046944,0.016872042790055275,0.005393083672970533,False,False,False
abl_no_ls,Without label smoothing,figshare/0212.png,fs_100360,1,False,0.029127332899305556,0.02818296104669571,0.022636061534285545,0.026414994150400162,False,False,False
abl_no_ls,Without label smoothing,figshare/0213.png,fs_100360,1,True,0.03314208984375,0.03338213264942169,0.0289483480155468,0.2671573758125305,False,False,True
abl_no_ls,Without label smoothing,figshare/0214.png,fs_100360,1,True,0.03602430555555555,0.03597494959831238,0.04125542938709259,0.31850773096084595,False,False,True
abl_no_ls,Without label smoothing,figshare/0215.png,fs_100360,1,True,0.031636555989583336,0.03256804496049881,0.04112040996551514,0.19250506162643433,False,False,True
abl_no_ls,Without label smoothing,figshare/0216.png,fs_100360,1,True,0.017157660590277776,0.019783321768045425,0.01194851752370596,0.07127834856510162,False,False,True
abl_no_ls,Without label smoothing,figshare/0217.png,fs_100360,1,True,0.011942545572916666,0.013614453375339508,0.008658623322844505,0.04675848409533501,False,False,True
abl_no_ls,Without label smoothing,figshare/0239.png,fs_102446,1,True,0.0033162434895833335,0.004522629547864199,0.0044312672689557076,0.01214158907532692,False,False,False
abl_no_ls,Without label smoothing,figshare/0275.png,fs_104281,1,True,0.011386447482638888,0.011634538881480694,0.013439901173114777,0.019363606348633766,False,False,False
abl_no_ls,Without label smoothing,figshare/0276.png,fs_104281,1,True,0.021430121527777776,0.02116682007908821,0.025904648005962372,0.14693880081176758,False,False,True
abl_no_ls,Without label smoothing,figshare/0277.png,fs_104281,1,True,0.023851182725694444,0.023700186982750893,0.0271395742893219,0.1845550239086151,False,False,True
abl_no_ls,Without label smoothing,figshare/0278.png,fs_104281,1,True,0.022481282552083332,0.021839892491698265,0.029783234000205994,0.1484023630619049,False,False,True
abl_no_ls,Without label smoothing,figshare/0279.png,fs_104281,1,True,0.016438802083333332,0.016338776797056198,0.01591324806213379,0.07073020190000534,False,False,False
abl_no_ls,Without label smoothing,figshare/0280.png,fs_104281,1,True,0.011705186631944444,0.011231283657252789,0.014406493864953518,0.013115479610860348,False,False,False
abl_no_ls,Without label smoothing,figshare/0281.png,fs_105374,1,True,0.005703396267361111,0.006641668267548084,0.004404682666063309,0.014021865092217922,False,False,False
abl_no_ls,Without label smoothing,figshare/0282.png,fs_105374,1,True,0.00531005859375,0.006740095093846321,0.003819202072918415,0.029825430363416672,False,False,False
abl_no_ls,Without label smoothing,figshare/0316.png,fs_107248,1,True,0.014017740885416666,0.01824221946299076,0.014448201283812523,0.02063431590795517,True,False,False
abl_no_ls,Without label smoothing,figshare/0317.png,fs_107248,1,False,0.014716254340277778,0.0200445968657732,0.015282241627573967,0.005354487337172031,True,False,False
abl_no_ls,Without label smoothing,figshare/0318.png,fs_107248,1,True,0.009738498263888888,0.011547642759978771,0.012223937548696995,0.09571269154548645,False,False,True
abl_no_ls,Without label smoothing,figshare/0319.png,fs_107248,1,True,0.009121365017361112,0.00913546048104763,0.010890918783843517,0.0909937396645546,False,False,True
abl_no_ls,Without label smoothing,figshare/0340.png,fs_109411,1,True,0.0011121961805555555,0.0012815383961424232,0.001096293330192566,0.0030280216597020626,False,False,False
abl_no_ls,Without label smoothing,figshare/0341.png,fs_109968,1,True,0.015801323784722224,0.016238179057836533,0.01625136099755764,0.004976681433618069,False,False,False
abl_no_ls,Without label smoothing,figshare/0342.png,fs_109968,1,True,0.019314236111111112,0.019609790295362473,0.021168958395719528,0.04043901339173317,False,False,False
abl_no_ls,Without label smoothing,figshare/0343.png,fs_109968,1,True,0.021775987413194444,0.022032981738448143,0.026195013895630836,0.01657245308160782,False,False,False
abl_no_ls,Without label smoothing,figshare/0344.png,fs_109968,1,True,0.019266764322916668,0.018996287137269974,0.025776375085115433,0.0704374611377716,False,False,False
abl_no_ls,Without label smoothing,figshare/0357.png,fs_111532,1,False,0.006612141927083333,0.008248272351920605,0.00910096988081932,0.034262608736753464,False,False,False
abl_no_ls,Without label smoothing,figshare/0358.png,fs_111532,1,True,0.011508517795138888,0.013879130594432354,0.016115302219986916,0.021868836134672165,False,False,False
abl_no_ls,Without label smoothing,figshare/0359.png,fs_111532,1,True,0.015496148003472222,0.016895510256290436,0.014515180140733719,0.03251878544688225,False,False,False
abl_no_ls,Without label smoothing,figshare/0360.png,fs_111532,1,True,0.016886393229166668,0.017479442059993744,0.021260228008031845,0.06506631523370743,False,False,False
abl_no_ls,Without label smoothing,figshare/0361.png,fs_111532,1,True,0.014411078559027778,0.014557196758687496,0.01800171285867691,0.054644037038087845,False,False,False
abl_no_ls,Without label smoothing,figshare/0382.png,fs_113435,1,False,0.014227973090277778,0.014468196779489517,0.016257908195257187,3.606059544836171e-05,True,False,False
abl_no_ls,Without label smoothing,figshare/0383.png,fs_113435,1,True,0.02447509765625,0.023797539994120598,0.03073749877512455,0.1609276384115219,False,False,True
abl_no_ls,Without label smoothing,figshare/0384.png,fs_113435,1,False,0.030239529079861112,0.029602644965052605,0.02543506771326065,0.015330411493778229,False,False,False
abl_no_ls,Without label smoothing,figshare/0385.png,fs_113435,1,False,0.03578016493055555,0.03494960814714432,0.036580875515937805,0.2144271284341812,False,False,True
abl_no_ls,Without label smoothing,figshare/0386.png,fs_113435,1,False,0.03671603732638889,0.03606187179684639,0.03603009879589081,0.0004072043811902404,False,False,False
abl_no_ls,Without label smoothing,figshare/0387.png,fs_113435,1,False,0.035407172309027776,0.034664615988731384,0.0347382016479969,0.000765272241551429,False,False,False
abl_no_ls,Without label smoothing,figshare/0388.png,fs_113435,1,True,0.032294379340277776,0.030899344012141228,0.04120499640703201,0.20928746461868286,False,False,True
abl_no_ls,Without label smoothing,figshare/0389.png,fs_113435,1,True,0.02716064453125,0.025241054594516754,0.035681016743183136,0.07159590721130371,False,False,False
abl_no_ls,Without label smoothing,figshare/0390.png,fs_113554,1,True,0.004957411024305556,0.00616153609007597,0.008172605186700821,0.005368156358599663,False,False,False
abl_no_ls,Without label smoothing,figshare/0391.png,fs_113554,1,True,0.01031494140625,0.012016437016427517,0.011919268406927586,0.08932296931743622,False,False,False
abl_no_ls,Without label smoothing,figshare/0392.png,fs_113554,1,True,0.005445692274305556,0.007587238680571318,0.006871314253658056,0.0077256993390619755,False,False,False
abl_no_ls,Without label smoothing,figshare/0438.png,fs_99308,1,False,0.027628580729166668,0.028198927640914917,0.030652262270450592,0.20464497804641724,False,False,True
abl_no_ls,Without label smoothing,figshare/0439.png,fs_99308,1,False,0.03233506944444445,0.032451082020998,0.026146017014980316,0.10217137634754181,False,False,True
abl_no_ls,Without label smoothing,figshare/0440.png,fs_99308,1,True,0.0345458984375,0.034147702157497406,0.03477267920970917,0.07155898958444595,False,False,False
abl_no_ls,Without label smoothing,figshare/0441.png,fs_99308,1,True,0.02667236328125,0.026398325338959694,0.0302113089710474,0.1707896590232849,False,False,True
abl_no_ls,Without label smoothing,figshare/0442.png,fs_100360,1,True,0.022006564670138888,0.022887563332915306,0.02625477872788906,0.13030235469341278,False,False,True
abl_no_ls,Without label smoothing,figshare/0443.png,fs_100360,1,True,0.03608534071180555,0.03565485402941704,0.040718283504247665,0.2342630922794342,False,False,True
abl_no_ls,Without label smoothing,figshare/0444.png,fs_100360,1,True,0.03347439236111111,0.03295290097594261,0.04152517393231392,0.2821677625179291,False,False,True
abl_no_ls,Without label smoothing,figshare/0445.png,fs_100360,1,True,0.03360324435763889,0.033612336963415146,0.04317190498113632,0.185779869556427,False,False,True
abl_no_ls,Without label smoothing,figshare/0446.png,fs_100360,1,False,0.021023220486111112,0.020537687465548515,0.02631361037492752,0.0,False,False,False
abl_no_ls,Without label smoothing,figshare/0447.png,fs_100360,1,True,0.019137912326388888,0.018778394907712936,0.02408755198121071,0.14900338649749756,False,False,True
abl_no_ls,Without label smoothing,figshare/0450.png,fs_100639,1,True,0.006137424045138889,0.005811256356537342,0.006993461400270462,0.008971072733402252,False,False,False
abl_no_ls,Without label smoothing,figshare/0451.png,fs_100639,1,True,0.007548014322916667,0.007397845387458801,0.01030710805207491,0.032026007771492004,False,False,False
abl_no_ls,Without label smoothing,figshare/0452.png,fs_100920,1,True,0.010287814670138888,0.009962983429431915,0.009914322756230831,0.07704806327819824,False,False,False
abl_no_ls,Without label smoothing,figshare/0453.png,fs_100920,1,True,0.014051649305555556,0.013827639631927013,0.016602693125605583,0.11352802813053131,False,False,True
abl_no_ls,Without label smoothing,figshare/0454.png,fs_100920,1,True,0.013041178385416666,0.012736048549413681,0.015241106040775776,0.05037317052483559,False,False,False
abl_no_ls,Without label smoothing,figshare/0476.png,fs_102446,1,True,0.003350151909722222,0.0034634703770279884,0.002921842271462083,0.023609193041920662,False,False,False
abl_no_ls,Without label smoothing,figshare/0477.png,fs_102446,1,True,0.0024617513020833335,0.002487193327397108,0.002538978820666671,0.01200145110487938,False,False,False
abl_no_ls,Without label smoothing,figshare/0510.png,fs_104281,1,True,0.021931966145833332,0.02684919908642769,0.03516051918268204,0.16388088464736938,True,True,True
abl_no_ls,Without label smoothing,figshare/0511.png,fs_104281,1,True,0.028469509548611112,0.029813669621944427,0.03745991364121437,0.1264752298593521,False,False,True
abl_no_ls,Without label smoothing,figshare/0512.png,fs_104281,1,True,0.029656304253472224,0.030269568786025047,0.04661018028855324,0.1486137956380844,False,False,False
abl_no_ls,Without label smoothing,figshare/0513.png,fs_104281,1,True,0.022772894965277776,0.02219599485397339,0.02276896871626377,0.09107816219329834,False,False,False
abl_no_ls,Without label smoothing,figshare/0517.png,fs_105374,1,True,0.00457763671875,0.00683335168287158,0.00444774841889739,0.035769984126091,False,False,False
abl_no_ls,Without label smoothing,figshare/0551.png,fs_107248,1,True,0.011338975694444444,0.011625021696090698,0.014248075895011425,0.04459112137556076,False,False,False
abl_no_ls,Without label smoothing,figshare/0552.png,fs_107248,1,True,0.014655219184027778,0.015907369554042816,0.022479698061943054,0.062365978956222534,False,True,False
abl_no_ls,Without label smoothing,figshare/0553.png,fs_107248,1,True,0.015292697482638888,0.01769612729549408,0.020232046023011208,0.07077568769454956,True,True,False
abl_no_ls,Without label smoothing,figshare/0554.png,fs_107248,1,True,0.008551703559027778,0.0090164290741086,0.009989574551582336,0.0646660104393959,False,False,False
abl_no_ls,Without label smoothing,figshare/0555.png,fs_107248,1,True,0.007914225260416666,0.007641470059752464,0.010522455908358097,0.04768338426947594,False,False,True
abl_no_ls,Without label smoothing,figshare/0560.png,fs_107946,1,False,0.027635362413194444,0.029004979878664017,0.03085070103406906,0.0151216434314847,False,False,False
abl_no_ls,Without label smoothing,figshare/0561.png,fs_107946,1,False,0.03995090060763889,0.03957514464855194,0.048714280128479004,0.0061029247008264065,False,False,False
abl_no_ls,Without label smoothing,figshare/0562.png,fs_107946,1,False,0.030266655815972224,0.029689831659197807,0.027863796800374985,0.09110444039106369,False,False,False
abl_no_ls,Without label smoothing,figshare/0563.png,fs_107946,1,False,0.021253797743055556,0.02162637561559677,0.02010815404355526,0.009781790897250175,False,False,False
abl_no_ls,Without label smoothing,figshare/0579.png,fs_109411,1,True,0.001858181423611111,0.0024571178946644068,0.0022357297129929066,0.00666328240185976,False,False,False
abl_no_ls,Without label smoothing,figshare/0580.png,fs_109968,1,True,0.0128173828125,0.012975478544831276,0.015392913483083248,0.033346641808748245,False,False,False
abl_no_ls,Without label smoothing,figshare/0581.png,fs_109968,1,True,0.019239637586805556,0.01881766878068447,0.027102172374725342,0.0782066285610199,False,False,False
abl_no_ls,Without label smoothing,figshare/0582.png,fs_109968,1,True,0.021511501736111112,0.021496426314115524,0.02524055726826191,0.0735451951622963,False,False,False
abl_no_ls,Without label smoothing,figshare/0583.png,fs_109968,1,True,0.017781575520833332,0.017423005774617195,0.020860938355326653,0.052923478186130524,False,False,False
abl_no_ls,Without label smoothing,figshare/0593.png,fs_111532,1,False,0.015733506944444444,0.015533405356109142,0.017072342336177826,0.0008320209453813732,False,False,False
abl_no_ls,Without label smoothing,figshare/0594.png,fs_111532,1,True,0.019768608940972224,0.01948157697916031,0.028008241206407547,0.12788201868534088,False,True,True
abl_no_ls,Without label smoothing,figshare/0595.png,fs_111532,1,True,0.018961588541666668,0.018271492794156075,0.024885451421141624,0.09969986975193024,False,False,True
abl_no_ls,Without label smoothing,figshare/0597.png,fs_111710,1,False,0.0032958984375,0.0035830754786729813,0.004045575391501188,0.008760388940572739,False,False,False
abl_no_ls,Without label smoothing,figshare/0598.png,fs_111710,1,False,0.002495659722222222,0.0029519337695091963,0.002496015513315797,2.984185130117112e-06,False,False,False
abl_no_ls,Without label smoothing,figshare/0625.png,fs_113435,1,False,0.030856662326388888,0.030401749536395073,0.03785564377903938,0.02166350930929184,False,False,False
abl_no_ls,Without label smoothing,figshare/0626.png,fs_113435,1,True,0.04853651258680555,0.04668626934289932,0.04716959968209267,0.18093129992485046,False,False,False
abl_no_ls,Without label smoothing,figshare/0627.png,fs_113435,1,True,0.057305230034722224,0.05541097745299339,0.06333375722169876,0.2210727483034134,False,False,True
abl_no_ls,Without label smoothing,figshare/0628.png,fs_113435,1,True,0.05818006727430555,0.05699162185192108,0.06100022420287132,0.11893779784440994,False,False,False
abl_no_ls,Without label smoothing,figshare/0629.png,fs_113435,1,True,0.049309624565972224,0.04723155498504639,0.046980444341897964,0.11340155452489853,False,False,False
abl_no_ls,Without label smoothing,figshare/0630.png,fs_113435,1,True,0.022596571180555556,0.02214229106903076,0.02401145175099373,0.03217991814017296,False,False,False
abl_no_ls,Without label smoothing,figshare/0631.png,fs_113554,1,True,0.006985134548611111,0.007003050297498703,0.006516008637845516,0.02325749583542347,False,False,False
abl_no_ls,Without label smoothing,figshare/0632.png,fs_113554,1,True,0.010111490885416666,0.010198812931776047,0.012781566008925438,0.05553653463721275,False,False,False
abl_no_ls,Without label smoothing,figshare/0633.png,fs_113554,1,True,0.008707682291666666,0.010004142299294472,0.010525286197662354,0.10482262074947357,False,False,True
abl_no_ls,Without label smoothing,figshare/0634.png,fs_113554,1,True,0.00543212890625,0.006387283094227314,0.004149806220084429,0.030392944812774658,False,False,False
abl_no_ls,Without label smoothing,figshare/0659.png,fs_97374,1,False,0.027398003472222224,0.026669220998883247,0.028707945719361305,0.0,False,False,False
abl_no_ls,Without label smoothing,figshare/0660.png,fs_97374,1,True,0.037434895833333336,0.036668844521045685,0.03853591904044151,0.23970597982406616,False,False,True
abl_no_ls,Without label smoothing,figshare/0661.png,fs_97374,1,True,0.03757052951388889,0.03659047558903694,0.040854357182979584,0.23799067735671997,False,False,True
abl_no_ls,Without label smoothing,figshare/0662.png,fs_97374,1,False,0.029574924045138888,0.028518591076135635,0.026363883167505264,0.0,False,False,False
abl_no_ls,Without label smoothing,figshare/0663.png,fs_97374,1,False,0.022542317708333332,0.02193443849682808,0.013657319359481335,0.0,False,False,False
abl_no_ls,Without label smoothing,figshare/0697.png,fs_99308,1,True,0.026265462239583332,0.027012474834918976,0.02635885402560234,0.052217256277799606,False,False,False
abl_no_ls,Without label smoothing,figshare/0698.png,fs_99308,1,True,0.03407118055555555,0.035513684153556824,0.03549513593316078,0.1591104418039322,False,False,True
abl_no_ls,Without label smoothing,figshare/0699.png,fs_99308,1,True,0.03282335069444445,0.03350771963596344,0.03145458549261093,0.17630013823509216,False,False,True
abl_no_ls,Without label smoothing,figshare/0700.png,fs_99308,1,True,0.022515190972222224,0.022501522675156593,0.02204478532075882,0.15848658978939056,False,False,True
abl_no_ls,Without label smoothing,figshare/0701.png,fs_99308,1,True,0.018588595920138888,0.01863155886530876,0.01876242272555828,0.08532334864139557,False,False,False
abl_no_ls,Without label smoothing,figshare/0702.png,fs_99308,1,True,0.012525770399305556,0.012161064893007278,0.01538974791765213,0.02714235708117485,False,False,False
abl_no_ls,Without label smoothing,figshare/0712.png,fs_106062,2,True,0.010267469618055556,0.009843670763075352,0.011772414669394493,0.03301452100276947,False,False,False
abl_no_ls,Without label smoothing,figshare/0713.png,fs_106062,2,True,0.011298285590277778,0.010888072662055492,0.0131198326125741,0.073366679251194,False,False,False
abl_no_ls,Without label smoothing,figshare/0714.png,fs_106062,2,True,0.010362413194444444,0.010064547881484032,0.007788085378706455,0.01855403184890747,False,False,True
abl_no_ls,Without label smoothing,figshare/0792.png,fs_88670,0,True,0.02685546875,0.025955215096473694,0.02446615695953369,0.09126093238592148,False,False,False
abl_no_ls,Without label smoothing,figshare/0793.png,fs_88670,0,True,0.0675930447048611,0.06543510407209396,0.07210378348827362,0.30963823199272156,False,False,True
abl_no_ls,Without label smoothing,figshare/0794.png,fs_88670,0,True,0.050421820746527776,0.049565304070711136,0.0566621832549572,0.19615833461284637,False,False,False
abl_no_ls,Without label smoothing,figshare/0795.png,fs_88670,0,True,0.05795627170138889,0.057053033262491226,0.06976651400327682,0.3623298406600952,False,False,True
abl_no_ls,Without label smoothing,figshare/0796.png,fs_88670,0,True,0.05876329210069445,0.05743744969367981,0.07043863087892532,0.015920205041766167,False,False,False
abl_no_ls,Without label smoothing,figshare/0797.png,fs_88670,0,False,0.04355197482638889,0.0420282743871212,0.04906504973769188,0.017060140147805214,False,False,False
abl_no_ls,Without label smoothing,figshare/0798.png,fs_88670,0,False,0.017123752170138888,0.016830194741487503,0.0190321896225214,5.7503668358549476e-05,False,False,False
abl_no_ls,Without label smoothing,figshare/0857.png,fs_108479,0,True,0.019538031684027776,0.019252214580774307,0.023394659161567688,0.011232737451791763,False,False,False
abl_no_ls,Without label smoothing,figshare/0858.png,fs_108479,0,False,0.024332682291666668,0.023738672956824303,0.024367481470108032,0.01196571160107851,False,False,False
abl_no_ls,Without label smoothing,figshare/0865.png,fs_88670,0,True,0.025275336371527776,0.025887539610266685,0.023547466844320297,0.10170818120241165,False,False,False
abl_no_ls,Without label smoothing,figshare/0866.png,fs_88670,0,True,0.05007595486111111,0.04980231076478958,0.061121512204408646,0.26882660388946533,False,False,True
abl_no_ls,Without label smoothing,figshare/0867.png,fs_88670,0,True,0.05314805772569445,0.05268358066678047,0.048363011330366135,0.00010819267481565475,False,False,False
abl_no_ls,Without label smoothing,figshare/0868.png,fs_88670,0,True,0.06824408637152778,0.06720847636461258,0.07896795868873596,0.16506129503250122,False,False,True
abl_no_ls,Without label smoothing,figshare/0869.png,fs_88670,0,True,0.0754055447048611,0.07451067119836807,0.08574989438056946,0.012764964252710342,False,False,False
abl_no_ls,Without label smoothing,figshare/0912.png,fs_98889,0,False,0.004686143663194444,0.005803958512842655,0.005174876656383276,0.0,False,False,False
abl_no_ls,Without label smoothing,figshare/0913.png,fs_98889,0,False,0.01812744140625,0.017442611977458,0.029945218935608864,0.0020598468836396933,False,True,False
abl_no_ls,Without label smoothing,figshare/0914.png,fs_98889,0,True,0.01739501953125,0.0172572061419487,0.017733151093125343,0.07357043772935867,False,False,True
abl_no_ls,Without label smoothing,figshare/0915.png,fs_98889,0,True,0.032185872395833336,0.032657936215400696,0.0239961426705122,0.103133425116539,False,False,True
abl_no_ls,Without label smoothing,figshare/0916.png,fs_98889,0,True,0.03286404079861111,0.03273871913552284,0.02731483243405819,0.09522464871406555,False,False,False
abl_no_ls,Without label smoothing,figshare/0917.png,fs_98889,0,True,0.037272135416666664,0.036923930048942566,0.04015161842107773,0.07171845436096191,False,False,False
abl_no_ls,Without label smoothing,figshare/0922.png,fs_106062,2,True,0.013054741753472222,0.012751027941703796,0.01175712700933218,0.023422900587320328,False,False,False
abl_no_ls,Without label smoothing,figshare/0923.png,fs_106062,2,True,0.014207628038194444,0.014094256795942783,0.015969928354024887,0.008687184192240238,False,False,False
abl_no_ls,Without label smoothing,figshare/0924.png,fs_106062,2,True,0.013739691840277778,0.013292358256876469,0.01855870522558689,0.0037721667904406786,False,True,False
abl_no_ls,Without label smoothing,figshare/0925.png,fs_106062,2,True,0.009847005208333334,0.00941637996584177,0.009076260030269623,0.0,False,False,False
abl_no_ls,Without label smoothing,figshare/0958.png,fs_109471,2,True,0.006890190972222222,0.00663993414491415,0.005800046492367983,0.0,False,False,False
abl_no_ls,Without label smoothing,figshare/0959.png,fs_109471,2,True,0.006449381510416667,0.0062359292060136795,0.007728118449449539,0.0,False,False,False
abl_no_ls,Without label smoothing,figshare/0960.png,fs_109471,2,True,0.007907443576388888,0.008376835845410824,0.01091582141816616,0.0007707401528023183,False,False,False
abl_no_ls,Without label smoothing,figshare/0961.png,fs_109471,2,True,0.007982042100694444,0.008550862781703472,0.007105277851223946,0.005000048317015171,False,False,False
abl_no_ls,Without label smoothing,figshare/0962.png,fs_109769,2,True,0.005594889322916667,0.005661993753165007,0.005252729635685682,0.03011108748614788,False,False,False
abl_no_ls,Without label smoothing,figshare/0963.png,fs_109769,2,True,0.005866156684027778,0.005784773267805576,0.005839121527969837,0.03994124010205269,False,False,False
abl_no_ls,Without label smoothing,figshare/0964.png,fs_109769,2,True,0.00677490234375,0.007108644116669893,0.00639411062002182,0.023161573335528374,False,False,False
abl_no_ls,Without label smoothing,figshare/0965.png,fs_109769,2,True,0.002414279513888889,0.0024605325888842344,0.0026419872883707285,0.0,False,False,False
abl_no_ls,Without label smoothing,figshare/0966.png,fs_109898,2,True,0.007093641493055556,0.006918633822351694,0.006763181183487177,0.028528649359941483,False,False,False
abl_no_ls,Without label smoothing,figshare/0967.png,fs_109898,2,True,0.007514105902777778,0.00736580416560173,0.006459142547100782,0.0009784302674233913,False,False,False
abl_no_ls,Without label smoothing,figshare/0968.png,fs_109898,2,True,0.012200249565972222,0.012159064412117004,0.01381347794085741,0.0545082651078701,False,False,True
abl_no_ls,Without label smoothing,figshare/0969.png,fs_109898,2,True,0.0098876953125,0.009482072666287422,0.01084533054381609,0.10453473776578903,False,False,True
abl_no_ls,Without label smoothing,figshare/0970.png,fs_109898,2,True,0.005289713541666667,0.004903123248368502,0.00635695643723011,0.007670150138437748,False,False,False
abl_no_ls,Without label smoothing,figshare/0971.png,fs_109898,2,True,0.0032212999131944445,0.003145736875012517,0.0034445608034729958,0.0011027355212718248,False,False,False
abl_no_ls,Without label smoothing,figshare/0976.png,fs_110993,2,True,0.008124457465277778,0.009039325639605522,0.010128314606845379,5.303139187162742e-05,False,False,False
abl_no_ls,Without label smoothing,figshare/0977.png,fs_110993,2,True,0.005533854166666667,0.005819749552756548,0.0037509037647396326,0.018360696732997894,False,False,False
abl_no_ls,Without label smoothing,figshare/0978.png,fs_110993,2,True,0.005018446180555556,0.0051697674207389355,0.0032196182291954756,9.108571975957602e-05,False,False,False
abl_no_ls,Without label smoothing,figshare/0979.png,fs_110993,2,True,0.008673773871527778,0.008954395540058613,0.00867181271314621,0.007325395941734314,False,False,False
abl_no_ls,Without label smoothing,figshare/0994.png,fs_112074,2,False,0.009894476996527778,0.011012358590960503,0.008022100664675236,0.026858674362301826,False,False,False
abl_no_ls,Without label smoothing,figshare/0995.png,fs_112074,2,True,0.013014051649305556,0.013677075505256653,0.014438914135098457,0.07432068884372711,False,False,False
abl_no_ls,Without label smoothing,figshare/0996.png,fs_112074,2,False,0.010002983940972222,0.010877562686800957,0.010944424197077751,0.04154498875141144,False,False,False
abl_no_ls,Without label smoothing,figshare/0997.png,fs_112074,2,False,0.006137424045138889,0.0069762226194143295,0.006714024115353823,0.04836639016866684,False,False,True
abl_no_ls,Without label smoothing,figshare/1035.png,fs_106062,2,True,0.013814290364583334,0.013555964455008507,0.011590152978897095,0.00019299107952974737,False,False,False
abl_no_ls,Without label smoothing,figshare/1036.png,fs_106062,2,True,0.020128038194444444,0.02037091553211212,0.0293270293623209,0.00014963661669753492,False,False,False
abl_no_ls,Without label smoothing,figshare/1037.png,fs_106062,2,True,0.021884494357638888,0.022519290447235107,0.029342610388994217,0.0020489515736699104,False,False,False
abl_no_ls,Without label smoothing,figshare/1038.png,fs_106062,2,True,0.020589192708333332,0.02086113579571247,0.021133089438080788,0.04013568162918091,False,False,False
abl_no_ls,Without label smoothing,figshare/1039.png,fs_106062,2,True,0.017720540364583332,0.01783820614218712,0.017792019993066788,0.1941486895084381,False,False,True
abl_no_ls,Without label smoothing,figshare/1040.png,fs_106062,2,True,0.015923394097222224,0.015566961839795113,0.01295311376452446,0.13392968475818634,False,False,True
abl_no_ls,Without label smoothing,figshare/1041.png,fs_106062,2,True,0.006605360243055556,0.006832750514149666,0.006953550036996603,0.0024112588725984097,False,False,False
abl_no_ls,Without label smoothing,figshare/1077.png,fs_109471,2,True,0.005147298177083333,0.00497400900349021,0.0051656486466526985,2.9312102967082865e-08,False,False,False
abl_no_ls,Without label smoothing,figshare/1078.png,fs_109471,2,True,0.015157063802083334,0.015485038980841637,0.018140625208616257,0.03463015332818031,False,False,False
abl_no_ls,Without label smoothing,figshare/1079.png,fs_109471,2,True,0.016079372829861112,0.017323043197393417,0.01941557601094246,0.04964112862944603,False,False,False
abl_no_ls,Without label smoothing,figshare/1080.png,fs_109471,2,True,0.0181884765625,0.01937105692923069,0.020258037373423576,0.033265404403209686,False,False,False
abl_no_ls,Without label smoothing,figshare/1081.png,fs_109471,2,True,0.01849365234375,0.020140253007411957,0.023074351251125336,0.0006209056591615081,True,False,False
abl_no_ls,Without label smoothing,figshare/1082.png,fs_109471,2,True,0.0038655598958333335,0.00431156437844038,0.003781906794756651,0.027594124898314476,False,False,False
abl_no_ls,Without label smoothing,figshare/1083.png,fs_109769,2,True,0.007636176215277778,0.007777193561196327,0.006043689325451851,0.008732520043849945,False,False,False
abl_no_ls,Without label smoothing,figshare/1084.png,fs_109769,2,True,0.005133734809027778,0.00567255262285471,0.0055342018604278564,0.007095712702721357,False,False,False
abl_no_ls,Without label smoothing,figshare/1085.png,fs_109769,2,True,0.00714111328125,0.008417950011789799,0.0057214838452637196,0.01734893210232258,False,False,False
abl_no_ls,Without label smoothing,figshare/1086.png,fs_109769,2,True,0.0037434895833333335,0.0039020422846078873,0.00403467146679759,0.0014745360240340233,False,False,False
abl_no_ls,Without label smoothing,figshare/1087.png,fs_109769,2,True,0.0174560546875,0.01788879744708538,0.02053988352417946,4.41032064202318e-08,False,False,False
abl_no_ls,Without label smoothing,figshare/1088.png,fs_109898,2,True,0.014682345920138888,0.017711739987134933,0.0163115207105875,0.0880996435880661,False,False,True
abl_no_ls,Without label smoothing,figshare/1089.png,fs_109898,2,True,0.015814887152777776,0.0198146291077137,0.023990007117390633,0.0,False,True,False
abl_no_ls,Without label smoothing,figshare/1090.png,fs_109898,2,True,0.016642252604166668,0.01966637745499611,0.025643935427069664,0.0,False,False,False
abl_no_ls,Without label smoothing,figshare/1091.png,fs_109898,2,True,0.016628689236111112,0.01768285594880581,0.019870301708579063,5.608255378319882e-05,False,False,False
abl_no_ls,Without label smoothing,figshare/1092.png,fs_109898,2,True,0.010782877604166666,0.011602765880525112,0.013216106221079826,0.0,False,False,False
abl_no_ls,Without label smoothing,figshare/1093.png,fs_109898,2,True,0.007819281684027778,0.007771338801831007,0.008506390266120434,0.0012365763541311026,False,False,False
abl_no_ls,Without label smoothing,figshare/1107.png,fs_110993,2,True,0.006429036458333333,0.007426190655678511,0.007587543223053217,0.0,False,False,False
abl_no_ls,Without label smoothing,figshare/1108.png,fs_110993,2,True,0.005947536892361111,0.005902658216655254,0.0076066660694777966,0.0,False,False,False
abl_no_ls,Without label smoothing,figshare/1109.png,fs_110993,2,True,0.006585015190972222,0.006818434223532677,0.0071835508570075035,0.00022789931972511113,False,False,False
abl_no_ls,Without label smoothing,figshare/1110.png,fs_110993,2,True,0.007676866319444444,0.008674844168126583,0.009860697202384472,0.0,False,False,False
abl_no_ls,Without label smoothing,figshare/1111.png,fs_110993,2,True,0.008375379774305556,0.009213116019964218,0.008755682036280632,0.0,False,False,False
abl_no_ls,Without label smoothing,figshare/1129.png,fs_112074,2,False,0.008768717447916666,0.00937627349048853,0.008726217783987522,0.028455786406993866,False,False,False
abl_no_ls,Without label smoothing,figshare/1130.png,fs_112074,2,True,0.013543023003472222,0.014320531859993935,0.016210803762078285,0.0,False,False,False
abl_no_ls,Without label smoothing,figshare/1131.png,fs_112074,2,True,0.015252007378472222,0.016081642359495163,0.017421171069145203,0.0,False,False,False
abl_no_ls,Without label smoothing,figshare/1132.png,fs_112074,2,True,0.011115180121527778,0.012144922278821468,0.008529155515134335,0.05633627250790596,False,False,False
abl_no_ls,Without label smoothing,figshare/1133.png,fs_112074,2,True,0.009555392795138888,0.009833304211497307,0.00829195138067007,0.04659835249185562,False,False,False
abl_no_ls,Without label smoothing,figshare/1169.png,fs_106062,2,True,0.013929578993055556,0.014012360945343971,0.014533390291035175,0.03332901373505592,False,False,True
abl_no_ls,Without label smoothing,figshare/1170.png,fs_106062,2,True,0.016513400607638888,0.016235753893852234,0.01858331635594368,7.053175795590505e-05,False,False,False
abl_no_ls,Without label smoothing,figshare/1171.png,fs_106062,2,True,0.019741482204861112,0.019867626950144768,0.01956094242632389,0.003323325188830495,False,False,False
abl_no_ls,Without label smoothing,figshare/1172.png,fs_106062,2,True,0.019585503472222224,0.01974409446120262,0.021813686937093735,0.001205225009471178,False,False,False
abl_no_ls,Without label smoothing,figshare/1173.png,fs_106062,2,True,0.01873779296875,0.019103901460766792,0.02570788748562336,0.22834594547748566,False,False,True
abl_no_ls,Without label smoothing,figshare/1174.png,fs_106062,2,True,0.01654052734375,0.016728196293115616,0.02038486674427986,5.271311601973139e-05,False,False,False
abl_no_ls,Without label smoothing,figshare/1175.png,fs_106062,2,True,0.008755154079861112,0.008793520741164684,0.00991784781217575,0.0006507798098027706,False,False,False
abl_no_ls,Without label smoothing,figshare/1208.png,fs_109471,2,True,0.005093044704861111,0.004953703377395868,0.005563653539866209,0.00014595000538975,False,False,False
abl_no_ls,Without label smoothing,figshare/1209.png,fs_109471,2,True,0.013637966579861112,0.013623428530991077,0.00913627166301012,0.0006527606747113168,False,False,False
abl_no_ls,Without label smoothing,figshare/1210.png,fs_109471,2,True,0.014112684461805556,0.014409962110221386,0.012620941735804081,0.07214275747537613,False,False,True
abl_no_ls,Without label smoothing,figshare/1211.png,fs_109471,2,True,0.014309353298611112,0.01430174708366394,0.010464531369507313,0.022630926221609116,False,False,True
abl_no_ls,Without label smoothing,figshare/1212.png,fs_109471,2,True,0.013203938802083334,0.01310943253338337,0.005725027061998844,0.0,False,False,False
abl_no_ls,Without label smoothing,figshare/1213.png,fs_109471,2,True,0.011603461371527778,0.01130965631455183,0.011639505624771118,0.014259121380746365,False,False,True
abl_no_ls,Without label smoothing,figshare/1214.png,fs_109769,2,True,0.004530164930555556,0.004510745871812105,0.005009973421692848,0.0,False,False,False
abl_no_ls,Without label smoothing,figshare/1215.png,fs_109769,2,True,0.0035875108506944445,0.0034744522999972105,0.003880528500303626,0.007784819230437279,False,False,False
abl_no_ls,Without label smoothing,figshare/1216.png,fs_109769,2,True,0.005527072482638889,0.005411128979176283,0.004304633010178804,0.0,False,False,False
abl_no_ls,Without label smoothing,figshare/1217.png,fs_109769,2,True,0.004726833767361111,0.0048326714895665646,0.004891758784651756,3.2190262572839856e-05,False,False,False
abl_no_ls,Without label smoothing,figshare/1218.png,fs_109769,2,True,0.002834743923611111,0.0028381163720041513,0.0028502459172159433,0.009075034409761429,False,False,False
abl_no_ls,Without label smoothing,figshare/1219.png,fs_109898,2,True,0.006964789496527778,0.006720030680298805,0.006719330791383982,0.0002599175204522908,False,False,False
abl_no_ls,Without label smoothing,figshare/1220.png,fs_109898,2,True,0.007737901475694444,0.007684177719056606,0.007997212000191212,0.0002204444317612797,False,False,False
abl_no_ls,Without label smoothing,figshare/1221.png,fs_109898,2,True,0.0107421875,0.010516726411879063,0.011628418229520321,0.05159534141421318,False,False,False
abl_no_ls,Without label smoothing,figshare/1230.png,fs_110993,2,True,0.011264377170138888,0.011414659209549427,0.011050233617424965,3.4539255011623027e-06,False,False,False
abl_no_ls,Without label smoothing,figshare/1231.png,fs_110993,2,True,0.0034383138020833335,0.0035662646405398846,0.0030420972034335136,0.00295542785897851,False,False,False
abl_no_ls,Without label smoothing,figshare/1232.png,fs_110993,2,True,0.002936469184027778,0.0031199262011796236,0.003023592522367835,0.0,False,False,False
abl_no_ls,Without label smoothing,figshare/1246.png,fs_112074,2,False,0.006184895833333333,0.005891282577067614,0.0043939510360360146,0.0005746041424572468,False,False,False
abl_no_ls,Without label smoothing,figshare/1247.png,fs_112074,2,False,0.010423448350694444,0.010088195092976093,0.015300661325454712,0.07475202530622482,False,False,True
abl_no_ls,Without label smoothing,figshare/1248.png,fs_112074,2,True,0.011956108940972222,0.012030219659209251,0.009433084167540073,0.0005073931533843279,False,False,False
abl_no_ls,Without label smoothing,figshare/1249.png,fs_112074,2,False,0.010898166232638888,0.01073764730244875,0.01212309394031763,0.0745924785733223,False,False,True
abl_no_ls,Without label smoothing,figshare/1250.png,fs_112074,2,False,0.0079345703125,0.007629244588315487,0.006770683918148279,0.004906586371362209,False,False,False
abl_no_ls,Without label smoothing,figshare/1301.png,fs_103046,2,True,0.0036756727430555555,0.0037926083896309137,0.0036843300331383944,0.017005085945129395,False,False,False
abl_no_ls,Without label smoothing,figshare/1302.png,fs_103046,2,True,0.0036824544270833335,0.003519028425216675,0.0029873743187636137,0.0,False,False,False
abl_no_ls,Without label smoothing,figshare/1303.png,fs_103046,2,True,0.004340277777777778,0.004379638005048037,0.003080599009990692,0.00814862735569477,False,False,False
abl_no_ls,Without label smoothing,figshare/1330.png,fs_103731,2,True,0.004191080729166667,0.0037924887146800756,0.0037417015992105007,0.006525096017867327,False,False,False
abl_no_ls,Without label smoothing,figshare/1331.png,fs_103731,2,True,0.003729926215277778,0.0034193634055554867,0.0046503557823598385,0.0021955189295113087,False,False,False
abl_no_ls,Without label smoothing,figshare/1332.png,fs_103731,2,True,0.004482693142361111,0.0043534752912819386,0.004559763241559267,0.016209593042731285,False,False,False
abl_no_ls,Without label smoothing,figshare/1333.png,fs_103731,2,True,0.006252712673611111,0.0067441328428685665,0.008129609748721123,0.0,False,False,False
abl_no_ls,Without label smoothing,figshare/1334.png,fs_103731,2,True,0.006585015190972222,0.007361218798905611,0.008602159097790718,0.0029252648819237947,False,False,False
abl_no_ls,Without label smoothing,figshare/1335.png,fs_103731,2,True,0.008409288194444444,0.009064451791346073,0.009360730648040771,0.002512760926038027,False,False,False
abl_no_ls,Without label smoothing,figshare/1336.png,fs_103731,2,True,0.008463541666666666,0.00996926985681057,0.010127082467079163,0.01026173960417509,False,False,False
abl_no_ls,Without label smoothing,figshare/1337.png,fs_103731,2,True,0.007086859809027778,0.007938556373119354,0.008634580299258232,0.007472574710845947,False,False,False
abl_no_ls,Without label smoothing,figshare/1338.png,fs_103731,2,True,0.005940755208333333,0.006896615959703922,0.007953567430377007,0.002431797329336405,False,False,False
abl_no_ls,Without label smoothing,figshare/1339.png,fs_103731,2,True,0.005174424913194444,0.005815515294671059,0.004272742662578821,0.0,False,False,False
abl_no_ls,Without label smoothing,figshare/1374.png,fs_105187,2,True,0.00390625,0.00405238987877965,0.003856408642604947,0.0025825779885053635,False,False,False
abl_no_ls,Without label smoothing,figshare/1375.png,fs_105187,2,True,0.004665798611111111,0.005042446777224541,0.005358785390853882,0.00020419288193807006,False,False,False
abl_no_ls,Without label smoothing,figshare/1376.png,fs_105187,2,True,0.0030517578125,0.004106429405510426,0.004026127979159355,0.0,False,False,False
abl_no_ls,Without label smoothing,figshare/1377.png,fs_105187,2,True,0.00201416015625,0.0025899505708366632,0.001792785245925188,0.011975307017564774,False,False,False
abl_no_ls,Without label smoothing,figshare/1380.png,fs_105538,2,False,0.010450575086805556,0.01227825041860342,0.01082615740597248,0.03376336023211479,False,False,False
abl_no_ls,Without label smoothing,figshare/1381.png,fs_105538,2,False,0.0031873914930555555,0.005598787218332291,0.002899771323427558,0.002307521877810359,False,False,False
abl_no_ls,Without label smoothing,figshare/1382.png,fs_105538,2,False,0.0032484266493055555,0.004345163237303495,0.0034399142023175955,0.01145168486982584,False,False,False
abl_no_ls,Without label smoothing,figshare/1408.png,fs_97599,2,True,0.0015936957465277778,0.001232123002409935,0.0017833556048572063,0.0032228638883680105,False,False,False
abl_no_ls,Without label smoothing,figshare/1409.png,fs_97599,2,True,0.00274658203125,0.002777491230517626,0.0030258321203291416,0.0,False,False,False
abl_no_ls,Without label smoothing,figshare/1487.png,fs_102669,2,True,0.0017225477430555555,0.0019298250554129481,0.0017129579791799188,0.016222545877099037,False,False,False
abl_no_ls,Without label smoothing,figshare/1488.png,fs_102669,2,True,0.0029703776041666665,0.003522751620039344,0.0026358829345554113,0.019600363448262215,False,False,False
abl_no_ls,Without label smoothing,figshare/1489.png,fs_103046,2,True,0.002997504340277778,0.0030764336697757244,0.002569436328485608,0.00043367399484850466,False,False,False
abl_no_ls,Without label smoothing,figshare/1490.png,fs_103046,2,True,0.005866156684027778,0.005981931462883949,0.006571418140083551,0.00878275278955698,False,False,False
abl_no_ls,Without label smoothing,figshare/1491.png,fs_103046,2,True,0.0030314127604166665,0.0034652063623070717,0.0036006318405270576,0.0,False,False,False
abl_no_ls,Without label smoothing,figshare/1492.png,fs_103046,2,True,0.0027601453993055555,0.002807404613122344,0.002579466672614217,0.006896845065057278,False,False,False
abl_no_ls,Without label smoothing,figshare/1521.png,fs_103731,2,True,0.00250244140625,0.002482167910784483,0.0023698564618825912,0.0013361796736717224,False,False,False
abl_no_ls,Without label smoothing,figshare/1522.png,fs_103731,2,True,0.008416069878472222,0.008190762251615524,0.007320875767618418,0.01558722648769617,False,False,False
abl_no_ls,Without label smoothing,figshare/1523.png,fs_103731,2,True,0.009304470486111112,0.00885010790079832,0.009419295005500317,0.01474884431809187,False,False,False
abl_no_ls,Without label smoothing,figshare/1524.png,fs_103731,2,True,0.013807508680555556,0.013389106839895248,0.015340018086135387,0.005461889784783125,False,False,False
abl_no_ls,Without label smoothing,figshare/1525.png,fs_103731,2,True,0.013888888888888888,0.014958002604544163,0.018068335950374603,0.013578169979155064,False,False,False
abl_no_ls,Without label smoothing,figshare/1526.png,fs_103731,2,True,0.012593587239583334,0.01305347215384245,0.015322350896894932,0.0012520236195996404,False,False,False
abl_no_ls,Without label smoothing,figshare/1527.png,fs_103731,2,True,0.003323025173611111,0.003553912276402116,0.004153042566031218,2.7613214115262963e-06,False,False,False
abl_no_ls,Without label smoothing,figshare/1557.png,fs_105187,2,True,0.0011800130208333333,0.0011334024602547288,0.0010228793835267425,7.355343313975027e-06,False,False,False
abl_no_ls,Without label smoothing,figshare/1558.png,fs_105187,2,True,0.0020345052083333335,0.0019370114896446466,0.0017037504585459828,0.0,False,False,False
abl_no_ls,Without label smoothing,figshare/1559.png,fs_105187,2,True,0.005086263020833333,0.005346265155822039,0.004716592840850353,0.021365022286772728,False,False,False
abl_no_ls,Without label smoothing,figshare/1560.png,fs_105187,2,True,0.006598578559027778,0.007373800501227379,0.006017926149070263,0.0,False,False,False
abl_no_ls,Without label smoothing,figshare/1561.png,fs_105187,2,True,0.006103515625,0.006353418342769146,0.006967081222683191,0.0,False,False,False
abl_no_ls,Without label smoothing,figshare/1562.png,fs_105187,2,True,0.004503038194444444,0.004805372562259436,0.00497394846752286,1.63206277647987e-05,True,False,False
abl_no_ls,Without label smoothing,figshare/1566.png,fs_105538,2,False,0.002834743923611111,0.004263124894350767,0.004006063099950552,0.010430846363306046,True,False,False
abl_no_ls,Without label smoothing,figshare/1567.png,fs_105538,2,False,0.0025227864583333335,0.004560340661555529,0.003134120488539338,0.0,False,False,False
abl_no_ls,Without label smoothing,figshare/1594.png,fs_97599,2,True,0.001864963107638889,0.0016538023483008146,0.0014519605319947004,0.0,False,False,False
abl_no_ls,Without label smoothing,figshare/1595.png,fs_97599,2,True,0.001254611545138889,0.0012309037847444415,0.0014020068338140845,0.0,False,False,False
abl_no_ls,Without label smoothing,figshare/1672.png,fs_102669,2,True,0.001430935329861111,0.0015985388308763504,0.0014152108924463391,0.0,False,False,False
abl_no_ls,Without label smoothing,figshare/1673.png,fs_103046,2,True,0.004930284288194444,0.004984213970601559,0.004955264739692211,1.149152831203537e-05,False,False,False
abl_no_ls,Without label smoothing,figshare/1674.png,fs_103046,2,True,0.004611545138888889,0.004556993953883648,0.003144118469208479,0.00021865307644475251,False,False,False
abl_no_ls,Without label smoothing,figshare/1675.png,fs_103046,2,True,0.003716362847222222,0.00382208707742393,0.0035241858568042517,0.015673872083425522,False,False,False
abl_no_ls,Without label smoothing,figshare/1676.png,fs_103046,2,True,0.0029771592881944445,0.0029835335444658995,0.0032102700788527727,0.0007090714643709362,False,False,False
abl_no_ls,Without label smoothing,figshare/1709.png,fs_103731,2,True,0.009507921006944444,0.009229934774339199,0.010278197005391121,0.0,False,False,False
abl_no_ls,Without label smoothing,figshare/1710.png,fs_103731,2,True,0.014716254340277778,0.015205188654363155,0.015666857361793518,0.005353262647986412,False,False,False
abl_no_ls,Without label smoothing,figshare/1711.png,fs_103731,2,True,0.015143500434027778,0.015373891219496727,0.017063088715076447,0.01594030112028122,False,False,False
abl_no_ls,Without label smoothing,figshare/1712.png,fs_103731,2,True,0.013427734375,0.013700476847589016,0.015906186774373055,0.00646691070869565,False,False,False
abl_no_ls,Without label smoothing,figshare/1713.png,fs_103731,2,True,0.006829155815972222,0.007052652072161436,0.009259826503694057,0.03133391961455345,False,False,False
abl_no_ls,Without label smoothing,figshare/1748.png,fs_105187,2,True,0.0022379557291666665,0.0023864516988396645,0.0024746551644057035,0.0,False,False,False
abl_no_ls,Without label smoothing,figshare/1749.png,fs_105187,2,True,0.0029296875,0.003083176212385297,0.002981442492455244,0.0,False,False,False
abl_no_ls,Without label smoothing,figshare/1750.png,fs_105187,2,True,0.0037027994791666665,0.004092816729098558,0.0034859664738178253,0.0,False,False,False
abl_no_ls,Without label smoothing,figshare/1751.png,fs_105187,2,True,0.003926595052083333,0.004271292127668858,0.0028840259183198214,0.0050306376069784164,False,False,False
abl_no_ls,Without label smoothing,figshare/1752.png,fs_105187,2,True,0.004014756944444444,0.004214820917695761,0.003509435337036848,0.0,False,False,False
abl_no_ls,Without label smoothing,figshare/1753.png,fs_105187,2,True,0.0025160047743055555,0.002486032899469137,0.0021504617761820555,0.0,False,False,False
abl_no_ls,Without label smoothing,figshare/1759.png,fs_105538,2,False,0.00347900390625,0.004231744911521673,0.002989908680319786,0.0004964371910318732,False,False,False
abl_no_ls,Without label smoothing,figshare/1760.png,fs_105538,2,False,0.0036824544270833335,0.005072340369224548,0.00298616336658597,0.00040713921771384776,False,False,False
abl_no_ls,Without label smoothing,figshare/1786.png,fs_97599,2,True,0.0017293294270833333,0.0016280002892017365,0.0013925052480772138,0.0,False,False,False
abl_no_ls,Without label smoothing,figshare/1787.png,fs_97599,2,True,0.0019327799479166667,0.0019730303902179003,0.0017365931998938322,0.001345334923826158,False,False,False
abl_no_ls,Without label smoothing,figshare/1788.png,fs_97599,2,True,0.0018378363715277778,0.0018315155757591128,0.0009340618271380663,0.0,False,False,False
abl_no_ls,Without label smoothing,figshare/1914.png,fs_MR049453,0,True,0.012247721354166666,0.01197749748826027,0.010672608390450478,0.0,False,False,False
abl_no_ls,Without label smoothing,figshare/1915.png,fs_MR049453,0,True,0.017964680989583332,0.017631685361266136,0.018742065876722336,1.1273039035586407e-06,False,False,False
abl_no_ls,Without label smoothing,figshare/1916.png,fs_MR049453,0,True,0.04623752170138889,0.04511495679616928,0.04874378442764282,0.0,False,False,False
abl_no_ls,Without label smoothing,figshare/1917.png,fs_MR049453,0,True,0.026136610243055556,0.025814786553382874,0.028339147567749023,0.0,False,False,False
abl_no_ls,Without label smoothing,figshare/1918.png,fs_MR049453,0,True,0.048821343315972224,0.04802018031477928,0.05089839920401573,0.0,False,False,False
abl_no_ls,Without label smoothing,figshare/1919.png,fs_MR049453,0,True,0.044135199652777776,0.04366074129939079,0.04814181849360466,2.0945097276126035e-05,False,False,False
abl_no_ls,Without label smoothing,figshare/1920.png,fs_MR049453,0,True,0.033745659722222224,0.03241262584924698,0.036321040242910385,0.0,False,False,False
abl_no_ls,Without label smoothing,figshare/1937.png,fs_MR049453B,0,True,0.060553656684027776,0.05829751119017601,0.06309086829423904,0.015351397916674614,False,False,False
abl_no_ls,Without label smoothing,figshare/1938.png,fs_MR049453B,0,True,0.0715603298611111,0.06916288286447525,0.06682155281305313,0.020394081249833107,False,False,False
abl_no_ls,Without label smoothing,figshare/1939.png,fs_MR049453B,0,True,0.037848578559027776,0.036104556173086166,0.038575660437345505,0.007325688377022743,False,False,False
abl_no_ls,Without label smoothing,figshare/1940.png,fs_MR049453B,0,True,0.04197862413194445,0.040507230907678604,0.0379059724509716,0.08439788967370987,False,False,True
abl_no_ls,Without label smoothing,figshare/1941.png,fs_MR049453B,0,True,0.035786946614583336,0.03426703065633774,0.03824358433485031,0.0,False,False,False
abl_no_ls,Without label smoothing,figshare/1942.png,fs_MR049453B,0,True,0.0318603515625,0.030804913491010666,0.035781897604465485,0.02455390803515911,False,False,False
abl_no_ls,Without label smoothing,figshare/1943.png,fs_MR049453B,0,True,0.036051432291666664,0.03566616401076317,0.03897547721862793,0.0035979566164314747,False,False,False
abl_no_ls,Without label smoothing,figshare/1944.png,fs_MR049453B,0,True,0.022291395399305556,0.021277178078889847,0.02173602022230625,0.0,False,False,False
abl_no_ls,Without label smoothing,figshare/1950.png,fs_MR050135B,0,True,0.00421142578125,0.004168225917965174,0.004920692183077335,0.011487636715173721,False,False,False
abl_no_ls,Without label smoothing,figshare/1951.png,fs_MR050135B,0,True,0.010423448350694444,0.010712230578064919,0.011404856108129025,0.005692402832210064,False,False,False
abl_no_ls,Without label smoothing,figshare/1952.png,fs_MR050135B,0,True,0.019117567274305556,0.020825181156396866,0.022203510627150536,0.25311610102653503,False,True,True
abl_no_ls,Without label smoothing,figshare/1953.png,fs_MR050135B,0,True,0.015862358940972224,0.01627293787896633,0.018173040822148323,0.01304871030151844,False,False,False
abl_no_ls,Without label smoothing,figshare/1954.png,fs_MR050135B,0,True,0.006876627604166667,0.0063886321149766445,0.006986287888139486,0.0,False,False,False
abl_no_ls,Without label smoothing,figshare/1955.png,fs_MR050135B,0,True,0.011766221788194444,0.011491437442600727,0.01222689263522625,0.00909142941236496,False,False,False
abl_no_ls,Without label smoothing,figshare/1956.png,fs_MR050135B,0,True,0.012986924913194444,0.014525962993502617,0.016940921545028687,0.0,False,False,False
abl_no_ls,Without label smoothing,figshare/1957.png,fs_MR050135B,0,True,0.015462239583333334,0.016237210482358932,0.020672941580414772,0.0,False,False,False
abl_no_ls,Without label smoothing,figshare/1958.png,fs_MR050135B,0,True,0.015916612413194444,0.015902290120720863,0.018310340121388435,0.0,False,False,False
abl_no_ls,Without label smoothing,figshare/1959.png,fs_MR050135B,0,True,0.002997504340277778,0.002866216003894806,0.003132047364488244,0.006420884747058153,False,False,False
abl_no_ls,Without label smoothing,figshare/1960.png,fs_MR050135B,0,True,0.018669976128472224,0.018325699493288994,0.019705859944224358,0.0008191891247406602,False,False,False
abl_no_ls,Without label smoothing,figshare/1961.png,fs_MR050135B,0,True,0.030836317274305556,0.03026324138045311,0.03291628882288933,0.11362649500370026,False,False,True
abl_no_ls,Without label smoothing,figshare/1962.png,fs_MR050135B,0,True,0.03141954210069445,0.030569661408662796,0.03125779703259468,0.03173752874135971,False,False,False
abl_no_ls,Without label smoothing,figshare/1963.png,fs_MR050135B,0,True,0.026835123697916668,0.027536669746041298,0.030967503786087036,2.527261858631391e-05,False,False,False
abl_no_ls,Without label smoothing,figshare/1974.png,fs_MR050791B,0,True,0.003512912326388889,0.0034594612661749125,0.002903381362557411,0.0007781273452565074,False,False,False
abl_no_ls,Without label smoothing,figshare/1975.png,fs_MR050791B,0,True,0.006666395399305556,0.006214568391442299,0.006745025981217623,0.0,False,False,False
abl_no_ls,Without label smoothing,figshare/1976.png,fs_MR050791B,0,True,0.011189778645833334,0.0110677070915699,0.008970420807600021,2.6124411306227557e-05,False,False,False
abl_no_ls,Without label smoothing,figshare/1977.png,fs_MR050791B,0,True,0.012885199652777778,0.012633048929274082,0.011604486033320427,0.010602719150483608,False,False,False
abl_no_ls,Without label smoothing,figshare/1978.png,fs_MR050791B,0,True,0.024169921875,0.0229799747467041,0.02514691650867462,0.0007831674301996827,False,False,False
abl_no_ls,Without label smoothing,figshare/1979.png,fs_MR050791B,0,True,0.020331488715277776,0.01996145211160183,0.01993553712964058,0.0,False,False,False
abl_no_ls,Without label smoothing,figshare/1980.png,fs_MR050791B,0,True,0.017266167534722224,0.016717493534088135,0.018668321892619133,0.014105165377259254,False,False,False
abl_no_ls,Without label smoothing,figshare/1981.png,fs_MR050791B,0,True,0.012037489149305556,0.011653861030936241,0.014594903215765953,0.0,False,False,False
abl_no_ls,Without label smoothing,figshare/1982.png,fs_MR050791B,0,True,0.024854871961805556,0.025159811601042747,0.030107559636235237,0.05803246796131134,False,True,False
abl_no_ls,Without label smoothing,figshare/1983.png,fs_MR050791B,0,True,0.012518988715277778,0.01273480523377657,0.013850151561200619,0.0,True,False,False
abl_no_ls,Without label smoothing,figshare/2012.png,fs_MR051461B,0,True,0.015184190538194444,0.014311403967440128,0.01009572483599186,0.03141787648200989,False,False,False
abl_no_ls,Without label smoothing,figshare/2013.png,fs_MR051461B,0,True,0.011617024739583334,0.011215214617550373,0.01024581864476204,0.0638156309723854,False,False,False
abl_no_ls,Without label smoothing,figshare/2014.png,fs_MR051461B,0,True,0.030029296875,0.028372300788760185,0.03070036880671978,0.2030792087316513,False,False,False
abl_no_ls,Without label smoothing,figshare/2015.png,fs_MR051461B,0,True,0.021504720052083332,0.019626619294285774,0.023874785751104355,0.14122457802295685,False,False,True
abl_no_ls,Without label smoothing,figshare/2016.png,fs_MR051461B,0,True,0.0257568359375,0.024910828098654747,0.028897009789943695,0.16260722279548645,False,False,True
abl_no_ls,Without label smoothing,figshare/2087.png,fs_MR053110B,0,True,0.0277099609375,0.025860857218503952,0.022311534732580185,0.0,False,False,False
abl_no_ls,Without label smoothing,figshare/2088.png,fs_MR053110B,0,True,0.030239529079861112,0.028577620163559914,0.029334934428334236,5.521057028090581e-05,False,False,False
abl_no_ls,Without label smoothing,figshare/2089.png,fs_MR053110B,0,True,0.05325656467013889,0.04977182671427727,0.0485982783138752,0.027984661981463432,False,False,False
abl_no_ls,Without label smoothing,figshare/2090.png,fs_MR053110B,0,True,0.05180528428819445,0.04953891411423683,0.04594472050666809,0.026017891243100166,False,False,False
abl_no_ls,Without label smoothing,figshare/2091.png,fs_MR053110B,0,True,0.03962537977430555,0.037163857370615005,0.03909702226519585,0.0,False,False,False
abl_no_ls,Without label smoothing,figshare/2092.png,fs_MR053110B,0,True,0.01458740234375,0.013625258579850197,0.01632566750049591,0.0,False,False,False
abl_no_ls,Without label smoothing,figshare/2093.png,fs_MR034694,0,True,0.006198459201388889,0.006032963283360004,0.008382205851376057,0.0,False,False,False
abl_no_ls,Without label smoothing,figshare/2094.png,fs_MR034694,0,True,0.017408582899305556,0.017201270908117294,0.018803609535098076,0.012612375430762768,False,False,False
abl_no_ls,Without label smoothing,figshare/2095.png,fs_MR034694,0,True,0.027872721354166668,0.028685323894023895,0.03243907913565636,0.11895471811294556,False,True,False
abl_no_ls,Without label smoothing,figshare/2096.png,fs_MR034694,0,True,0.017103407118055556,0.017269616946578026,0.01919695734977722,0.0,False,False,False
abl_no_ls,Without label smoothing,figshare/2112.png,fs_MR034997,0,True,0.008009168836805556,0.007747278548777103,0.005430212244391441,0.0,False,False,False
abl_no_ls,Without label smoothing,figshare/2113.png,fs_MR034997,0,True,0.01776123046875,0.01771898940205574,0.01815895363688469,0.0022199442610144615,False,False,False
abl_no_ls,Without label smoothing,figshare/2114.png,fs_MR034997,0,True,0.019965277777777776,0.02265957184135914,0.024213027209043503,0.031114494428038597,False,False,False
abl_no_ls,Without label smoothing,figshare/2115.png,fs_MR034997,0,True,0.021172417534722224,0.024616332724690437,0.020303785800933838,0.041213519871234894,False,False,False
abl_no_ls,Without label smoothing,figshare/2116.png,fs_MR034997,0,True,0.016866048177083332,0.020295390859246254,0.016364721581339836,0.019227562472224236,False,False,False
abl_no_ls,Without label smoothing,figshare/2117.png,fs_MR034997,0,True,0.015068901909722222,0.017404239624738693,0.015903104096651077,0.06913166493177414,False,False,False
abl_no_ls,Without label smoothing,figshare/2118.png,fs_MR034997,0,True,0.004909939236111111,0.005895453505218029,0.005288092885166407,0.017418665811419487,False,False,False
abl_no_ls,Without label smoothing,figshare/2134.png,fs_MR049019G,0,True,0.024915907118055556,0.024145839735865593,0.023842360824346542,0.023263389244675636,False,False,False
abl_no_ls,Without label smoothing,figshare/2135.png,fs_MR049019G,0,True,0.04578993055555555,0.044176556169986725,0.04721628129482269,0.2789651155471802,False,False,True
abl_no_ls,Without label smoothing,figshare/2136.png,fs_MR049019G,0,True,0.015123155381944444,0.015162086114287376,0.016546595841646194,0.0,False,False,False
abl_no_ls,Without label smoothing,figshare/2137.png,fs_MR049019G,0,True,0.017652723524305556,0.01707581616938114,0.018229030072689056,0.009309074841439724,False,False,False
abl_no_ls,Without label smoothing,figshare/2138.png,fs_MR049019G,0,True,0.027140299479166668,0.026923762634396553,0.028010454028844833,0.014520877040922642,False,False,False
abl_no_ls,Without label smoothing,figshare/2139.png,fs_MR049019G,0,True,0.016350640190972224,0.016287703067064285,0.017423931509256363,0.0,False,False,False
abl_no_ls,Without label smoothing,figshare/2140.png,fs_MR049019G,0,True,0.019490559895833332,0.01862415298819542,0.01923450455069542,0.01962648332118988,False,False,False
abl_no_ls,Without label smoothing,figshare/2166.png,fs_MR037458B,0,False,0.011508517795138888,0.010816608555614948,0.010138286277651787,0.0032385860104113817,False,False,False
abl_no_ls,Without label smoothing,figshare/2167.png,fs_MR037458B,0,True,0.014377170138888888,0.014103068970143795,0.012206671759486198,0.029724478721618652,False,False,False
abl_no_ls,Without label smoothing,figshare/2168.png,fs_MR037458B,0,False,0.0027940538194444445,0.003093054750934243,0.0031386325135827065,0.0,False,False,False
abl_no_ls,Without label smoothing,figshare/2169.png,fs_MR037458B,0,False,0.005276150173611111,0.0055022286251187325,0.004100083839148283,0.006523397285491228,False,False,False
abl_no_ls,Without label smoothing,figshare/2170.png,fs_MR037458B,0,False,0.007154676649305556,0.0070464154705405235,0.00573080126196146,0.00655894260853529,False,False,False
abl_no_ls,Without label smoothing,figshare/2171.png,fs_MR037458B,0,False,0.019999186197916668,0.01982150971889496,0.01750306971371174,0.0003013335808645934,False,False,False
abl_no_ls,Without label smoothing,figshare/2172.png,fs_MR037458B,0,False,0.015726725260416668,0.015383418649435043,0.017674503847956657,0.0003919864248018712,False,False,False
abl_no_ls,Without label smoothing,figshare/2173.png,fs_MR037458B,0,False,0.017137315538194444,0.016051417216658592,0.02315501868724823,0.0014972384087741375,False,False,False
abl_no_ls,Without label smoothing,figshare/2196.png,fs_MR040240,0,True,0.00738525390625,0.00752587104216218,0.007568065542727709,0.030020369216799736,False,False,False
abl_no_ls,Without label smoothing,figshare/2197.png,fs_MR040240,0,True,0.010443793402777778,0.01020356360822916,0.010380345396697521,0.021476326510310173,False,False,False
abl_no_ls,Without label smoothing,figshare/2198.png,fs_MR040240,0,True,0.030768500434027776,0.030644884333014488,0.03859135881066322,0.11886908113956451,False,False,False
abl_no_ls,Without label smoothing,figshare/2199.png,fs_MR040240,0,True,0.028327094184027776,0.02812844142317772,0.035359907895326614,0.0,False,True,False
abl_no_ls,Without label smoothing,figshare/2200.png,fs_MR040240,0,True,0.025058322482638888,0.02533976174890995,0.028781713917851448,0.0,False,False,False
abl_no_ls,Without label smoothing,figshare/2201.png,fs_MR040240,0,True,0.020948621961805556,0.02074720896780491,0.01967223919928074,0.05408545210957527,False,False,False
abl_no_ls,Without label smoothing,figshare/2202.png,fs_MR040240,0,True,0.033515082465277776,0.032963283360004425,0.02960425429046154,0.007603319361805916,False,False,False
abl_no_ls,Without label smoothing,figshare/2203.png,fs_MR040240,0,True,0.025648328993055556,0.025338605046272278,0.019604308530688286,0.08065985888242722,False,False,False
abl_no_ls,Without label smoothing,figshare/2204.png,fs_MR040240,0,True,0.016086154513888888,0.015694819390773773,0.010853124782443047,0.0,False,False,False
abl_no_ls,Without label smoothing,figshare/2205.png,fs_MR040240,0,True,0.008734809027777778,0.008361966349184513,0.008061070926487446,0.0,False,False,False
abl_no_ls,Without label smoothing,figshare/2270.png,fs_MR049453,0,True,0.004258897569444444,0.0042021251283586025,0.005546924192458391,0.0,False,False,False
abl_no_ls,Without label smoothing,figshare/2271.png,fs_MR049453,0,True,0.028001573350694444,0.02706805430352688,0.026929188519716263,0.0,False,False,False
abl_no_ls,Without label smoothing,figshare/2272.png,fs_MR049453,0,True,0.01495361328125,0.014853688888251781,0.015825742855668068,0.0,False,False,False
abl_no_ls,Without label smoothing,figshare/2273.png,fs_MR049453,0,True,0.03408474392361111,0.03221587464213371,0.037486881017684937,0.0,False,False,False
abl_no_ls,Without label smoothing,figshare/2274.png,fs_MR049453,0,True,0.03238254123263889,0.03221948444843292,0.034057773649692535,0.0,False,False,False
abl_no_ls,Without label smoothing,figshare/2275.png,fs_MR049453,0,True,0.023912217881944444,0.023700470104813576,0.025608129799365997,0.0,False,False,False
abl_no_ls,Without label smoothing,figshare/2276.png,fs_MR049453,0,True,0.009962293836805556,0.01006757840514183,0.010070240125060081,0.0,False,False,False
abl_no_ls,Without label smoothing,figshare/2277.png,fs_MR049453,0,True,0.010348849826388888,0.010217741131782532,0.011381077580153942,0.09557180106639862,False,False,True
abl_no_ls,Without label smoothing,figshare/2278.png,fs_MR049453,0,True,0.004014756944444444,0.004440838936716318,0.006175537593662739,0.009414458647370338,False,False,False
abl_no_ls,Without label smoothing,figshare/2286.png,fs_MR049453B,0,True,0.0037367078993055555,0.0035474449396133423,0.004084971733391285,0.00837918370962143,False,False,False
abl_no_ls,Without label smoothing,figshare/2287.png,fs_MR049453B,0,True,0.003655327690972222,0.0035107475705444813,0.003035083645954728,0.02160792052745819,False,False,False
abl_no_ls,Without label smoothing,figshare/2288.png,fs_MR049453B,0,True,0.050360785590277776,0.04972127825021744,0.04140671342611313,7.341561286011711e-05,False,False,False
abl_no_ls,Without label smoothing,figshare/2289.png,fs_MR049453B,0,True,0.03554958767361111,0.03488827869296074,0.03526259586215019,0.0,False,False,False
abl_no_ls,Without label smoothing,figshare/2290.png,fs_MR049453B,0,True,0.036553276909722224,0.036342035979032516,0.03495931997895241,0.0004963360843248665,False,False,False
abl_no_ls,Without label smoothing,figshare/2291.png,fs_MR049453B,0,True,0.019802517361111112,0.019478315487504005,0.02472902089357376,0.0,False,False,False
abl_no_ls,Without label smoothing,figshare/2292.png,fs_MR049453B,0,True,0.009568956163194444,0.009143251925706863,0.008048644289374352,0.06376495957374573,False,False,False
abl_no_ls,Without label smoothing,figshare/2293.png,fs_MR049453B,0,True,0.017734103732638888,0.017059365287423134,0.018740544095635414,0.099627785384655,False,False,False
abl_no_ls,Without label smoothing,figshare/2294.png,fs_MR049453B,0,True,0.005316840277777778,0.004972247872501612,0.006427175831049681,0.0,False,False,False
abl_no_ls,Without label smoothing,figshare/2295.png,fs_MR049453B,0,True,0.015272352430555556,0.014971597120165825,0.015933886170387268,0.0,False,False,False
abl_no_ls,Without label smoothing,figshare/2296.png,fs_MR049453B,0,True,0.024400499131944444,0.023814214393496513,0.021761083975434303,0.03371287137269974,False,False,False
abl_no_ls,Without label smoothing,figshare/2297.png,fs_MR049453B,0,True,0.044074164496527776,0.04324587434530258,0.03838666155934334,0.0,False,False,False
abl_no_ls,Without label smoothing,figshare/2298.png,fs_MR049453B,0,True,0.046210394965277776,0.04570196196436882,0.04094088077545166,0.0024392723571509123,False,False,False
abl_no_ls,Without label smoothing,figshare/2299.png,fs_MR049453B,0,True,0.049323187934027776,0.04917507246136665,0.04126977175474167,0.0,False,False,False
abl_no_ls,Without label smoothing,figshare/2300.png,fs_MR050135B,0,True,0.004170735677083333,0.004152918700128794,0.005128482822328806,0.0011813361197710037,False,False,False
abl_no_ls,Without label smoothing,figshare/2301.png,fs_MR050135B,0,True,0.018263075086805556,0.018983807414770126,0.024576792493462563,0.0,False,False,False
abl_no_ls,Without label smoothing,figshare/2302.png,fs_MR050135B,0,True,0.006137424045138889,0.006067005917429924,0.006194010376930237,0.00014518079115077853,False,False,False
abl_no_ls,Without label smoothing,figshare/2303.png,fs_MR050135B,0,True,0.018941243489583332,0.01830591820180416,0.023901361972093582,0.0,False,False,False
abl_no_ls,Without label smoothing,figshare/2304.png,fs_MR050135B,0,True,0.022989908854166668,0.02242668718099594,0.031510062515735626,0.0,False,False,False
abl_no_ls,Without label smoothing,figshare/2305.png,fs_MR050135B,0,True,0.025838216145833332,0.025800758972764015,0.030689315870404243,0.03908473998308182,False,False,True
abl_no_ls,Without label smoothing,figshare/2306.png,fs_MR050135B,0,True,0.021565755208333332,0.020452063530683517,0.02968946099281311,0.0,False,False,False
abl_no_ls,Without label smoothing,figshare/2307.png,fs_MR050135B,0,True,0.007331000434027778,0.007526392117142677,0.007493907120078802,0.0,False,False,False
abl_no_ls,Without label smoothing,figshare/2308.png,fs_MR050135B,0,True,0.013210720486111112,0.013834456913173199,0.014717875979840755,0.002007627161219716,False,False,False
abl_no_ls,Without label smoothing,figshare/2309.png,fs_MR050135B,0,True,0.013014051649305556,0.013642817735671997,0.014027881436049938,0.0031992977019399405,False,False,False
abl_no_ls,Without label smoothing,figshare/2310.png,fs_MR050135B,0,True,0.012837727864583334,0.014040044508874416,0.012126569636166096,0.0,False,False,False
abl_no_ls,Without label smoothing,figshare/2317.png,fs_MR050791B,0,True,0.026740180121527776,0.026222731918096542,0.028135385364294052,0.01868283562362194,False,False,False
abl_no_ls,Without label smoothing,figshare/2318.png,fs_MR050791B,0,True,0.04482693142361111,0.04238877072930336,0.036175135523080826,0.11408974975347519,False,False,False
abl_no_ls,Without label smoothing,figshare/2319.png,fs_MR050791B,0,True,0.032111273871527776,0.030294714495539665,0.025781432166695595,0.0031879874877631664,False,False,False
abl_no_ls,Without label smoothing,figshare/2320.png,fs_MR050791B,0,True,0.020846896701388888,0.02012142911553383,0.020377743989229202,0.015211228281259537,False,False,False
abl_no_ls,Without label smoothing,figshare/2349.png,fs_MR024780E,0,True,0.007439507378472222,0.008002366870641708,0.011125251650810242,0.0,False,False,False
abl_no_ls,Without label smoothing,figshare/2362.png,fs_MR040240C,0,True,0.008490668402777778,0.007996242493391037,0.006812592502683401,0.020218798890709877,False,False,False
abl_no_ls,Without label smoothing,figshare/2363.png,fs_MR040240C,0,True,0.0033772786458333335,0.003231234382838011,0.0023679682053625584,0.0,False,False,False
abl_no_ls,Without label smoothing,figshare/2364.png,fs_MR040240C,0,True,0.003851996527777778,0.003907863050699234,0.003290243213996291,0.0,False,False,False
abl_no_ls,Without label smoothing,figshare/2365.png,fs_MR040240C,0,True,0.020426432291666668,0.020145567134022713,0.02262289635837078,0.05857980251312256,False,False,False
abl_no_ls,Without label smoothing,figshare/2366.png,fs_MR040240C,0,True,0.023417154947916668,0.022764410823583603,0.02776864543557167,0.0,False,False,False
abl_no_ls,Without label smoothing,figshare/2367.png,fs_MR040240C,0,True,0.042928059895833336,0.0424678660929203,0.049729831516742706,0.0031882638577371836,False,True,False
abl_no_ls,Without label smoothing,figshare/2368.png,fs_MR040240C,0,True,0.06172010633680555,0.06018407270312309,0.05869447439908981,0.0,True,False,False
abl_no_ls,Without label smoothing,figshare/2369.png,fs_MR040240C,0,True,0.052361382378472224,0.05357655882835388,0.054186102002859116,0.03412824124097824,True,False,False
abl_no_ls,Without label smoothing,figshare/2370.png,fs_MR040240C,0,True,0.07093641493055555,0.072154700756073,0.08140981197357178,0.10874482989311218,True,False,False
abl_no_ls,Without label smoothing,figshare/2371.png,fs_MR040240C,0,True,0.059244791666666664,0.05780455470085144,0.060291681438684464,0.011450151912868023,False,False,False
abl_no_ls,Without label smoothing,figshare/2372.png,fs_MR040240C,0,True,0.01580810546875,0.015464425086975098,0.011077203787863255,0.0,False,False,False
abl_no_ls,Without label smoothing,figshare/2373.png,fs_MR040240D,0,True,0.0035400390625,0.0032141052652150393,0.0037567256949841976,0.012440711259841919,False,False,False
abl_no_ls,Without label smoothing,figshare/2374.png,fs_MR040240D,0,True,0.0064697265625,0.0061423578299582005,0.005173740442842245,0.0,False,False,False
abl_no_ls,Without label smoothing,figshare/2375.png,fs_MR040240D,0,True,0.003390842013888889,0.0031392888631671667,0.0026549736503511667,0.0,False,False,False
abl_no_ls,Without label smoothing,figshare/2376.png,fs_MR040240D,0,True,0.03207058376736111,0.030863752588629723,0.031144309788942337,0.0038687875494360924,False,False,False
abl_no_ls,Without label smoothing,figshare/2377.png,fs_MR040240D,0,True,0.029127332899305556,0.02930537424981594,0.0345059409737587,0.0,False,True,False
abl_no_ls,Without label smoothing,figshare/2378.png,fs_MR040240D,0,True,0.032036675347222224,0.030603688210248947,0.03381470963358879,0.00027973164105787873,False,True,False
abl_no_ls,Without label smoothing,figshare/2379.png,fs_MR040240D,0,True,0.06580268012152778,0.06503365933895111,0.07659097015857697,0.0,False,False,False
abl_no_ls,Without label smoothing,figshare/2380.png,fs_MR040240D,0,True,0.058844672309027776,0.060938164591789246,0.07168981432914734,0.015597861260175705,False,False,False
abl_no_ls,Without label smoothing,figshare/2381.png,fs_MR040240D,0,True,0.05537245008680555,0.05651569738984108,0.05426451191306114,0.006111318711191416,False,False,False
abl_no_ls,Without label smoothing,figshare/2382.png,fs_MR040240D,0,True,0.052741156684027776,0.04987642168998718,0.05339347571134567,0.018833564594388008,False,False,False
abl_no_ls,Without label smoothing,figshare/2383.png,fs_MR040240D,0,True,0.00421142578125,0.0040585617534816265,0.004201340954750776,0.0,False,False,False
abl_no_ls,Without label smoothing,figshare/2443.png,fs_MR040240,0,True,0.028347439236111112,0.026277292519807816,0.02911444939672947,0.006156411487609148,False,False,False
abl_no_ls,Without label smoothing,figshare/2444.png,fs_MR040240,0,True,0.049886067708333336,0.04859035834670067,0.048230282962322235,0.0,False,False,False
abl_no_ls,Without label smoothing,figshare/2445.png,fs_MR040240,0,True,0.046515570746527776,0.0469563752412796,0.04979041963815689,0.0,False,False,False
abl_no_ls,Without label smoothing,figshare/2446.png,fs_MR040240,0,True,0.050103081597222224,0.05042717233300209,0.05459766834974289,0.0,True,False,False
abl_no_ls,Without label smoothing,figshare/2447.png,fs_MR040240,0,True,0.029446072048611112,0.030060134828090668,0.03337220475077629,0.06667419523000717,False,True,False
abl_no_ls,Without label smoothing,figshare/2448.png,fs_MR040240,0,True,0.028788248697916668,0.029346736147999763,0.03595318645238876,0.00039724691305309534,False,False,False
abl_no_ls,Without label smoothing,figshare/2449.png,fs_MR040240,0,True,0.029947916666666668,0.030277853831648827,0.03391341492533684,0.0,False,False,False
abl_no_ls,Without label smoothing,figshare/2450.png,fs_MR040240,0,True,0.037150065104166664,0.038082826882600784,0.037629663944244385,3.61612910637632e-05,False,False,False
abl_no_ls,Without label smoothing,figshare/2451.png,fs_MR040240,0,True,0.02386474609375,0.024088678881525993,0.02697797119617462,0.007711343467235565,False,False,False
abl_no_ls,Without label smoothing,figshare/2452.png,fs_MR040240,0,True,0.009589301215277778,0.009827411733567715,0.00783593114465475,0.0,False,False,False
abl_no_ls,Without label smoothing,figshare/2496.png,fs_MR024780E,0,True,0.00408935546875,0.0038303500041365623,0.003980345092713833,0.0,False,False,False
abl_no_ls,Without label smoothing,figshare/2497.png,fs_MR024780E,0,True,0.002448187934027778,0.002267630770802498,0.002991819055750966,0.00011834875476779416,False,False,False
abl_no_ls,Without label smoothing,figshare/2498.png,fs_MR024780E,0,True,0.007256401909722222,0.007359138689935207,0.007732477504760027,0.0,False,False,False
abl_no_ls,Without label smoothing,figshare/2509.png,fs_MR040240C,0,True,0.021023220486111112,0.020506011322140694,0.019522367045283318,0.0019296897808089852,False,False,False
abl_no_ls,Without label smoothing,figshare/2510.png,fs_MR040240C,0,True,0.021708170572916668,0.02140486240386963,0.01843484491109848,0.0,False,False,False
abl_no_ls,Without label smoothing,figshare/2511.png,fs_MR040240C,0,True,0.00787353515625,0.007341228425502777,0.008290999568998814,0.005041203461587429,False,False,False
abl_no_ls,Without label smoothing,figshare/2512.png,fs_MR040240C,0,True,0.009813096788194444,0.009059851989150047,0.01283663883805275,0.01947467215359211,False,False,False
abl_no_ls,Without label smoothing,figshare/2513.png,fs_MR040240C,0,True,0.013502332899305556,0.012865605764091015,0.012876768596470356,0.015398508869111538,False,False,False
abl_no_ls,Without label smoothing,figshare/2514.png,fs_MR040240C,0,True,0.0146484375,0.014348387718200684,0.01653832010924816,0.024834470823407173,False,False,False
abl_no_ls,Without label smoothing,figshare/2515.png,fs_MR040240C,0,True,0.015360514322916666,0.014872558414936066,0.012578584253787994,0.06330598145723343,False,False,False
abl_no_ls,Without label smoothing,figshare/2516.png,fs_MR040240C,0,True,0.03158908420138889,0.03176096826791763,0.02909284085035324,0.029047567397356033,False,False,False
abl_no_ls,Without label smoothing,figshare/2517.png,fs_MR040240C,0,True,0.03372531467013889,0.03326297923922539,0.032655537128448486,0.0,False,False,False
abl_no_ls,Without label smoothing,figshare/2518.png,fs_MR040240C,0,True,0.013326009114583334,0.013547445647418499,0.011882485821843147,0.06272407621145248,False,False,False
abl_no_ls,Without label smoothing,figshare/2519.png,fs_MR040240C,0,True,0.013814290364583334,0.013817320577800274,0.014285538345575333,0.008702036924660206,False,False,False
abl_no_ls,Without label smoothing,figshare/2520.png,fs_MR040240C,0,True,0.03912353515625,0.039126452058553696,0.044979557394981384,0.04569777101278305,False,False,False
abl_no_ls,Without label smoothing,figshare/2521.png,fs_MR040240C,0,True,0.029947916666666668,0.03136127069592476,0.02549498714506626,1.3092269000480883e-05,False,False,False
abl_no_ls,Without label smoothing,figshare/2522.png,fs_MR040240C,0,True,0.009806315104166666,0.009604883380234241,0.00788116455078125,0.012932874262332916,False,False,False
abl_no_ls,Without label smoothing,figshare/2523.png,fs_MR040240C,0,True,0.007853190104166666,0.007552664261311293,0.005323725286871195,0.016344789415597916,False,False,False
abl_no_ls,Without label smoothing,figshare/2550.png,fs_MR051461B,0,True,0.008185492621527778,0.007988574914634228,0.00866322498768568,0.0,False,False,False
abl_no_ls,Without label smoothing,figshare/2551.png,fs_MR051461B,0,True,0.007317437065972222,0.007055383175611496,0.006278665270656347,0.0026380529161542654,False,False,False
abl_no_ls,Without label smoothing,figshare/2552.png,fs_MR051461B,0,True,0.007988823784722222,0.007905537262558937,0.009061479941010475,0.0073068938218057156,False,False,False
abl_no_ls,Without label smoothing,figshare/2553.png,fs_MR051461B,0,True,0.008314344618055556,0.008144674822688103,0.007482829969376326,0.016705619171261787,False,False,False
abl_no_ls,Without label smoothing,figshare/2617.png,fs_MR053110B,0,True,0.026041666666666668,0.025604605674743652,0.02242438495159149,0.0,False,False,False
abl_no_ls,Without label smoothing,figshare/2618.png,fs_MR053110B,0,True,0.028272840711805556,0.02768094651401043,0.0232872162014246,0.002636237535625696,False,False,False
abl_no_ls,Without label smoothing,figshare/2619.png,fs_MR053110B,0,True,0.036383734809027776,0.035323988646268845,0.03233545646071434,0.0026694831904023886,False,False,False
abl_no_ls,Without label smoothing,figshare/2620.png,fs_MR053110B,0,True,0.03361680772569445,0.03334105759859085,0.03400648385286331,0.0006439993740059435,False,False,False
abl_no_ls,Without label smoothing,figshare/2621.png,fs_MR053110B,0,True,0.029500325520833332,0.029063507914543152,0.027015555649995804,0.0017603595042601228,False,False,False
abl_no_ls,Without label smoothing,figshare/2622.png,fs_MR053110B,0,True,0.028516981336805556,0.028120996430516243,0.025841865688562393,0.003222536528483033,False,False,False
abl_no_ls,Without label smoothing,figshare/2623.png,fs_MR053110B,0,True,0.028164333767361112,0.027380868792533875,0.026266025379300117,0.003732996992766857,False,False,False
abl_no_ls,Without label smoothing,figshare/2624.png,fs_MR034694,0,True,0.009189181857638888,0.00881548598408699,0.0058067552745342255,0.0,False,False,False
abl_no_ls,Without label smoothing,figshare/2625.png,fs_MR034694,0,True,0.00933837890625,0.009634519927203655,0.009288527071475983,0.0,False,False,False
abl_no_ls,Without label smoothing,figshare/2626.png,fs_MR034694,0,True,0.020304361979166668,0.020872270688414574,0.02007904462516308,0.0,False,False,False
abl_no_ls,Without label smoothing,figshare/2627.png,fs_MR034694,0,True,0.011935763888888888,0.011904336512088776,0.015599360689520836,0.0,False,False,False
abl_no_ls,Without label smoothing,figshare/2628.png,fs_MR034694,0,True,0.023857964409722224,0.024118205532431602,0.022849081084132195,0.0,False,False,False
abl_no_ls,Without label smoothing,figshare/2629.png,fs_MR034694,0,True,0.025356716579861112,0.026584215462207794,0.027201343327760696,0.0,False,False,False
abl_no_ls,Without label smoothing,figshare/2630.png,fs_MR034694,0,True,0.017835828993055556,0.018314244225621223,0.01664043217897415,0.0,False,False,False
abl_no_ls,Without label smoothing,figshare/2646.png,fs_MR053241C,0,True,0.008341471354166666,0.00792176928371191,0.008897552266716957,0.0,False,False,False
abl_no_ls,Without label smoothing,figshare/2647.png,fs_MR053241C,0,True,0.005655924479166667,0.005186688154935837,0.0054200198501348495,0.0,False,False,False
abl_no_ls,Without label smoothing,figshare/2648.png,fs_MR053241C,0,True,0.004835340711805556,0.004544750787317753,0.004087346140295267,0.0,False,False,False
abl_no_ls,Without label smoothing,figshare/2649.png,fs_MR053241C,0,True,0.0052490234375,0.004924665205180645,0.004411713685840368,0.0,False,False,False
abl_no_ls,Without label smoothing,figshare/2650.png,fs_MR034997,0,True,0.010158962673611112,0.011240086518228054,0.011426443234086037,0.0,False,False,False
abl_no_ls,Without label smoothing,figshare/2651.png,fs_MR034997,0,True,0.021952311197916668,0.02478661760687828,0.022227751091122627,0.0,False,False,False
abl_no_ls,Without label smoothing,figshare/2652.png,fs_MR034997,0,True,0.024447970920138888,0.02831532433629036,0.023901406675577164,0.0,False,False,False
abl_no_ls,Without label smoothing,figshare/2653.png,fs_MR034997,0,True,0.022623697916666668,0.025843720883131027,0.0201028510928154,0.0,False,False,False
abl_no_ls,Without label smoothing,figshare/2654.png,fs_MR034997,0,True,0.025139702690972224,0.029634615406394005,0.021191544830799103,0.0,False,False,False
abl_no_ls,Without label smoothing,figshare/2655.png,fs_MR034997,0,True,0.020521375868055556,0.02331111580133438,0.02065453864634037,0.002623192733153701,False,False,False
abl_no_ls,Without label smoothing,figshare/2656.png,fs_MR034997,0,True,0.0159912109375,0.015840942040085793,0.014613678678870201,0.013804864138364792,False,False,False
abl_no_ls,Without label smoothing,figshare/2675.png,fs_MR049019G,0,True,0.019646538628472224,0.019050536677241325,0.020479785278439522,0.0,False,False,False
abl_no_ls,Without label smoothing,figshare/2676.png,fs_MR049019G,0,True,0.023362901475694444,0.022860759869217873,0.022686997428536415,0.0,False,False,False
abl_no_ls,Without label smoothing,figshare/2677.png,fs_MR049019G,0,True,0.027065700954861112,0.02775736153125763,0.028674615547060966,0.0009282600949518383,True,False,False
abl_no_ls,Without label smoothing,figshare/2702.png,fs_MR037458B,0,False,0.002509223090277778,0.0024498000275343657,0.002856706501916051,0.007797260768711567,False,False,False
abl_no_ls,Without label smoothing,figshare/2703.png,fs_MR037458B,0,True,0.006632486979166667,0.007287262007594109,0.006910242605954409,0.015577130950987339,False,False,False
abl_no_ls,Without label smoothing,figshare/2704.png,fs_MR037458B,0,True,0.0128173828125,0.013042828068137169,0.012535219080746174,0.0693415030837059,False,False,False
abl_no_ls,Without label smoothing,figshare/2705.png,fs_MR037458B,0,False,0.020358615451388888,0.020288508385419846,0.022768089547753334,0.015173847787082195,False,False,False
abl_no_ls,Without label smoothing,figshare/2706.png,fs_MR037458B,0,False,0.017442491319444444,0.01699056662619114,0.021524794399738312,0.046571988612413406,False,False,False
abl_no_ls,Without label smoothing,figshare/2707.png,fs_MR037458B,0,False,0.011298285590277778,0.010874591767787933,0.014712921343743801,0.011139120906591415,False,False,False
abl_no_ls,Without label smoothing,figshare/2708.png,fs_MR037458B,0,False,0.005255805121527778,0.005109005607664585,0.0049521904438734055,0.0,False,False,False
abl_no_ls,Without label smoothing,figshare/2709.png,fs_MR037458B,0,False,0.006422254774305556,0.006018512882292271,0.007640308700501919,0.01928059570491314,False,False,False
abl_no_ls,Without label smoothing,figshare/2743.png,fs_MR049019G,0,True,0.013014051649305556,0.01310631725937128,0.014485715888440609,0.0,False,False,False
abl_no_ls,Without label smoothing,figshare/2744.png,fs_MR049019G,0,True,0.014492458767361112,0.014865489676594734,0.015788083896040916,0.009226569905877113,False,False,False
abl_no_ls,Without label smoothing,figshare/2745.png,fs_MR049019G,0,True,0.03921847873263889,0.03983039781451225,0.04083198681473732,0.031190557405352592,False,False,False
abl_no_ls,Without label smoothing,figshare/2746.png,fs_MR049019G,0,True,0.024393717447916668,0.024863649159669876,0.02551913820207119,0.0170599315315485,False,False,False
abl_no_ls,Without label smoothing,figshare/2747.png,fs_MR049019G,0,True,0.008884006076388888,0.009042365476489067,0.010842710733413696,0.00024194875732064247,True,False,False
abl_no_ls,Without label smoothing,figshare/2769.png,fs_MR037458B,0,True,0.014180501302083334,0.013857410289347172,0.018860692158341408,0.09089884907007217,False,False,False
abl_no_ls,Without label smoothing,figshare/2770.png,fs_MR037458B,0,False,0.007290310329861111,0.010390888899564743,0.006901480257511139,0.0,False,False,False
abl_no_ls,Without label smoothing,figshare/2771.png,fs_MR037458B,0,True,0.025214301215277776,0.027125244960188866,0.027558982372283936,0.16023504734039307,False,False,True
abl_no_ls,Without label smoothing,figshare/2772.png,fs_MR037458B,0,False,0.018235948350694444,0.018811939284205437,0.024257296696305275,0.0,False,False,False
abl_no_ls,Without label smoothing,figshare/2773.png,fs_MR037458B,0,False,0.017768012152777776,0.017116080969572067,0.01929079368710518,0.0007458117906935513,False,False,False
abl_no_ls,Without label smoothing,figshare/2787.png,fs_MR040240,0,True,0.024210611979166668,0.02449795790016651,0.025832751765847206,0.017387162894010544,False,False,False
abl_no_ls,Without label smoothing,figshare/2788.png,fs_MR040240,0,True,0.014492458767361112,0.015085656195878983,0.015147334896028042,0.005482238717377186,False,False,False
abl_no_ls,Without label smoothing,figshare/2789.png,fs_MR040240,0,True,0.05129665798611111,0.05248758941888809,0.06096971035003662,0.054230958223342896,False,True,False
abl_no_ls,Without label smoothing,figshare/2790.png,fs_MR040240,0,True,0.05272081163194445,0.0519736111164093,0.06790126115083694,0.0,True,False,False
abl_no_ls,Without label smoothing,figshare/2791.png,fs_MR040240,0,True,0.038872612847222224,0.03843871131539345,0.04532153904438019,4.0808983612805605e-05,False,False,False
abl_no_ls,Without label smoothing,figshare/2792.png,fs_MR040240,0,True,0.017747667100694444,0.017788605764508247,0.014431619085371494,0.0,False,False,False
abl_no_ls,Without label smoothing,figshare/2793.png,fs_MR040240,0,True,0.015550401475694444,0.015772638842463493,0.011965375393629074,0.0,False,False,False
abl_no_ls,Without label smoothing,figshare/2794.png,fs_MR040240,0,True,0.006985134548611111,0.006825463846325874,0.007059246301651001,0.0,False,False,False
abl_no_ls,Without label smoothing,figshare/2876.png,fs_MR049453,0,True,0.007012261284722222,0.006928421091288328,0.007402563001960516,0.0007498128106817603,False,False,False
abl_no_ls,Without label smoothing,figshare/2877.png,fs_MR049453,0,True,0.018086751302083332,0.01804688200354576,0.02011844702064991,0.0015435435343533754,False,False,False
abl_no_ls,Without label smoothing,figshare/2878.png,fs_MR049453,0,True,0.028469509548611112,0.029139354825019836,0.03362463787198067,0.004816116765141487,False,False,False
abl_no_ls,Without label smoothing,figshare/2879.png,fs_MR049453,0,True,0.04705810546875,0.04756423830986023,0.057933323085308075,0.00569186732172966,False,False,False
abl_no_ls,Without label smoothing,figshare/2880.png,fs_MR049453,0,True,0.03195529513888889,0.03283427655696869,0.045597516000270844,0.0,False,True,False
abl_no_ls,Without label smoothing,figshare/2881.png,fs_MR049453,0,True,0.029832628038194444,0.030866296961903572,0.040527794510126114,0.0,False,False,False
abl_no_ls,Without label smoothing,figshare/2882.png,fs_MR049453,0,True,0.04216172960069445,0.04271955043077469,0.05617719516158104,0.005046552047133446,False,False,False
abl_no_ls,Without label smoothing,figshare/2883.png,fs_MR049453,0,True,0.004706488715277778,0.005300490651279688,0.004643920809030533,0.0,False,False,False
abl_no_ls,Without label smoothing,figshare/2884.png,fs_MR049453,0,True,0.006252712673611111,0.007117583882063627,0.007313081994652748,0.0,False,False,False
abl_no_ls,Without label smoothing,figshare/2891.png,fs_MR050135B,0,True,0.011637369791666666,0.01217037532478571,0.013987589627504349,0.03890879452228546,False,False,True
abl_no_ls,Without label smoothing,figshare/2892.png,fs_MR050135B,0,True,0.015414767795138888,0.01626582071185112,0.01820860058069229,0.023526214063167572,False,False,False
abl_no_ls,Without label smoothing,figshare/2893.png,fs_MR050135B,0,True,0.019816080729166668,0.019598674029111862,0.02525254152715206,0.0,False,False,False
abl_no_ls,Without label smoothing,figshare/2894.png,fs_MR050135B,0,True,0.042683919270833336,0.04196268692612648,0.043997108936309814,0.0,False,False,False
abl_no_ls,Without label smoothing,figshare/2895.png,fs_MR050135B,0,True,0.004475911458333333,0.004494733177125454,0.004602743312716484,0.0,False,False,False
abl_no_ls,Without label smoothing,figshare/2896.png,fs_MR050135B,0,True,0.012498643663194444,0.01223026029765606,0.013186406344175339,0.0,False,False,False
abl_no_ls,Without label smoothing,figshare/2897.png,fs_MR050135B,0,True,0.016323513454861112,0.01712670922279358,0.022373009473085403,0.0,False,False,False
abl_no_ls,Without label smoothing,figshare/2898.png,fs_MR050135B,0,True,0.0126953125,0.012623414397239685,0.013334957882761955,0.0008698692545294762,False,False,False
abl_no_ls,Without label smoothing,figshare/2899.png,fs_MR050135B,0,True,0.005852593315972222,0.005758081097155809,0.006028351839631796,0.007076329085975885,False,False,False
abl_no_ls,Without label smoothing,figshare/2906.png,fs_MR050791B,0,False,0.00286865234375,0.0026167756877839565,0.0031389023642987013,0.014306968078017235,False,False,False
abl_no_ls,Without label smoothing,figshare/2907.png,fs_MR050791B,0,True,0.009385850694444444,0.008980024605989456,0.01065667811781168,0.02387184649705887,False,False,False
abl_no_ls,Without label smoothing,figshare/2908.png,fs_MR050791B,0,True,0.014112684461805556,0.013573664240539074,0.014193098060786724,0.06932482868432999,False,False,False
abl_no_ls,Without label smoothing,figshare/2909.png,fs_MR050791B,0,True,0.020534939236111112,0.02027064561843872,0.024788908660411835,0.165890172123909,False,False,True
abl_no_ls,Without label smoothing,figshare/2910.png,fs_MR050791B,0,True,0.015265570746527778,0.015069238841533661,0.013164371252059937,0.10605700314044952,False,False,True
abl_no_ls,Without label smoothing,figshare/2911.png,fs_MR050791B,0,True,0.010138617621527778,0.009938394650816917,0.009427230805158615,0.00787376333028078,False,False,False
abl_no_ls,Without label smoothing,figshare/2912.png,fs_MR050791B,0,True,0.010328504774305556,0.010178656317293644,0.009744945913553238,0.014475503005087376,False,False,False
abl_no_ls,Without label smoothing,figshare/2913.png,fs_MR050791B,0,True,0.00726318359375,0.00728887552395463,0.00845388788729906,0.011726961471140385,False,False,False
abl_no_ls,Without label smoothing,figshare/2999.png,fs_MR053110B,0,True,0.019449869791666668,0.01948314718902111,0.01798739656805992,0.035839520394802094,False,False,False
abl_no_ls,Without label smoothing,figshare/3000.png,fs_MR053110B,0,True,0.025614420572916668,0.0255974680185318,0.020603854209184647,0.0,False,False,False
abl_no_ls,Without label smoothing,figshare/3001.png,fs_MR053110B,0,True,0.03150770399305555,0.031576868146657944,0.028996363282203674,0.0014163701562210917,False,False,False
abl_no_ls,Without label smoothing,figshare/3002.png,fs_MR053110B,0,True,0.038655598958333336,0.03788456320762634,0.04177047312259674,0.0,False,False,False
abl_no_ls,Without label smoothing,figshare/3003.png,fs_MR053110B,0,True,0.026896158854166668,0.026446543633937836,0.031154723837971687,0.002171859610825777,False,False,False
abl_no_ls,Without label smoothing,figshare/3004.png,fs_MR053110B,0,True,0.001315646701388889,0.0012653694720938802,0.0017038676887750626,0.0009457006235606968,False,False,False
abl_no_ls,Without label smoothing,figshare/3005.png,fs_MR034694,0,False,0.01019287109375,0.010151255875825882,0.010783975012600422,0.01783827133476734,False,False,False
abl_no_ls,Without label smoothing,figshare/3006.png,fs_MR034694,0,False,0.018269856770833332,0.018996531143784523,0.02265075407922268,0.013624354265630245,False,False,False
abl_no_ls,Without label smoothing,figshare/3007.png,fs_MR034694,0,True,0.016255696614583332,0.016362616792321205,0.014040587469935417,0.005912719760090113,False,False,False
abl_no_ls,Without label smoothing,figshare/3008.png,fs_MR034694,0,True,0.016228569878472224,0.016953879967331886,0.01966172829270363,0.028094368055462837,False,False,False
abl_no_ls,Without label smoothing,figshare/3022.png,fs_MR034997,0,True,0.006361219618055556,0.007660513743758202,0.007017262279987335,0.0,False,False,False
abl_no_ls,Without label smoothing,figshare/3023.png,fs_MR034997,0,True,0.013319227430555556,0.015131889842450619,0.011504230089485645,0.0,False,False,False
abl_no_ls,Without label smoothing,figshare/3024.png,fs_MR034997,0,True,0.021694607204861112,0.02502414397895336,0.0210478063672781,0.0,False,False,False
abl_no_ls,Without label smoothing,figshare/3025.png,fs_MR034997,0,True,0.024787055121527776,0.02786949649453163,0.02728923223912716,0.0,False,False,False
abl_no_ls,Without label smoothing,figshare/3026.png,fs_MR034997,0,True,0.019280327690972224,0.020239485427737236,0.01877090334892273,0.0,False,False,False
abl_no_ls,Without label smoothing,figshare/3027.png,fs_MR034997,0,True,0.013102213541666666,0.013282139785587788,0.01427754107862711,0.0006635722820647061,False,False,False
abl_no_ls,Without label smoothing,figshare/3028.png,fs_MR034997,0,True,0.002570258246527778,0.0024230715353041887,0.003119312459602952,0.0,False,False,False
abl_no_ls,Without label smoothing,figshare/3039.png,fs_MR024780E,0,True,0.001193576388888889,0.0013229332398623228,0.0015060484874993563,0.0,False,False,False
abl_no_ls,Without label smoothing,figshare/3040.png,fs_MR024780E,0,True,0.003017849392361111,0.003995287697762251,0.0036450049374252558,0.0,False,False,False
abl_no_ls,Without label smoothing,figshare/3041.png,fs_MR024780E,0,True,0.0025838216145833335,0.0031342674046754837,0.002706903265789151,0.0,False,False,False
abl_no_ls,Without label smoothing,figshare/3042.png,fs_MR040240C,0,True,0.021280924479166668,0.02053249627351761,0.021809106692671776,0.05159909278154373,False,False,False
abl_no_ls,Without label smoothing,figshare/3043.png,fs_MR040240C,0,True,0.015313042534722222,0.014621035195887089,0.012969639152288437,0.013820622116327286,False,False,False
abl_no_ls,Without label smoothing,figshare/3044.png,fs_MR040240C,0,True,0.034125434027777776,0.032592736184597015,0.030070561915636063,0.05427403375506401,False,False,False
abl_no_ls,Without label smoothing,figshare/3045.png,fs_MR040240C,0,True,0.030219184027777776,0.0281198862940073,0.025172093883156776,0.0720147117972374,False,False,False
abl_no_ls,Without label smoothing,figshare/3046.png,fs_MR040240C,0,True,0.016777886284722224,0.01608034409582615,0.01813347265124321,0.04075329005718231,False,False,False
abl_no_ls,Without label smoothing,figshare/3047.png,fs_MR040240D,0,True,0.003119574652777778,0.004228851292282343,0.003385361051186919,0.00028764994931407273,False,False,False
abl_no_ls,Without label smoothing,figshare/3048.png,fs_MR040240D,0,True,0.0020005967881944445,0.002607109257951379,0.0020132912322878838,0.00048077761312015355,False,False,False
abl_densenet121,DenseNet121 encoder,figshare/0001.png,fs_100360,1,True,0.017510308159722224,0.9055428504943848,0.4799898564815521,0.000115291251859162,True,True,False
abl_densenet121,DenseNet121 encoder,figshare/0002.png,fs_100360,1,True,0.032938639322916664,0.9397193789482117,0.6472821831703186,0.0013025104999542236,True,True,False
abl_densenet121,DenseNet121 encoder,figshare/0003.png,fs_100360,1,True,0.04019504123263889,0.9541236758232117,0.6967579126358032,0.00011498341336846352,True,True,False
abl_densenet121,DenseNet121 encoder,figshare/0004.png,fs_100360,1,True,0.034003363715277776,0.9044092297554016,0.6347055435180664,0.00011404630640754476,True,True,False
abl_densenet121,DenseNet121 encoder,figshare/0005.png,fs_100360,1,True,0.04301622178819445,0.9893879890441895,0.686349093914032,0.10465798527002335,True,True,True
abl_densenet121,DenseNet121 encoder,figshare/0026.png,fs_102446,1,True,0.0027601453993055555,0.7800911664962769,0.14552462100982666,0.00011525629088282585,True,True,False
abl_densenet121,DenseNet121 encoder,figshare/0049.png,fs_104281,1,True,0.00714111328125,0.8426096439361572,0.3449133336544037,1.1317125654386473e-06,True,True,False
abl_densenet121,DenseNet121 encoder,figshare/0050.png,fs_104281,1,True,0.019049750434027776,0.8427755832672119,0.5246399641036987,1.1951603937632171e-06,True,True,False
abl_densenet121,DenseNet121 encoder,figshare/0051.png,fs_104281,1,True,0.022298177083333332,0.8931825160980225,0.5849740505218506,1.888738370325882e-05,True,True,False
abl_densenet121,DenseNet121 encoder,figshare/0052.png,fs_104281,1,True,0.021280924479166668,0.8819512128829956,0.5300463438034058,5.342690201359801e-06,True,True,False
abl_densenet121,DenseNet121 encoder,figshare/0053.png,fs_104281,1,True,0.015679253472222224,0.8621270656585693,0.4536237418651581,3.479260703898035e-05,True,True,False
abl_densenet121,DenseNet121 encoder,figshare/0054.png,fs_104281,1,True,0.008938259548611112,0.8382779359817505,0.31272900104522705,6.433220551116392e-05,True,True,False
abl_densenet121,DenseNet121 encoder,figshare/0055.png,fs_104281,1,True,0.00494384765625,0.8449261784553528,0.1886247992515564,0.006634952034801245,True,True,False
abl_densenet121,DenseNet121 encoder,figshare/0056.png,fs_105374,1,True,0.004007975260416667,0.8299326300621033,0.20707297325134277,5.884931852051523e-06,True,True,False
abl_densenet121,DenseNet121 encoder,figshare/0057.png,fs_105374,1,True,0.00408935546875,0.8073002099990845,0.19193901121616364,0.00010480455966899171,True,True,False
abl_densenet121,DenseNet121 encoder,figshare/0093.png,fs_107248,1,False,0.009711371527777778,0.7878115177154541,0.41790246963500977,0.00023877035710029304,True,True,False
abl_densenet121,DenseNet121 encoder,figshare/0094.png,fs_107248,1,True,0.01177978515625,0.9666513204574585,0.44701048731803894,0.0003173463046550751,True,True,False
abl_densenet121,DenseNet121 encoder,figshare/0095.png,fs_107248,1,False,0.004597981770833333,0.45033252239227295,0.209384486079216,0.0,True,True,False
abl_densenet121,DenseNet121 encoder,figshare/0096.png,fs_107248,1,True,0.006700303819444444,0.8262438774108887,0.38083967566490173,1.982254843824194e-06,True,True,False
abl_densenet121,DenseNet121 encoder,figshare/0097.png,fs_107248,1,True,0.00921630859375,0.8696352243423462,0.44677361845970154,2.3654900360270403e-05,True,True,False
abl_densenet121,DenseNet121 encoder,figshare/0098.png,fs_107248,1,True,0.00750732421875,0.9148492217063904,0.40704426169395447,9.788224269868806e-05,True,True,False
abl_densenet121,DenseNet121 encoder,figshare/0119.png,fs_109411,1,True,0.0018717447916666667,0.022138390690088272,0.00012614110892172903,0.0,True,False,False
abl_densenet121,DenseNet121 encoder,figshare/0120.png,fs_109968,1,True,0.019124348958333332,0.9233814477920532,0.5209911465644836,0.00016253095236606896,True,True,False
abl_densenet121,DenseNet121 encoder,figshare/0121.png,fs_109968,1,True,0.020731608072916668,0.9184178113937378,0.5530136227607727,6.278765795286745e-06,True,True,False
abl_densenet121,DenseNet121 encoder,figshare/0122.png,fs_109968,1,True,0.019239637586805556,0.8876247406005859,0.5421491265296936,9.509425353826373e-07,True,True,False
abl_densenet121,DenseNet121 encoder,figshare/0123.png,fs_109968,1,True,0.012363009982638888,0.7235884666442871,0.40435871481895447,9.340189421891409e-07,True,True,False
abl_densenet121,DenseNet121 encoder,figshare/0132.png,fs_111532,1,True,0.017340766059027776,0.917254626750946,0.4321571886539459,0.0002804905525408685,True,True,False
abl_densenet121,DenseNet121 encoder,figshare/0133.png,fs_111532,1,True,0.021755642361111112,0.9391273856163025,0.48861679434776306,0.0008432305767200887,True,True,False
abl_densenet121,DenseNet121 encoder,figshare/0134.png,fs_111532,1,True,0.022928873697916668,0.9259987473487854,0.49170610308647156,7.338395334954839e-06,True,True,False
abl_densenet121,DenseNet121 encoder,figshare/0154.png,fs_113435,1,True,0.03425428602430555,0.9450043439865112,0.6490735411643982,8.757950126891956e-05,True,True,False
abl_densenet121,DenseNet121 encoder,figshare/0155.png,fs_113435,1,True,0.0469970703125,0.9627799391746521,0.7154168486595154,4.63937503809575e-05,True,True,False
abl_densenet121,DenseNet121 encoder,figshare/0156.png,fs_113435,1,True,0.04841444227430555,0.9508911967277527,0.6831157803535461,2.8109117920394056e-05,True,True,False
abl_densenet121,DenseNet121 encoder,figshare/0157.png,fs_113435,1,True,0.045586480034722224,0.9350137114524841,0.6648216843605042,4.0447407627652865e-06,True,True,False
abl_densenet121,DenseNet121 encoder,figshare/0158.png,fs_113435,1,True,0.037285698784722224,0.9578794240951538,0.5845871567726135,7.491950236726552e-05,True,True,False
abl_densenet121,DenseNet121 encoder,figshare/0159.png,fs_113435,1,True,0.024427625868055556,0.9435539245605469,0.4739062786102295,6.524324999190867e-05,True,True,False
abl_densenet121,DenseNet121 encoder,figshare/0160.png,fs_113554,1,True,0.009663899739583334,0.8663815855979919,0.32605889439582825,2.3443031750502996e-05,True,True,False
abl_densenet121,DenseNet121 encoder,figshare/0161.png,fs_113554,1,True,0.012281629774305556,0.8608236312866211,0.38720929622650146,1.215073098137509e-05,True,True,False
abl_densenet121,DenseNet121 encoder,figshare/0162.png,fs_113554,1,True,0.01031494140625,0.8508320450782776,0.33723095059394836,1.7851931261247955e-05,True,True,False
abl_densenet121,DenseNet121 encoder,figshare/0204.png,fs_99308,1,True,0.024325900607638888,0.7802183032035828,0.5408669710159302,1.6640753131014208e-07,True,True,False
abl_densenet121,DenseNet121 encoder,figshare/0205.png,fs_99308,1,True,0.03409152560763889,0.9211131930351257,0.6720427870750427,2.9794733791277395e-07,True,True,False
abl_densenet121,DenseNet121 encoder,figshare/0206.png,fs_99308,1,True,0.03354220920138889,0.9555336833000183,0.6043266654014587,0.0010610934114083648,True,True,False
abl_densenet121,DenseNet121 encoder,figshare/0207.png,fs_99308,1,True,0.031426323784722224,0.972480297088623,0.5676472187042236,8.152917871484533e-05,True,True,False
abl_densenet121,DenseNet121 encoder,figshare/0208.png,fs_99308,1,True,0.023444281684027776,0.9837310314178467,0.5376752614974976,2.891026633733418e-05,True,True,False
abl_densenet121,DenseNet121 encoder,figshare/0211.png,fs_100360,1,True,0.017788357204861112,0.9094099402427673,0.46776482462882996,7.816890138201416e-05,True,True,False
abl_densenet121,DenseNet121 encoder,figshare/0212.png,fs_100360,1,True,0.029127332899305556,0.7694782018661499,0.5156218409538269,0.0009457575506530702,True,True,False
abl_densenet121,DenseNet121 encoder,figshare/0213.png,fs_100360,1,True,0.03314208984375,0.9352670311927795,0.6929420232772827,7.893555448390543e-05,True,True,False
abl_densenet121,DenseNet121 encoder,figshare/0214.png,fs_100360,1,True,0.03602430555555555,0.9542941451072693,0.7306414246559143,0.0005396001506596804,True,True,False
abl_densenet121,DenseNet121 encoder,figshare/0215.png,fs_100360,1,True,0.031636555989583336,0.937659740447998,0.7012662291526794,0.002762584248557687,True,True,False
abl_densenet121,DenseNet121 encoder,figshare/0216.png,fs_100360,1,True,0.017157660590277776,0.7931685447692871,0.5639201402664185,0.0005302685312926769,True,True,False
abl_densenet121,DenseNet121 encoder,figshare/0217.png,fs_100360,1,False,0.011942545572916666,0.7614139914512634,0.5042821168899536,0.048809297382831573,True,True,True
abl_densenet121,DenseNet121 encoder,figshare/0239.png,fs_102446,1,True,0.0033162434895833335,0.7979631423950195,0.1836366057395935,0.0007646512240171432,True,True,False
abl_densenet121,DenseNet121 encoder,figshare/0275.png,fs_104281,1,True,0.011386447482638888,0.8759124875068665,0.4631158411502838,0.0,True,True,False
abl_densenet121,DenseNet121 encoder,figshare/0276.png,fs_104281,1,True,0.021430121527777776,0.9413864612579346,0.6056549549102783,0.09274625033140182,True,True,True
abl_densenet121,DenseNet121 encoder,figshare/0277.png,fs_104281,1,True,0.023851182725694444,0.9167632460594177,0.645784318447113,3.887337243213551e-06,True,True,False
abl_densenet121,DenseNet121 encoder,figshare/0278.png,fs_104281,1,True,0.022481282552083332,0.8970393538475037,0.6252993941307068,3.091200051130727e-05,True,True,False
abl_densenet121,DenseNet121 encoder,figshare/0279.png,fs_104281,1,True,0.016438802083333332,0.9358915090560913,0.5613506436347961,0.0,True,True,False
abl_densenet121,DenseNet121 encoder,figshare/0280.png,fs_104281,1,True,0.011705186631944444,0.9443568587303162,0.42703574895858765,2.1823998395120725e-05,True,True,False
abl_densenet121,DenseNet121 encoder,figshare/0281.png,fs_105374,1,True,0.005703396267361111,0.9370228052139282,0.3355996310710907,5.827461791341193e-06,True,True,False
abl_densenet121,DenseNet121 encoder,figshare/0282.png,fs_105374,1,True,0.00531005859375,0.8407096266746521,0.3147237002849579,1.7166667021228932e-05,True,True,False
abl_densenet121,DenseNet121 encoder,figshare/0316.png,fs_107248,1,True,0.014017740885416666,0.9281027913093567,0.5793943405151367,2.318667247891426e-05,True,True,False
abl_densenet121,DenseNet121 encoder,figshare/0317.png,fs_107248,1,True,0.014716254340277778,0.9386327862739563,0.6180959939956665,0.1514558643102646,True,True,True
abl_densenet121,DenseNet121 encoder,figshare/0318.png,fs_107248,1,True,0.009738498263888888,0.8438189029693604,0.4849052131175995,3.486071022962278e-07,True,True,False
abl_densenet121,DenseNet121 encoder,figshare/0319.png,fs_107248,1,True,0.009121365017361112,0.8545663952827454,0.4420885741710663,9.762713943928247e-07,True,True,False
abl_densenet121,DenseNet121 encoder,figshare/0340.png,fs_109411,1,True,0.0011121961805555555,0.09889121353626251,0.0013308104826137424,0.017521442845463753,True,False,False
abl_densenet121,DenseNet121 encoder,figshare/0341.png,fs_109968,1,True,0.015801323784722224,0.9020503759384155,0.5600519776344299,8.966992481873604e-07,True,True,False
abl_densenet121,DenseNet121 encoder,figshare/0342.png,fs_109968,1,True,0.019314236111111112,0.906764566898346,0.6155498623847961,4.282894224161282e-05,True,True,False
abl_densenet121,DenseNet121 encoder,figshare/0343.png,fs_109968,1,True,0.021775987413194444,0.9332560896873474,0.6583544611930847,3.0583971692976775e-06,True,True,False
abl_densenet121,DenseNet121 encoder,figshare/0344.png,fs_109968,1,True,0.019266764322916668,0.9281656742095947,0.6063715815544128,2.8220794774824753e-05,True,True,False
abl_densenet121,DenseNet121 encoder,figshare/0357.png,fs_111532,1,True,0.006612141927083333,0.5643755197525024,0.263996422290802,1.5711062587797642e-05,True,True,False
abl_densenet121,DenseNet121 encoder,figshare/0358.png,fs_111532,1,True,0.011508517795138888,0.9099626541137695,0.45174679160118103,6.536154160130536e-06,True,True,False
abl_densenet121,DenseNet121 encoder,figshare/0359.png,fs_111532,1,True,0.015496148003472222,0.935542643070221,0.5284257531166077,7.964391988934949e-05,True,True,False
abl_densenet121,DenseNet121 encoder,figshare/0360.png,fs_111532,1,True,0.016886393229166668,0.9552318453788757,0.5759901404380798,0.0,True,True,False
abl_densenet121,DenseNet121 encoder,figshare/0361.png,fs_111532,1,True,0.014411078559027778,0.9519384503364563,0.5169832110404968,0.0007111165323294699,True,True,False
abl_densenet121,DenseNet121 encoder,figshare/0382.png,fs_113435,1,True,0.014227973090277778,0.8277931213378906,0.5127036571502686,6.845433517810307e-07,True,True,False
abl_densenet121,DenseNet121 encoder,figshare/0383.png,fs_113435,1,True,0.02447509765625,0.8963310122489929,0.6464545726776123,1.0864263458643109e-05,True,True,False
abl_densenet121,DenseNet121 encoder,figshare/0384.png,fs_113435,1,True,0.030239529079861112,0.8769097328186035,0.6662015914916992,8.393577445531264e-05,True,True,False
abl_densenet121,DenseNet121 encoder,figshare/0385.png,fs_113435,1,True,0.03578016493055555,0.9254454374313354,0.7257139086723328,0.00011838533828267828,True,True,False
abl_densenet121,DenseNet121 encoder,figshare/0386.png,fs_113435,1,True,0.03671603732638889,0.965129554271698,0.7412378191947937,0.004892411641776562,True,True,False
abl_densenet121,DenseNet121 encoder,figshare/0387.png,fs_113435,1,True,0.035407172309027776,0.9483104944229126,0.7221642732620239,7.547810128016863e-06,True,True,False
abl_densenet121,DenseNet121 encoder,figshare/0388.png,fs_113435,1,True,0.032294379340277776,0.9323444366455078,0.6834539175033569,6.033123645465821e-05,True,True,False
abl_densenet121,DenseNet121 encoder,figshare/0389.png,fs_113435,1,True,0.02716064453125,0.9227763414382935,0.6046512126922607,2.5334134988952428e-05,True,True,False
abl_densenet121,DenseNet121 encoder,figshare/0390.png,fs_113554,1,True,0.004957411024305556,0.7581442594528198,0.2576766908168793,2.7116045657749055e-06,True,True,False
abl_densenet121,DenseNet121 encoder,figshare/0391.png,fs_113554,1,True,0.01031494140625,0.8514397144317627,0.4045528769493103,4.898823135590646e-06,True,True,False
abl_densenet121,DenseNet121 encoder,figshare/0392.png,fs_113554,1,True,0.005445692274305556,0.80470871925354,0.28185930848121643,0.0,True,True,False
abl_densenet121,DenseNet121 encoder,figshare/0438.png,fs_99308,1,True,0.027628580729166668,0.9440768361091614,0.7143414616584778,3.927926445612684e-05,True,True,False
abl_densenet121,DenseNet121 encoder,figshare/0439.png,fs_99308,1,True,0.03233506944444445,0.9536846280097961,0.7415833473205566,0.00017501883849035949,True,True,False
abl_densenet121,DenseNet121 encoder,figshare/0440.png,fs_99308,1,True,0.0345458984375,0.9589382410049438,0.7595154643058777,0.1591808944940567,True,True,False
abl_densenet121,DenseNet121 encoder,figshare/0441.png,fs_99308,1,True,0.02667236328125,0.9142289161682129,0.6533862948417664,9.740515451994725e-06,True,True,False
abl_densenet121,DenseNet121 encoder,figshare/0442.png,fs_100360,1,True,0.022006564670138888,0.9297065734863281,0.5714858770370483,7.54742868593894e-05,True,True,False
abl_densenet121,DenseNet121 encoder,figshare/0443.png,fs_100360,1,True,0.03608534071180555,0.965392529964447,0.6985838413238525,0.004043866414576769,True,True,True
abl_densenet121,DenseNet121 encoder,figshare/0444.png,fs_100360,1,True,0.03347439236111111,0.9635928869247437,0.7345784306526184,4.7001743951113895e-05,True,True,False
abl_densenet121,DenseNet121 encoder,figshare/0445.png,fs_100360,1,True,0.03360324435763889,0.9472602605819702,0.758091151714325,5.785972098237835e-05,True,True,False
abl_densenet121,DenseNet121 encoder,figshare/0446.png,fs_100360,1,True,0.021023220486111112,0.7760311365127563,0.5837264060974121,4.558375076157972e-05,True,True,False
abl_densenet121,DenseNet121 encoder,figshare/0447.png,fs_100360,1,True,0.019137912326388888,0.9320366978645325,0.6352924108505249,6.460661097662523e-05,True,True,False
abl_densenet121,DenseNet121 encoder,figshare/0450.png,fs_100639,1,True,0.006137424045138889,0.9052004814147949,0.4279393255710602,0.0,True,True,False
abl_densenet121,DenseNet121 encoder,figshare/0451.png,fs_100639,1,True,0.007548014322916667,0.925227165222168,0.48055487871170044,0.0,True,True,False
abl_densenet121,DenseNet121 encoder,figshare/0452.png,fs_100920,1,True,0.010287814670138888,0.8928760886192322,0.5369735360145569,0.0,True,True,False
abl_densenet121,DenseNet121 encoder,figshare/0453.png,fs_100920,1,True,0.014051649305555556,0.8731448650360107,0.624190092086792,4.603617981047137e-06,True,True,False
abl_densenet121,DenseNet121 encoder,figshare/0454.png,fs_100920,1,True,0.013041178385416666,0.8687863349914551,0.6321759819984436,0.0,True,True,False
abl_densenet121,DenseNet121 encoder,figshare/0476.png,fs_102446,1,True,0.003350151909722222,0.7763408422470093,0.2807347774505615,6.583800131920725e-05,True,True,False
abl_densenet121,DenseNet121 encoder,figshare/0477.png,fs_102446,1,True,0.0024617513020833335,0.761980414390564,0.2181100696325302,1.917265763040632e-05,True,True,False
abl_densenet121,DenseNet121 encoder,figshare/0510.png,fs_104281,1,True,0.021931966145833332,0.9345166087150574,0.5466551184654236,1.6493937437189743e-05,True,True,False
abl_densenet121,DenseNet121 encoder,figshare/0511.png,fs_104281,1,True,0.028469509548611112,0.9521405100822449,0.6581690311431885,2.76661489806429e-06,True,True,False
abl_densenet121,DenseNet121 encoder,figshare/0512.png,fs_104281,1,True,0.029656304253472224,0.944378674030304,0.6838952898979187,1.2267489637451945e-06,True,True,False
abl_densenet121,DenseNet121 encoder,figshare/0513.png,fs_104281,1,True,0.022772894965277776,0.9279979467391968,0.6403178572654724,0.029829848557710648,True,True,False
abl_densenet121,DenseNet121 encoder,figshare/0517.png,fs_105374,1,True,0.00457763671875,0.8613458275794983,0.2790372371673584,0.0,True,True,False
abl_densenet121,DenseNet121 encoder,figshare/0551.png,fs_107248,1,True,0.011338975694444444,0.9341141581535339,0.6523752808570862,3.230690708733164e-05,True,True,False
abl_densenet121,DenseNet121 encoder,figshare/0552.png,fs_107248,1,True,0.014655219184027778,0.916296124458313,0.7121226787567139,0.0,True,True,False
abl_densenet121,DenseNet121 encoder,figshare/0553.png,fs_107248,1,True,0.015292697482638888,0.9452642798423767,0.6817411184310913,0.0,True,True,False
abl_densenet121,DenseNet121 encoder,figshare/0554.png,fs_107248,1,True,0.008551703559027778,0.8832786679267883,0.5381573438644409,0.0,True,True,False
abl_densenet121,DenseNet121 encoder,figshare/0555.png,fs_107248,1,True,0.007914225260416666,0.8755145072937012,0.5093178153038025,8.340668500750326e-06,True,True,False
abl_densenet121,DenseNet121 encoder,figshare/0560.png,fs_107946,1,False,0.027635362413194444,0.0963137224316597,0.0012261699885129929,0.0035452914889901876,False,False,False
abl_densenet121,DenseNet121 encoder,figshare/0561.png,fs_107946,1,True,0.03995090060763889,0.9603666663169861,0.6859306693077087,0.004319232422858477,True,True,False
abl_densenet121,DenseNet121 encoder,figshare/0562.png,fs_107946,1,False,0.030266655815972224,0.6647500991821289,0.49191179871559143,0.08385523408651352,True,True,False
abl_densenet121,DenseNet121 encoder,figshare/0563.png,fs_107946,1,False,0.021253797743055556,0.7410959005355835,0.5345190763473511,0.08092197775840759,True,True,False
abl_densenet121,DenseNet121 encoder,figshare/0579.png,fs_109411,1,True,0.001858181423611111,0.768825888633728,0.10086462646722794,2.1690460926038213e-05,True,True,False
abl_densenet121,DenseNet121 encoder,figshare/0580.png,fs_109968,1,True,0.0128173828125,0.9370207786560059,0.5787479877471924,0.0,True,True,False
abl_densenet121,DenseNet121 encoder,figshare/0581.png,fs_109968,1,True,0.019239637586805556,0.9326522350311279,0.6773580312728882,0.0,True,True,False
abl_densenet121,DenseNet121 encoder,figshare/0582.png,fs_109968,1,True,0.021511501736111112,0.9452943205833435,0.7282880544662476,0.0009952859254553914,True,True,False
abl_densenet121,DenseNet121 encoder,figshare/0583.png,fs_109968,1,True,0.017781575520833332,0.9370068311691284,0.7042719721794128,1.2881215297966264e-05,True,True,False
abl_densenet121,DenseNet121 encoder,figshare/0593.png,fs_111532,1,True,0.015733506944444444,0.9208446741104126,0.5924845337867737,3.419892527745105e-05,True,True,False
abl_densenet121,DenseNet121 encoder,figshare/0594.png,fs_111532,1,True,0.019768608940972224,0.9311594367027283,0.6416597366333008,1.1416122106311377e-05,True,True,False
abl_densenet121,DenseNet121 encoder,figshare/0595.png,fs_111532,1,True,0.018961588541666668,0.9462289214134216,0.6802707314491272,1.6011630577850156e-05,True,True,False
abl_densenet121,DenseNet121 encoder,figshare/0597.png,fs_111710,1,True,0.0032958984375,0.874864399433136,0.223981574177742,4.0042428395281604e-07,True,True,False
abl_densenet121,DenseNet121 encoder,figshare/0598.png,fs_111710,1,True,0.002495659722222222,0.7682867646217346,0.19501066207885742,1.4443176951317582e-05,True,True,False
abl_densenet121,DenseNet121 encoder,figshare/0625.png,fs_113435,1,True,0.030856662326388888,0.9805424809455872,0.7259681224822998,0.0017427490092813969,True,True,False
abl_densenet121,DenseNet121 encoder,figshare/0626.png,fs_113435,1,True,0.04853651258680555,0.9775625467300415,0.8271573185920715,0.00012321370013523847,True,True,False
abl_densenet121,DenseNet121 encoder,figshare/0627.png,fs_113435,1,True,0.057305230034722224,0.9897061586380005,0.8644927740097046,0.0006224190583452582,True,True,False
abl_densenet121,DenseNet121 encoder,figshare/0628.png,fs_113435,1,True,0.05818006727430555,0.9950889945030212,0.813797116279602,0.12162639945745468,True,True,False
abl_densenet121,DenseNet121 encoder,figshare/0629.png,fs_113435,1,True,0.049309624565972224,0.9784843325614929,0.7954195737838745,0.005003337282687426,True,True,False
abl_densenet121,DenseNet121 encoder,figshare/0630.png,fs_113435,1,True,0.022596571180555556,0.8703012466430664,0.6426604986190796,0.0002401827077846974,True,True,False
abl_densenet121,DenseNet121 encoder,figshare/0631.png,fs_113554,1,True,0.006985134548611111,0.8279410600662231,0.3896405100822449,9.196516657539178e-06,True,True,False
abl_densenet121,DenseNet121 encoder,figshare/0632.png,fs_113554,1,True,0.010111490885416666,0.8685904145240784,0.5067417025566101,3.6973685837438097e-06,True,True,False
abl_densenet121,DenseNet121 encoder,figshare/0633.png,fs_113554,1,True,0.008707682291666666,0.8595753908157349,0.45138803124427795,3.875761365179642e-07,True,True,False
abl_densenet121,DenseNet121 encoder,figshare/0634.png,fs_113554,1,True,0.00543212890625,0.7997711300849915,0.373780757188797,1.062701926457521e-06,True,True,False
abl_densenet121,DenseNet121 encoder,figshare/0659.png,fs_97374,1,True,0.027398003472222224,0.8637983202934265,0.6925414800643921,0.0,False,False,False
abl_densenet121,DenseNet121 encoder,figshare/0660.png,fs_97374,1,True,0.037434895833333336,0.9511080384254456,0.7954367399215698,2.260316068714019e-05,True,True,False
abl_densenet121,DenseNet121 encoder,figshare/0661.png,fs_97374,1,True,0.03757052951388889,0.9566359519958496,0.7844133377075195,8.470860848319717e-06,True,True,False
abl_densenet121,DenseNet121 encoder,figshare/0662.png,fs_97374,1,True,0.029574924045138888,0.9494662880897522,0.7198248505592346,3.9205140637932345e-05,True,True,False
abl_densenet121,DenseNet121 encoder,figshare/0663.png,fs_97374,1,True,0.022542317708333332,0.9674205780029297,0.6648073792457581,2.7348312869435176e-05,True,True,False
abl_densenet121,DenseNet121 encoder,figshare/0697.png,fs_99308,1,True,0.026265462239583332,0.9196250438690186,0.756516695022583,8.823397365631536e-06,True,True,False
abl_densenet121,DenseNet121 encoder,figshare/0698.png,fs_99308,1,True,0.03407118055555555,0.960567057132721,0.8049522638320923,0.0002706885279621929,True,True,False
abl_densenet121,DenseNet121 encoder,figshare/0699.png,fs_99308,1,True,0.03282335069444445,0.9475753903388977,0.7706788778305054,0.0014154749223962426,True,True,False
abl_densenet121,DenseNet121 encoder,figshare/0700.png,fs_99308,1,True,0.022515190972222224,0.9441994428634644,0.6805444955825806,0.004319659434258938,True,True,False
abl_densenet121,DenseNet121 encoder,figshare/0701.png,fs_99308,1,True,0.018588595920138888,0.9594912528991699,0.6428105235099792,0.00112829206045717,True,True,False
abl_densenet121,DenseNet121 encoder,figshare/0702.png,fs_99308,1,True,0.012525770399305556,0.9610202312469482,0.42525339126586914,0.0001965123665286228,True,True,False
abl_densenet121,DenseNet121 encoder,figshare/0712.png,fs_106062,2,True,0.010267469618055556,0.9052975177764893,0.6416429281234741,0.30561622977256775,True,True,True
abl_densenet121,DenseNet121 encoder,figshare/0713.png,fs_106062,2,True,0.011298285590277778,0.9244046807289124,0.6241171956062317,0.24944470822811127,True,True,True
abl_densenet121,DenseNet121 encoder,figshare/0714.png,fs_106062,2,True,0.010362413194444444,0.8990757465362549,0.6009007692337036,0.3803726136684418,True,True,True
abl_densenet121,DenseNet121 encoder,figshare/0792.png,fs_88670,0,True,0.02685546875,0.9468546509742737,0.5908657312393188,0.007752697449177504,True,True,False
abl_densenet121,DenseNet121 encoder,figshare/0793.png,fs_88670,0,True,0.0675930447048611,0.9669283032417297,0.7492737770080566,0.03050166927278042,True,True,False
abl_densenet121,DenseNet121 encoder,figshare/0794.png,fs_88670,0,True,0.050421820746527776,0.942277729511261,0.7146328687667847,0.025958936661481857,True,True,False
abl_densenet121,DenseNet121 encoder,figshare/0795.png,fs_88670,0,True,0.05795627170138889,0.9644082188606262,0.7734867930412292,0.13727250695228577,True,True,True
abl_densenet121,DenseNet121 encoder,figshare/0796.png,fs_88670,0,True,0.05876329210069445,0.9065529108047485,0.7514069080352783,0.0401628352701664,True,True,False
abl_densenet121,DenseNet121 encoder,figshare/0797.png,fs_88670,0,True,0.04355197482638889,0.9610733389854431,0.7520735859870911,0.004166624508798122,True,True,False
abl_densenet121,DenseNet121 encoder,figshare/0798.png,fs_88670,0,True,0.017123752170138888,0.9127422571182251,0.5772396326065063,0.006845995783805847,True,True,False
abl_densenet121,DenseNet121 encoder,figshare/0857.png,fs_108479,0,True,0.019538031684027776,0.6183866858482361,0.10655456781387329,0.0,True,True,False
abl_densenet121,DenseNet121 encoder,figshare/0858.png,fs_108479,0,True,0.024332682291666668,0.8607943654060364,0.37805575132369995,0.0,True,False,False
abl_densenet121,DenseNet121 encoder,figshare/0865.png,fs_88670,0,True,0.025275336371527776,0.9743362665176392,0.2400216907262802,0.0014050459722056985,True,True,False
abl_densenet121,DenseNet121 encoder,figshare/0866.png,fs_88670,0,True,0.05007595486111111,0.9949057698249817,0.712448239326477,0.016863441094756126,True,True,True
abl_densenet121,DenseNet121 encoder,figshare/0867.png,fs_88670,0,True,0.05314805772569445,0.9256657958030701,0.7598667740821838,0.08428084850311279,True,True,True
abl_densenet121,DenseNet121 encoder,figshare/0868.png,fs_88670,0,True,0.06824408637152778,0.9784502387046814,0.8506690859794617,0.050115909427404404,True,True,False
abl_densenet121,DenseNet121 encoder,figshare/0869.png,fs_88670,0,True,0.0754055447048611,0.9959656000137329,0.8492516279220581,0.06959710270166397,True,True,False
abl_densenet121,DenseNet121 encoder,figshare/0912.png,fs_98889,0,True,0.004686143663194444,0.00968577153980732,0.00020780185877811164,0.0,False,False,False
abl_densenet121,DenseNet121 encoder,figshare/0913.png,fs_98889,0,True,0.01812744140625,0.9477861523628235,0.3931078016757965,0.002504504518583417,True,True,False
abl_densenet121,DenseNet121 encoder,figshare/0914.png,fs_98889,0,True,0.01739501953125,0.9317581057548523,0.5465531349182129,0.02751975506544113,True,True,True
abl_densenet121,DenseNet121 encoder,figshare/0915.png,fs_98889,0,True,0.032185872395833336,0.9428421258926392,0.7072518467903137,0.044029947370290756,True,True,True
abl_densenet121,DenseNet121 encoder,figshare/0916.png,fs_98889,0,True,0.03286404079861111,0.946104109287262,0.7625067234039307,0.06996507197618484,True,True,True
abl_densenet121,DenseNet121 encoder,figshare/0917.png,fs_98889,0,True,0.037272135416666664,0.9350875020027161,0.700436532497406,0.03259069845080376,True,True,True
abl_densenet121,DenseNet121 encoder,figshare/0922.png,fs_106062,2,True,0.013054741753472222,0.935174822807312,0.6568853259086609,0.4503922164440155,True,True,True
abl_densenet121,DenseNet121 encoder,figshare/0923.png,fs_106062,2,True,0.014207628038194444,0.9387595057487488,0.6917397975921631,0.2369874268770218,True,True,True
abl_densenet121,DenseNet121 encoder,figshare/0924.png,fs_106062,2,True,0.013739691840277778,0.9485318064689636,0.7078021764755249,0.23945920169353485,True,True,True
abl_densenet121,DenseNet121 encoder,figshare/0925.png,fs_106062,2,True,0.009847005208333334,0.9052463173866272,0.6247842311859131,0.27939847111701965,True,True,True
abl_densenet121,DenseNet121 encoder,figshare/0958.png,fs_109471,2,True,0.006890190972222222,0.8943192362785339,0.41944047808647156,0.17417356371879578,True,True,True
abl_densenet121,DenseNet121 encoder,figshare/0959.png,fs_109471,2,True,0.006449381510416667,0.8976873159408569,0.4162266254425049,0.08455553650856018,True,True,True
abl_densenet121,DenseNet121 encoder,figshare/0960.png,fs_109471,2,True,0.007907443576388888,0.8940576314926147,0.4294412434101105,0.06712069362401962,True,True,True
abl_densenet121,DenseNet121 encoder,figshare/0961.png,fs_109471,2,True,0.007982042100694444,0.7951385378837585,0.43507230281829834,0.10644282400608063,True,True,True
abl_densenet121,DenseNet121 encoder,figshare/0962.png,fs_109769,2,True,0.005594889322916667,0.9275533556938171,0.47793030738830566,0.18258363008499146,True,True,True
abl_densenet121,DenseNet121 encoder,figshare/0963.png,fs_109769,2,True,0.005866156684027778,0.7593976855278015,0.4692939817905426,0.07594158500432968,True,True,False
abl_densenet121,DenseNet121 encoder,figshare/0964.png,fs_109769,2,True,0.00677490234375,0.9034301042556763,0.5755316019058228,0.29031530022621155,True,True,True
abl_densenet121,DenseNet121 encoder,figshare/0965.png,fs_109769,2,True,0.002414279513888889,0.6806613206863403,0.2712996304035187,0.04494507610797882,True,True,True
abl_densenet121,DenseNet121 encoder,figshare/0966.png,fs_109898,2,True,0.007093641493055556,0.9188856482505798,0.5335209965705872,0.2928808033466339,True,True,True
abl_densenet121,DenseNet121 encoder,figshare/0967.png,fs_109898,2,True,0.007514105902777778,0.9296596646308899,0.5274203419685364,0.2147078514099121,True,True,True
abl_densenet121,DenseNet121 encoder,figshare/0968.png,fs_109898,2,True,0.012200249565972222,0.9538611769676208,0.678147554397583,0.3433716595172882,True,True,True
abl_densenet121,DenseNet121 encoder,figshare/0969.png,fs_109898,2,True,0.0098876953125,0.967856764793396,0.5817511081695557,0.19648918509483337,True,True,True
abl_densenet121,DenseNet121 encoder,figshare/0970.png,fs_109898,2,True,0.005289713541666667,0.8449522256851196,0.4467166066169739,0.41702085733413696,True,True,True
abl_densenet121,DenseNet121 encoder,figshare/0971.png,fs_109898,2,True,0.0032212999131944445,0.7997419238090515,0.32350051403045654,0.05909539759159088,True,True,True
abl_densenet121,DenseNet121 encoder,figshare/0976.png,fs_110993,2,True,0.008124457465277778,0.9426048398017883,0.2787204384803772,0.05419498682022095,True,True,True
abl_densenet121,DenseNet121 encoder,figshare/0977.png,fs_110993,2,True,0.005533854166666667,0.9020537734031677,0.2273903787136078,0.08702646195888519,True,True,True
abl_densenet121,DenseNet121 encoder,figshare/0978.png,fs_110993,2,True,0.005018446180555556,0.9060006141662598,0.3471507430076599,0.04049026593565941,True,True,True
abl_densenet121,DenseNet121 encoder,figshare/0979.png,fs_110993,2,True,0.008673773871527778,0.9513616561889648,0.5115397572517395,0.1105346754193306,True,True,True
abl_densenet121,DenseNet121 encoder,figshare/0994.png,fs_112074,2,True,0.009894476996527778,0.976734459400177,0.33706358075141907,0.14363275468349457,True,True,True
abl_densenet121,DenseNet121 encoder,figshare/0995.png,fs_112074,2,False,0.013014051649305556,0.9210140705108643,0.49559903144836426,3.2990174076985568e-06,True,True,False
abl_densenet121,DenseNet121 encoder,figshare/0996.png,fs_112074,2,True,0.010002983940972222,0.9315029978752136,0.42848244309425354,0.2132588028907776,True,True,True
abl_densenet121,DenseNet121 encoder,figshare/0997.png,fs_112074,2,True,0.006137424045138889,0.8988605737686157,0.3055921494960785,0.033876121044158936,True,True,True
abl_densenet121,DenseNet121 encoder,figshare/1035.png,fs_106062,2,True,0.013814290364583334,0.9269331693649292,0.6342279314994812,0.3443451523780823,True,True,True
abl_densenet121,DenseNet121 encoder,figshare/1036.png,fs_106062,2,True,0.020128038194444444,0.9619885683059692,0.7312432527542114,0.4429812729358673,True,True,True
abl_densenet121,DenseNet121 encoder,figshare/1037.png,fs_106062,2,True,0.021884494357638888,0.9615579843521118,0.7618989944458008,0.4996243417263031,True,True,True
abl_densenet121,DenseNet121 encoder,figshare/1038.png,fs_106062,2,True,0.020589192708333332,0.9316308498382568,0.7279675006866455,0.4829203188419342,True,True,True
abl_densenet121,DenseNet121 encoder,figshare/1039.png,fs_106062,2,True,0.017720540364583332,0.9656796455383301,0.7300100922584534,0.4127150774002075,True,True,True
abl_densenet121,DenseNet121 encoder,figshare/1040.png,fs_106062,2,True,0.015923394097222224,0.9477772116661072,0.7077145576477051,0.4059470593929291,True,True,True
abl_densenet121,DenseNet121 encoder,figshare/1041.png,fs_106062,2,True,0.006605360243055556,0.9253071546554565,0.5549161434173584,0.19542279839515686,True,True,True
abl_densenet121,DenseNet121 encoder,figshare/1077.png,fs_109471,2,True,0.005147298177083333,0.9131832122802734,0.4296358525753021,0.11188992112874985,True,True,True
abl_densenet121,DenseNet121 encoder,figshare/1078.png,fs_109471,2,True,0.015157063802083334,0.9406502842903137,0.6681757569313049,0.15043878555297852,True,True,True
abl_densenet121,DenseNet121 encoder,figshare/1079.png,fs_109471,2,True,0.016079372829861112,0.9312034845352173,0.6640163660049438,0.18610014021396637,True,True,True
abl_densenet121,DenseNet121 encoder,figshare/1080.png,fs_109471,2,True,0.0181884765625,0.9492987990379333,0.7380636930465698,0.21630434691905975,True,True,True
abl_densenet121,DenseNet121 encoder,figshare/1081.png,fs_109471,2,True,0.01849365234375,0.9782295823097229,0.746742844581604,0.3005906641483307,True,True,True
abl_densenet121,DenseNet121 encoder,figshare/1082.png,fs_109471,2,True,0.0038655598958333335,0.2844773232936859,0.16905903816223145,0.05292554944753647,False,False,False
abl_densenet121,DenseNet121 encoder,figshare/1083.png,fs_109769,2,True,0.007636176215277778,0.9420320987701416,0.6723018288612366,0.4877626895904541,True,True,True
abl_densenet121,DenseNet121 encoder,figshare/1084.png,fs_109769,2,True,0.005133734809027778,0.8180422186851501,0.4755558371543884,0.1545863151550293,True,True,True
abl_densenet121,DenseNet121 encoder,figshare/1085.png,fs_109769,2,True,0.00714111328125,0.9477490782737732,0.5644401907920837,0.11349615454673767,True,True,True
abl_densenet121,DenseNet121 encoder,figshare/1086.png,fs_109769,2,True,0.0037434895833333335,0.43209996819496155,0.31900930404663086,0.22960056364536285,True,False,True
abl_densenet121,DenseNet121 encoder,figshare/1087.png,fs_109769,2,True,0.0174560546875,0.9097894430160522,0.3490113317966461,0.24903084337711334,True,True,True
abl_densenet121,DenseNet121 encoder,figshare/1088.png,fs_109898,2,True,0.014682345920138888,0.9517386555671692,0.4780694842338562,0.11738747358322144,True,True,True
abl_densenet121,DenseNet121 encoder,figshare/1089.png,fs_109898,2,True,0.015814887152777776,0.9790998101234436,0.5711187124252319,0.2594027519226074,True,True,True
abl_densenet121,DenseNet121 encoder,figshare/1090.png,fs_109898,2,True,0.016642252604166668,0.982603907585144,0.7182737588882446,0.4898497760295868,True,True,True
abl_densenet121,DenseNet121 encoder,figshare/1091.png,fs_109898,2,True,0.016628689236111112,0.9740885496139526,0.7282582521438599,0.44678863883018494,True,True,True
abl_densenet121,DenseNet121 encoder,figshare/1092.png,fs_109898,2,True,0.010782877604166666,0.8974918127059937,0.655020534992218,0.007428402546793222,True,True,False
abl_densenet121,DenseNet121 encoder,figshare/1093.png,fs_109898,2,True,0.007819281684027778,0.9143038988113403,0.6096473336219788,0.1351553201675415,True,True,False
abl_densenet121,DenseNet121 encoder,figshare/1107.png,fs_110993,2,True,0.006429036458333333,0.9277786612510681,0.5716196894645691,0.17226481437683105,True,True,True
abl_densenet121,DenseNet121 encoder,figshare/1108.png,fs_110993,2,True,0.005947536892361111,0.8235494494438171,0.48505356907844543,0.16004349291324615,True,True,True
abl_densenet121,DenseNet121 encoder,figshare/1109.png,fs_110993,2,True,0.006585015190972222,0.5576273798942566,0.40713486075401306,0.18077492713928223,True,True,False
abl_densenet121,DenseNet121 encoder,figshare/1110.png,fs_110993,2,True,0.007676866319444444,0.8868061900138855,0.3795158565044403,0.1225353330373764,True,True,True
abl_densenet121,DenseNet121 encoder,figshare/1111.png,fs_110993,2,True,0.008375379774305556,0.05940719321370125,0.01498608011752367,0.009486506693065166,False,False,False
abl_densenet121,DenseNet121 encoder,figshare/1129.png,fs_112074,2,True,0.008768717447916666,0.9079591035842896,0.42104941606521606,0.17915797233581543,True,True,True
abl_densenet121,DenseNet121 encoder,figshare/1130.png,fs_112074,2,True,0.013543023003472222,0.9476543068885803,0.5246071219444275,0.19445888698101044,True,True,True
abl_densenet121,DenseNet121 encoder,figshare/1131.png,fs_112074,2,True,0.015252007378472222,0.9541805386543274,0.5919445753097534,0.2717705965042114,True,True,True
abl_densenet121,DenseNet121 encoder,figshare/1132.png,fs_112074,2,True,0.011115180121527778,0.887168288230896,0.5056205987930298,0.23156027495861053,True,True,True
abl_densenet121,DenseNet121 encoder,figshare/1133.png,fs_112074,2,True,0.009555392795138888,0.9467340707778931,0.47966060042381287,0.16295874118804932,True,True,True
abl_densenet121,DenseNet121 encoder,figshare/1169.png,fs_106062,2,True,0.013929578993055556,0.9568899869918823,0.7429652810096741,0.41591396927833557,True,True,True
abl_densenet121,DenseNet121 encoder,figshare/1170.png,fs_106062,2,True,0.016513400607638888,0.9531580209732056,0.7796931266784668,0.29788631200790405,True,True,True
abl_densenet121,DenseNet121 encoder,figshare/1171.png,fs_106062,2,True,0.019741482204861112,0.9714196920394897,0.7939686179161072,0.32712483406066895,True,True,True
abl_densenet121,DenseNet121 encoder,figshare/1172.png,fs_106062,2,True,0.019585503472222224,0.9768000841140747,0.8203166723251343,0.38611602783203125,True,True,True
abl_densenet121,DenseNet121 encoder,figshare/1173.png,fs_106062,2,True,0.01873779296875,0.9789380431175232,0.8020018339157104,0.411650687456131,True,True,True
abl_densenet121,DenseNet121 encoder,figshare/1174.png,fs_106062,2,True,0.01654052734375,0.9693525433540344,0.7789595723152161,0.4673798978328705,True,True,True
abl_densenet121,DenseNet121 encoder,figshare/1175.png,fs_106062,2,True,0.008755154079861112,0.760212779045105,0.5085327625274658,0.3285747468471527,True,True,True
abl_densenet121,DenseNet121 encoder,figshare/1208.png,fs_109471,2,True,0.005093044704861111,0.6495648622512817,0.30376774072647095,0.07758495211601257,True,True,False
abl_densenet121,DenseNet121 encoder,figshare/1209.png,fs_109471,2,True,0.013637966579861112,0.9697750806808472,0.7568582892417908,0.0805903971195221,True,True,True
abl_densenet121,DenseNet121 encoder,figshare/1210.png,fs_109471,2,True,0.014112684461805556,0.9342908263206482,0.7195970416069031,0.2055748701095581,True,True,True
abl_densenet121,DenseNet121 encoder,figshare/1211.png,fs_109471,2,True,0.014309353298611112,0.9534650444984436,0.7578758001327515,0.26593855023384094,True,True,True
abl_densenet121,DenseNet121 encoder,figshare/1212.png,fs_109471,2,True,0.013203938802083334,0.9527466893196106,0.7383791208267212,0.21969090402126312,True,True,True
abl_densenet121,DenseNet121 encoder,figshare/1213.png,fs_109471,2,True,0.011603461371527778,0.9648932814598083,0.68585205078125,0.28686434030532837,True,True,True
abl_densenet121,DenseNet121 encoder,figshare/1214.png,fs_109769,2,True,0.004530164930555556,0.8582512140274048,0.5435490608215332,0.7920159697532654,True,True,True
abl_densenet121,DenseNet121 encoder,figshare/1215.png,fs_109769,2,True,0.0035875108506944445,0.7666387557983398,0.47663918137550354,0.5882412791252136,True,True,True
abl_densenet121,DenseNet121 encoder,figshare/1216.png,fs_109769,2,True,0.005527072482638889,0.8725862503051758,0.6089325547218323,0.7677589654922485,True,True,True
abl_densenet121,DenseNet121 encoder,figshare/1217.png,fs_109769,2,True,0.004726833767361111,0.8734820485115051,0.5750041604042053,0.6002489328384399,True,True,True
abl_densenet121,DenseNet121 encoder,figshare/1218.png,fs_109769,2,True,0.002834743923611111,0.6319488883018494,0.3805656135082245,0.5576515793800354,True,True,True
abl_densenet121,DenseNet121 encoder,figshare/1219.png,fs_109898,2,True,0.006964789496527778,0.9303555488586426,0.6284446716308594,0.6474866271018982,True,True,True
abl_densenet121,DenseNet121 encoder,figshare/1220.png,fs_109898,2,True,0.007737901475694444,0.8886938691139221,0.5781224370002747,0.40730971097946167,True,True,True
abl_densenet121,DenseNet121 encoder,figshare/1221.png,fs_109898,2,True,0.0107421875,0.8707809448242188,0.3321682810783386,0.19091150164604187,True,True,True
abl_densenet121,DenseNet121 encoder,figshare/1230.png,fs_110993,2,True,0.011264377170138888,0.8324577808380127,0.4201052784919739,0.05360764265060425,True,True,False
abl_densenet121,DenseNet121 encoder,figshare/1231.png,fs_110993,2,True,0.0034383138020833335,0.8067507147789001,0.42486467957496643,0.1815851628780365,True,True,True
abl_densenet121,DenseNet121 encoder,figshare/1232.png,fs_110993,2,True,0.002936469184027778,0.7490816712379456,0.3714293837547302,0.043867528438568115,True,True,True
abl_densenet121,DenseNet121 encoder,figshare/1246.png,fs_112074,2,True,0.006184895833333333,0.8699921369552612,0.485392302274704,0.06760232895612717,True,True,True
abl_densenet121,DenseNet121 encoder,figshare/1247.png,fs_112074,2,True,0.010423448350694444,0.9560776948928833,0.6224663257598877,0.7840142846107483,True,True,True
abl_densenet121,DenseNet121 encoder,figshare/1248.png,fs_112074,2,True,0.011956108940972222,0.9532682299613953,0.6541873216629028,0.37752553820610046,True,True,True
abl_densenet121,DenseNet121 encoder,figshare/1249.png,fs_112074,2,True,0.010898166232638888,0.9071130752563477,0.6089614033699036,0.00016963930102065206,True,True,False
abl_densenet121,DenseNet121 encoder,figshare/1250.png,fs_112074,2,True,0.0079345703125,0.9065633416175842,0.5347810387611389,0.3666253387928009,True,True,True
abl_densenet121,DenseNet121 encoder,figshare/1301.png,fs_103046,2,True,0.0036756727430555555,0.8082502484321594,0.40409138798713684,0.138509139418602,True,True,True
abl_densenet121,DenseNet121 encoder,figshare/1302.png,fs_103046,2,True,0.0036824544270833335,0.8037251234054565,0.3940684497356415,0.19331251084804535,True,True,True
abl_densenet121,DenseNet121 encoder,figshare/1303.png,fs_103046,2,True,0.004340277777777778,0.8465083837509155,0.43135517835617065,0.2870789170265198,True,True,True
abl_densenet121,DenseNet121 encoder,figshare/1330.png,fs_103731,2,True,0.004191080729166667,0.8754445910453796,0.34349319338798523,0.16143180429935455,True,True,True
abl_densenet121,DenseNet121 encoder,figshare/1331.png,fs_103731,2,True,0.003729926215277778,0.7912012338638306,0.3400093913078308,0.11190009117126465,True,True,True
abl_densenet121,DenseNet121 encoder,figshare/1332.png,fs_103731,2,True,0.004482693142361111,0.7728375792503357,0.39720115065574646,0.12903571128845215,True,True,True
abl_densenet121,DenseNet121 encoder,figshare/1333.png,fs_103731,2,True,0.006252712673611111,0.9397135972976685,0.5304715633392334,0.4347763955593109,True,True,True
abl_densenet121,DenseNet121 encoder,figshare/1334.png,fs_103731,2,True,0.006585015190972222,0.9345194697380066,0.5167942047119141,0.10032983869314194,True,True,True
abl_densenet121,DenseNet121 encoder,figshare/1335.png,fs_103731,2,True,0.008409288194444444,0.9414898753166199,0.5525574684143066,0.12399032711982727,True,True,True
abl_densenet121,DenseNet121 encoder,figshare/1336.png,fs_103731,2,True,0.008463541666666666,0.9326281547546387,0.5227506756782532,0.03991648182272911,True,True,True
abl_densenet121,DenseNet121 encoder,figshare/1337.png,fs_103731,2,True,0.007086859809027778,0.8820300698280334,0.5200970768928528,0.02052665315568447,True,True,True
abl_densenet121,DenseNet121 encoder,figshare/1338.png,fs_103731,2,True,0.005940755208333333,0.9548096656799316,0.42046254873275757,0.005260618403553963,True,True,False
abl_densenet121,DenseNet121 encoder,figshare/1339.png,fs_103731,2,True,0.005174424913194444,0.93659508228302,0.4058810770511627,0.06901916861534119,True,True,True
abl_densenet121,DenseNet121 encoder,figshare/1374.png,fs_105187,2,True,0.00390625,0.7307056784629822,0.29994311928749084,0.12746207416057587,True,True,True
abl_densenet121,DenseNet121 encoder,figshare/1375.png,fs_105187,2,True,0.004665798611111111,0.6982555985450745,0.32402825355529785,0.15450526773929596,True,True,True
abl_densenet121,DenseNet121 encoder,figshare/1376.png,fs_105187,2,True,0.0030517578125,0.661773681640625,0.24340741336345673,0.13000385463237762,True,True,True
abl_densenet121,DenseNet121 encoder,figshare/1377.png,fs_105187,2,True,0.00201416015625,0.5859594941139221,0.17887896299362183,0.06612104922533035,True,True,True
abl_densenet121,DenseNet121 encoder,figshare/1380.png,fs_105538,2,False,0.010450575086805556,0.05663827434182167,0.0006970856338739395,0.0,True,False,False
abl_densenet121,DenseNet121 encoder,figshare/1381.png,fs_105538,2,False,0.0031873914930555555,0.8031098246574402,0.202769935131073,1.6945709830906708e-06,True,True,False
abl_densenet121,DenseNet121 encoder,figshare/1382.png,fs_105538,2,False,0.0032484266493055555,0.8828691840171814,0.1794394701719284,0.01686440408229828,True,True,True
abl_densenet121,DenseNet121 encoder,figshare/1408.png,fs_97599,2,True,0.0015936957465277778,0.628066897392273,0.10650136321783066,0.008530307561159134,True,True,True
abl_densenet121,DenseNet121 encoder,figshare/1409.png,fs_97599,2,True,0.00274658203125,0.6981362700462341,0.18961761891841888,0.05496940389275551,True,True,True
abl_densenet121,DenseNet121 encoder,figshare/1487.png,fs_102669,2,True,0.0017225477430555555,0.49165716767311096,0.1578417420387268,0.006097900215536356,True,False,False
abl_densenet121,DenseNet121 encoder,figshare/1488.png,fs_102669,2,True,0.0029703776041666665,0.8061923980712891,0.24531857669353485,0.030489372089505196,True,True,True
abl_densenet121,DenseNet121 encoder,figshare/1489.png,fs_103046,2,True,0.002997504340277778,0.7009617686271667,0.3025469183921814,0.12161380797624588,True,True,True
abl_densenet121,DenseNet121 encoder,figshare/1490.png,fs_103046,2,True,0.005866156684027778,0.8610731363296509,0.5501410961151123,0.24074232578277588,True,True,True
abl_densenet121,DenseNet121 encoder,figshare/1491.png,fs_103046,2,True,0.0030314127604166665,0.7114438414573669,0.3517313599586487,0.10953789204359055,True,True,True
abl_densenet121,DenseNet121 encoder,figshare/1492.png,fs_103046,2,True,0.0027601453993055555,0.7027093172073364,0.32490426301956177,0.14537136256694794,True,True,True
abl_densenet121,DenseNet121 encoder,figshare/1521.png,fs_103731,2,True,0.00250244140625,0.46264180541038513,0.1819922775030136,0.030605744570493698,False,True,True
abl_densenet121,DenseNet121 encoder,figshare/1522.png,fs_103731,2,True,0.008416069878472222,0.9122906923294067,0.5648242831230164,0.13582126796245575,True,True,True
abl_densenet121,DenseNet121 encoder,figshare/1523.png,fs_103731,2,True,0.009304470486111112,0.8562973737716675,0.5246041417121887,0.02908089943230152,True,True,True
abl_densenet121,DenseNet121 encoder,figshare/1524.png,fs_103731,2,True,0.013807508680555556,0.9627869129180908,0.6611132025718689,0.060745321214199066,True,True,True
abl_densenet121,DenseNet121 encoder,figshare/1525.png,fs_103731,2,True,0.013888888888888888,0.9553066492080688,0.6497629284858704,0.08272654563188553,True,True,True
abl_densenet121,DenseNet121 encoder,figshare/1526.png,fs_103731,2,True,0.012593587239583334,0.9580057859420776,0.5869889855384827,0.16188684105873108,True,True,True
abl_densenet121,DenseNet121 encoder,figshare/1527.png,fs_103731,2,True,0.003323025173611111,0.7416900396347046,0.36148667335510254,0.09087511152029037,True,True,True
abl_densenet121,DenseNet121 encoder,figshare/1557.png,fs_105187,2,True,0.0011800130208333333,0.48500415682792664,0.13017728924751282,0.03926745802164078,True,True,True
abl_densenet121,DenseNet121 encoder,figshare/1558.png,fs_105187,2,True,0.0020345052083333335,0.6531121730804443,0.20974481105804443,0.04853358119726181,True,True,True
abl_densenet121,DenseNet121 encoder,figshare/1559.png,fs_105187,2,True,0.005086263020833333,0.7852884531021118,0.43257656693458557,0.32562777400016785,True,True,True
abl_densenet121,DenseNet121 encoder,figshare/1560.png,fs_105187,2,True,0.006598578559027778,0.8557150363922119,0.5373249053955078,0.3217967450618744,True,True,True
abl_densenet121,DenseNet121 encoder,figshare/1561.png,fs_105187,2,True,0.006103515625,0.8917763829231262,0.5670310258865356,0.33681246638298035,True,True,True
abl_densenet121,DenseNet121 encoder,figshare/1562.png,fs_105187,2,True,0.004503038194444444,0.843914270401001,0.46920496225357056,0.27632564306259155,True,True,True
abl_densenet121,DenseNet121 encoder,figshare/1566.png,fs_105538,2,False,0.002834743923611111,0.814347505569458,0.21383148431777954,0.0,True,True,False
abl_densenet121,DenseNet121 encoder,figshare/1567.png,fs_105538,2,False,0.0025227864583333335,0.8838590979576111,0.17792512476444244,0.05096181109547615,True,True,True
abl_densenet121,DenseNet121 encoder,figshare/1594.png,fs_97599,2,True,0.001864963107638889,0.647606372833252,0.24033477902412415,0.07948683202266693,True,True,True
abl_densenet121,DenseNet121 encoder,figshare/1595.png,fs_97599,2,True,0.001254611545138889,0.49641087651252747,0.12359324097633362,0.08994462341070175,True,True,True
abl_densenet121,DenseNet121 encoder,figshare/1672.png,fs_102669,2,True,0.001430935329861111,0.3625827729701996,0.1680520623922348,0.014129613526165485,True,True,True
abl_densenet121,DenseNet121 encoder,figshare/1673.png,fs_103046,2,True,0.004930284288194444,0.8463237285614014,0.5275999307632446,0.18198075890541077,True,True,False
abl_densenet121,DenseNet121 encoder,figshare/1674.png,fs_103046,2,True,0.004611545138888889,0.8284422159194946,0.4849638044834137,0.19008329510688782,True,True,True
abl_densenet121,DenseNet121 encoder,figshare/1675.png,fs_103046,2,True,0.003716362847222222,0.7338789105415344,0.4010791778564453,0.04268047586083412,True,True,True
abl_densenet121,DenseNet121 encoder,figshare/1676.png,fs_103046,2,True,0.0029771592881944445,0.8286417722702026,0.4161965847015381,0.33687302470207214,True,True,True
abl_densenet121,DenseNet121 encoder,figshare/1709.png,fs_103731,2,True,0.009507921006944444,0.9134389162063599,0.6094968914985657,0.13921189308166504,True,True,True
abl_densenet121,DenseNet121 encoder,figshare/1710.png,fs_103731,2,True,0.014716254340277778,0.8798233866691589,0.4504703879356384,0.004832266364246607,True,True,False
abl_densenet121,DenseNet121 encoder,figshare/1711.png,fs_103731,2,True,0.015143500434027778,0.9597801566123962,0.731876790523529,0.09871535748243332,True,True,False
abl_densenet121,DenseNet121 encoder,figshare/1712.png,fs_103731,2,True,0.013427734375,0.8820047974586487,0.3710439205169678,0.0073576620779931545,True,True,False
abl_densenet121,DenseNet121 encoder,figshare/1713.png,fs_103731,2,True,0.006829155815972222,0.9020551443099976,0.4646473228931427,0.05729186534881592,True,True,True
abl_densenet121,DenseNet121 encoder,figshare/1748.png,fs_105187,2,True,0.0022379557291666665,0.644934356212616,0.3039393126964569,0.06655523926019669,True,True,True
abl_densenet121,DenseNet121 encoder,figshare/1749.png,fs_105187,2,True,0.0029296875,0.6784803867340088,0.3614004850387573,0.07221750169992447,False,True,True
abl_densenet121,DenseNet121 encoder,figshare/1750.png,fs_105187,2,True,0.0037027994791666665,0.7765613198280334,0.4406857192516327,0.1695588082075119,True,True,True
abl_densenet121,DenseNet121 encoder,figshare/1751.png,fs_105187,2,True,0.003926595052083333,0.8557698130607605,0.4754731059074402,0.17020568251609802,True,True,True
abl_densenet121,DenseNet121 encoder,figshare/1752.png,fs_105187,2,True,0.004014756944444444,0.8666502833366394,0.47373831272125244,0.13619674742221832,True,True,True
abl_densenet121,DenseNet121 encoder,figshare/1753.png,fs_105187,2,True,0.0025160047743055555,0.8007668256759644,0.37327277660369873,0.03718523681163788,True,True,False
abl_densenet121,DenseNet121 encoder,figshare/1759.png,fs_105538,2,True,0.00347900390625,0.8793666362762451,0.312794029712677,0.0012865152675658464,True,True,False
abl_densenet121,DenseNet121 encoder,figshare/1760.png,fs_105538,2,False,0.0036824544270833335,0.6579815149307251,0.04784456267952919,0.38658857345581055,True,True,True
abl_densenet121,DenseNet121 encoder,figshare/1786.png,fs_97599,2,True,0.0017293294270833333,0.7263468503952026,0.24192862212657928,0.019728273153305054,True,True,False
abl_densenet121,DenseNet121 encoder,figshare/1787.png,fs_97599,2,True,0.0019327799479166667,0.7286947965621948,0.2868648171424866,0.01435678731650114,True,True,True
abl_densenet121,DenseNet121 encoder,figshare/1788.png,fs_97599,2,True,0.0018378363715277778,0.7651259899139404,0.27922767400741577,0.04343954473733902,True,True,True
abl_densenet121,DenseNet121 encoder,figshare/1914.png,fs_MR049453,0,True,0.012247721354166666,0.0008148777997121215,0.0001748722279444337,0.0016315210377797484,False,False,False
abl_densenet121,DenseNet121 encoder,figshare/1915.png,fs_MR049453,0,True,0.017964680989583332,0.8910995721817017,0.3082825243473053,0.003220454789698124,True,True,False
abl_densenet121,DenseNet121 encoder,figshare/1916.png,fs_MR049453,0,True,0.04623752170138889,0.9949633479118347,0.5818117260932922,0.019462155178189278,True,True,False
abl_densenet121,DenseNet121 encoder,figshare/1917.png,fs_MR049453,0,True,0.026136610243055556,0.7165660262107849,0.4808284044265747,0.035679783672094345,True,True,False
abl_densenet121,DenseNet121 encoder,figshare/1918.png,fs_MR049453,0,True,0.048821343315972224,0.9673577547073364,0.6444422006607056,0.04884577542543411,True,True,True
abl_densenet121,DenseNet121 encoder,figshare/1919.png,fs_MR049453,0,True,0.044135199652777776,0.9760425090789795,0.6799392700195312,0.06755796074867249,True,True,True
abl_densenet121,DenseNet121 encoder,figshare/1920.png,fs_MR049453,0,True,0.033745659722222224,0.94953852891922,0.5987609028816223,0.0015731874154880643,True,True,False
abl_densenet121,DenseNet121 encoder,figshare/1937.png,fs_MR049453B,0,True,0.060553656684027776,0.9690971374511719,0.7396012544631958,0.17533321678638458,True,True,True
abl_densenet121,DenseNet121 encoder,figshare/1938.png,fs_MR049453B,0,True,0.0715603298611111,0.9870154857635498,0.8021265864372253,0.12578459084033966,True,True,False
abl_densenet121,DenseNet121 encoder,figshare/1939.png,fs_MR049453B,0,True,0.037848578559027776,0.716107964515686,0.5196630358695984,0.03187783434987068,True,True,False
abl_densenet121,DenseNet121 encoder,figshare/1940.png,fs_MR049453B,0,True,0.04197862413194445,0.9000078439712524,0.6743680238723755,0.028258346021175385,True,True,False
abl_densenet121,DenseNet121 encoder,figshare/1941.png,fs_MR049453B,0,True,0.035786946614583336,0.7685807943344116,0.5694693326950073,0.00033488834742456675,True,True,False
abl_densenet121,DenseNet121 encoder,figshare/1942.png,fs_MR049453B,0,True,0.0318603515625,0.844426155090332,0.5415726900100708,0.03308786079287529,True,True,False
abl_densenet121,DenseNet121 encoder,figshare/1943.png,fs_MR049453B,0,True,0.036051432291666664,0.9564264416694641,0.5534424185752869,0.010143807157874107,True,True,False
abl_densenet121,DenseNet121 encoder,figshare/1944.png,fs_MR049453B,0,True,0.022291395399305556,0.9841333031654358,0.42273029685020447,0.013088032603263855,True,True,False
abl_densenet121,DenseNet121 encoder,figshare/1950.png,fs_MR050135B,0,True,0.00421142578125,0.6615056395530701,0.23068799078464508,0.007446774281561375,True,True,False
abl_densenet121,DenseNet121 encoder,figshare/1951.png,fs_MR050135B,0,True,0.010423448350694444,0.7959321141242981,0.41929149627685547,0.022606831043958664,True,True,True
abl_densenet121,DenseNet121 encoder,figshare/1952.png,fs_MR050135B,0,True,0.019117567274305556,0.953075110912323,0.4478906989097595,0.010072113946080208,True,True,False
abl_densenet121,DenseNet121 encoder,figshare/1953.png,fs_MR050135B,0,True,0.015862358940972224,0.9622745513916016,0.4227447509765625,0.023153988644480705,True,True,True
abl_densenet121,DenseNet121 encoder,figshare/1954.png,fs_MR050135B,0,True,0.006876627604166667,0.8337967991828918,0.21616509556770325,0.007784081622958183,True,True,True
abl_densenet121,DenseNet121 encoder,figshare/1955.png,fs_MR050135B,0,True,0.011766221788194444,0.8109131455421448,0.30129194259643555,0.0653911605477333,True,True,True
abl_densenet121,DenseNet121 encoder,figshare/1956.png,fs_MR050135B,0,True,0.012986924913194444,0.8897520899772644,0.47149014472961426,0.016728388145565987,True,True,True
abl_densenet121,DenseNet121 encoder,figshare/1957.png,fs_MR050135B,0,True,0.015462239583333334,0.8443012833595276,0.48914918303489685,0.013285772874951363,True,True,False
abl_densenet121,DenseNet121 encoder,figshare/1958.png,fs_MR050135B,0,True,0.015916612413194444,0.9395119547843933,0.4455408751964569,0.014633662067353725,True,True,True
abl_densenet121,DenseNet121 encoder,figshare/1959.png,fs_MR050135B,0,True,0.002997504340277778,0.0006248261197470129,8.095375960692763e-05,0.0,False,False,False
abl_densenet121,DenseNet121 encoder,figshare/1960.png,fs_MR050135B,0,True,0.018669976128472224,0.534022867679596,0.010982684791088104,0.00021124219347257167,True,True,False
abl_densenet121,DenseNet121 encoder,figshare/1961.png,fs_MR050135B,0,True,0.030836317274305556,0.9560960531234741,0.145284965634346,0.009926911443471909,True,True,False
abl_densenet121,DenseNet121 encoder,figshare/1962.png,fs_MR050135B,0,True,0.03141954210069445,0.9943012595176697,0.5623133182525635,0.03567850962281227,True,True,True
abl_densenet121,DenseNet121 encoder,figshare/1963.png,fs_MR050135B,0,True,0.026835123697916668,0.9915478825569153,0.4839780926704407,0.01303861290216446,True,True,False
abl_densenet121,DenseNet121 encoder,figshare/1974.png,fs_MR050791B,0,True,0.003512912326388889,0.009699225425720215,0.0004363918851595372,0.012232983484864235,False,False,False
abl_densenet121,DenseNet121 encoder,figshare/1975.png,fs_MR050791B,0,True,0.006666395399305556,0.014061186462640762,0.0004354167904239148,0.0012645551469177008,False,False,False
abl_densenet121,DenseNet121 encoder,figshare/1976.png,fs_MR050791B,0,True,0.011189778645833334,0.021430853754281998,0.0002093636430799961,0.16163206100463867,False,False,False
abl_densenet121,DenseNet121 encoder,figshare/1977.png,fs_MR050791B,0,True,0.012885199652777778,0.5426050424575806,0.21070127189159393,0.003677628468722105,True,True,False
abl_densenet121,DenseNet121 encoder,figshare/1978.png,fs_MR050791B,0,True,0.024169921875,0.8947375416755676,0.5109992027282715,0.025564558804035187,True,True,False
abl_densenet121,DenseNet121 encoder,figshare/1979.png,fs_MR050791B,0,True,0.020331488715277776,0.8284948468208313,0.3398006558418274,0.06760814785957336,True,True,True
abl_densenet121,DenseNet121 encoder,figshare/1980.png,fs_MR050791B,0,True,0.017266167534722224,0.026544537395238876,0.0003485588822513819,6.698320066789165e-05,False,False,False
abl_densenet121,DenseNet121 encoder,figshare/1981.png,fs_MR050791B,0,True,0.012037489149305556,0.007834662683308125,0.0001352346589555964,0.0,False,False,False
abl_densenet121,DenseNet121 encoder,figshare/1982.png,fs_MR050791B,0,True,0.024854871961805556,0.041497450321912766,0.0005388236022554338,0.0,False,False,False
abl_densenet121,DenseNet121 encoder,figshare/1983.png,fs_MR050791B,0,True,0.012518988715277778,0.016830259934067726,0.00012212703586556017,0.0,False,False,False
abl_densenet121,DenseNet121 encoder,figshare/2012.png,fs_MR051461B,0,True,0.015184190538194444,0.5004841685295105,0.06994842737913132,0.005354836117476225,False,False,False
abl_densenet121,DenseNet121 encoder,figshare/2013.png,fs_MR051461B,0,True,0.011617024739583334,0.25991830229759216,0.10806694626808167,0.008368837647140026,False,False,False
abl_densenet121,DenseNet121 encoder,figshare/2014.png,fs_MR051461B,0,True,0.030029296875,0.9661198258399963,0.13501034677028656,0.0021285724360495806,True,True,False
abl_densenet121,DenseNet121 encoder,figshare/2015.png,fs_MR051461B,0,True,0.021504720052083332,0.9437888264656067,0.4061114192008972,0.007604903541505337,True,True,False
abl_densenet121,DenseNet121 encoder,figshare/2016.png,fs_MR051461B,0,True,0.0257568359375,0.9642342925071716,0.3938736617565155,0.07534317672252655,True,True,True
abl_densenet121,DenseNet121 encoder,figshare/2087.png,fs_MR053110B,0,True,0.0277099609375,0.5581161379814148,0.3897307515144348,0.001256136572919786,False,True,False
abl_densenet121,DenseNet121 encoder,figshare/2088.png,fs_MR053110B,0,True,0.030239529079861112,0.7782036662101746,0.29854243993759155,4.782624091603793e-05,True,True,False
abl_densenet121,DenseNet121 encoder,figshare/2089.png,fs_MR053110B,0,True,0.05325656467013889,0.8963741064071655,0.3969356119632721,0.008074932731688023,True,True,False
abl_densenet121,DenseNet121 encoder,figshare/2090.png,fs_MR053110B,0,True,0.05180528428819445,0.9437597393989563,0.5110704302787781,0.0037275843787938356,True,True,False
abl_densenet121,DenseNet121 encoder,figshare/2091.png,fs_MR053110B,0,True,0.03962537977430555,0.8192138075828552,0.506635844707489,0.028986716642975807,True,True,False
abl_densenet121,DenseNet121 encoder,figshare/2092.png,fs_MR053110B,0,True,0.01458740234375,0.5235384702682495,0.2654583752155304,0.006337495520710945,False,False,False
abl_densenet121,DenseNet121 encoder,figshare/2093.png,fs_MR034694,0,True,0.006198459201388889,0.025714103132486343,0.0003387224569451064,0.0,False,False,False
abl_densenet121,DenseNet121 encoder,figshare/2094.png,fs_MR034694,0,True,0.017408582899305556,0.5736980438232422,0.3739558756351471,0.0057122125290334225,True,True,False
abl_densenet121,DenseNet121 encoder,figshare/2095.png,fs_MR034694,0,True,0.027872721354166668,0.9891282916069031,0.5185648202896118,0.013211781159043312,True,True,False
abl_densenet121,DenseNet121 encoder,figshare/2096.png,fs_MR034694,0,True,0.017103407118055556,0.6880502700805664,0.41562914848327637,0.009944782592356205,False,True,True
abl_densenet121,DenseNet121 encoder,figshare/2112.png,fs_MR034997,0,True,0.008009168836805556,0.9612553119659424,0.16433702409267426,0.010673447512090206,True,True,True
abl_densenet121,DenseNet121 encoder,figshare/2113.png,fs_MR034997,0,True,0.01776123046875,0.6410897374153137,0.30736756324768066,0.028222279623150826,True,True,True
abl_densenet121,DenseNet121 encoder,figshare/2114.png,fs_MR034997,0,True,0.019965277777777776,0.9528831839561462,0.44653114676475525,0.029535919427871704,True,True,True
abl_densenet121,DenseNet121 encoder,figshare/2115.png,fs_MR034997,0,True,0.021172417534722224,0.9382482767105103,0.4728192389011383,0.008548282086849213,True,True,False
abl_densenet121,DenseNet121 encoder,figshare/2116.png,fs_MR034997,0,True,0.016866048177083332,0.9307556748390198,0.4222075343132019,0.008254213258624077,True,True,False
abl_densenet121,DenseNet121 encoder,figshare/2117.png,fs_MR034997,0,True,0.015068901909722222,0.9010255932807922,0.3887350559234619,0.004571105353534222,True,True,False
abl_densenet121,DenseNet121 encoder,figshare/2118.png,fs_MR034997,0,True,0.004909939236111111,0.5085799098014832,0.17490562796592712,0.0016137977363541722,True,True,False
abl_densenet121,DenseNet121 encoder,figshare/2134.png,fs_MR049019G,0,True,0.024915907118055556,0.9251242876052856,0.40731948614120483,0.0012431261129677296,True,True,False
abl_densenet121,DenseNet121 encoder,figshare/2135.png,fs_MR049019G,0,True,0.04578993055555555,0.8519973754882812,0.49460330605506897,0.004768569488078356,True,True,False
abl_densenet121,DenseNet121 encoder,figshare/2136.png,fs_MR049019G,0,True,0.015123155381944444,0.516198992729187,0.3280582129955292,0.0015588531969115138,True,True,False
abl_densenet121,DenseNet121 encoder,figshare/2137.png,fs_MR049019G,0,True,0.017652723524305556,0.5859174728393555,0.3563459515571594,0.00539788044989109,True,True,False
abl_densenet121,DenseNet121 encoder,figshare/2138.png,fs_MR049019G,0,True,0.027140299479166668,0.8191648721694946,0.4018869996070862,0.00299988966435194,True,True,False
abl_densenet121,DenseNet121 encoder,figshare/2139.png,fs_MR049019G,0,True,0.016350640190972224,0.6867324709892273,0.307832807302475,0.0031564354430884123,False,False,False
abl_densenet121,DenseNet121 encoder,figshare/2140.png,fs_MR049019G,0,True,0.019490559895833332,0.7528680562973022,0.3435101807117462,0.0032372253481298685,True,True,False
abl_densenet121,DenseNet121 encoder,figshare/2166.png,fs_MR037458B,0,True,0.011508517795138888,0.021708562970161438,0.0007426698575727642,0.0,False,False,False
abl_densenet121,DenseNet121 encoder,figshare/2167.png,fs_MR037458B,0,True,0.014377170138888888,0.019995393231511116,0.00022331868240144104,0.0018525001360103488,False,False,False
abl_densenet121,DenseNet121 encoder,figshare/2168.png,fs_MR037458B,0,False,0.0027940538194444445,0.8679283857345581,0.04763685166835785,0.06774379312992096,True,True,True
abl_densenet121,DenseNet121 encoder,figshare/2169.png,fs_MR037458B,0,True,0.005276150173611111,0.5949045419692993,0.011390428058803082,0.21660858392715454,True,True,True
abl_densenet121,DenseNet121 encoder,figshare/2170.png,fs_MR037458B,0,True,0.007154676649305556,0.09231166541576385,0.0007472948636859655,0.2059638351202011,True,False,False
abl_densenet121,DenseNet121 encoder,figshare/2171.png,fs_MR037458B,0,True,0.019999186197916668,0.8710773587226868,0.04418861120939255,0.6091083884239197,True,True,True
abl_densenet121,DenseNet121 encoder,figshare/2172.png,fs_MR037458B,0,True,0.015726725260416668,0.9661945700645447,0.3905468285083771,0.005116287153214216,True,True,False
abl_densenet121,DenseNet121 encoder,figshare/2173.png,fs_MR037458B,0,True,0.017137315538194444,0.9722343683242798,0.3260529339313507,0.004154765512794256,True,True,False
abl_densenet121,DenseNet121 encoder,figshare/2196.png,fs_MR040240,0,True,0.00738525390625,0.7875908613204956,0.2809726893901825,0.0028785360045731068,True,True,False
abl_densenet121,DenseNet121 encoder,figshare/2197.png,fs_MR040240,0,True,0.010443793402777778,0.6313978433609009,0.35257014632225037,0.012128137052059174,True,True,True
abl_densenet121,DenseNet121 encoder,figshare/2198.png,fs_MR040240,0,True,0.030768500434027776,0.9528964757919312,0.6461747288703918,0.006761726923286915,True,True,False
abl_densenet121,DenseNet121 encoder,figshare/2199.png,fs_MR040240,0,True,0.028327094184027776,0.7416059374809265,0.5147686004638672,0.03704433515667915,True,True,True
abl_densenet121,DenseNet121 encoder,figshare/2200.png,fs_MR040240,0,True,0.025058322482638888,0.6361106038093567,0.4402446150779724,0.04645811393857002,False,True,True
abl_densenet121,DenseNet121 encoder,figshare/2201.png,fs_MR040240,0,True,0.020948621961805556,0.5368167757987976,0.38259536027908325,0.024926889687776566,False,True,False
abl_densenet121,DenseNet121 encoder,figshare/2202.png,fs_MR040240,0,True,0.033515082465277776,0.8867860436439514,0.4311298131942749,0.04226251691579819,True,True,True
abl_densenet121,DenseNet121 encoder,figshare/2203.png,fs_MR040240,0,True,0.025648328993055556,0.9000731706619263,0.5802529454231262,0.05448802560567856,True,True,True
abl_densenet121,DenseNet121 encoder,figshare/2204.png,fs_MR040240,0,True,0.016086154513888888,0.8932135701179504,0.45821478962898254,0.004881396424025297,True,True,False
abl_densenet121,DenseNet121 encoder,figshare/2205.png,fs_MR040240,0,True,0.008734809027777778,0.04940788820385933,0.0003919991431757808,0.0892268568277359,True,False,False
abl_densenet121,DenseNet121 encoder,figshare/2270.png,fs_MR049453,0,True,0.004258897569444444,0.5957700610160828,0.16941288113594055,0.0018168858950957656,True,True,False
abl_densenet121,DenseNet121 encoder,figshare/2271.png,fs_MR049453,0,True,0.028001573350694444,0.8934035301208496,0.6453078389167786,0.030223147943615913,True,True,True
abl_densenet121,DenseNet121 encoder,figshare/2272.png,fs_MR049453,0,True,0.01495361328125,0.6214619874954224,0.4300852119922638,0.0009785669390112162,False,True,False
abl_densenet121,DenseNet121 encoder,figshare/2273.png,fs_MR049453,0,True,0.03408474392361111,0.8983541131019592,0.6683170795440674,0.09029083698987961,True,True,False
abl_densenet121,DenseNet121 encoder,figshare/2274.png,fs_MR049453,0,True,0.03238254123263889,0.8921656608581543,0.6308451890945435,0.017138250172138214,True,True,False
abl_densenet121,DenseNet121 encoder,figshare/2275.png,fs_MR049453,0,True,0.023912217881944444,0.8339319229125977,0.5402164459228516,0.032829079777002335,True,True,False
abl_densenet121,DenseNet121 encoder,figshare/2276.png,fs_MR049453,0,True,0.009962293836805556,0.37928280234336853,0.23480543494224548,0.001556718721985817,True,True,False
abl_densenet121,DenseNet121 encoder,figshare/2277.png,fs_MR049453,0,True,0.010348849826388888,0.5121420621871948,0.2855941653251648,0.006949473638087511,True,True,False
abl_densenet121,DenseNet121 encoder,figshare/2278.png,fs_MR049453,0,True,0.004014756944444444,0.5318214893341064,0.15959662199020386,0.0012526205973699689,True,True,False
abl_densenet121,DenseNet121 encoder,figshare/2286.png,fs_MR049453B,0,True,0.0037367078993055555,0.04965294897556305,0.0017070547910407186,2.5041543267434463e-05,False,False,False
abl_densenet121,DenseNet121 encoder,figshare/2287.png,fs_MR049453B,0,True,0.003655327690972222,0.41506722569465637,0.1383723020553589,0.0,True,True,False
abl_densenet121,DenseNet121 encoder,figshare/2288.png,fs_MR049453B,0,True,0.050360785590277776,0.8907182216644287,0.7624781131744385,0.00034805209725163877,True,True,False
abl_densenet121,DenseNet121 encoder,figshare/2289.png,fs_MR049453B,0,True,0.03554958767361111,0.9409269690513611,0.7448809146881104,0.002546006115153432,True,True,False
abl_densenet121,DenseNet121 encoder,figshare/2290.png,fs_MR049453B,0,True,0.036553276909722224,0.9221155643463135,0.7452554106712341,0.0025666141882538795,True,True,False
abl_densenet121,DenseNet121 encoder,figshare/2291.png,fs_MR049453B,0,True,0.019802517361111112,0.9056657552719116,0.5964468121528625,0.0054834457114338875,True,True,False
abl_densenet121,DenseNet121 encoder,figshare/2292.png,fs_MR049453B,0,True,0.009568956163194444,0.6824946403503418,0.22475513815879822,0.0053594778291881084,True,True,False
abl_densenet121,DenseNet121 encoder,figshare/2293.png,fs_MR049453B,0,True,0.017734103732638888,0.48103323578834534,0.18948791921138763,8.011473255464807e-05,False,False,False
abl_densenet121,DenseNet121 encoder,figshare/2294.png,fs_MR049453B,0,True,0.005316840277777778,0.3118993937969208,0.14714385569095612,0.00029894139152020216,True,True,False
abl_densenet121,DenseNet121 encoder,figshare/2295.png,fs_MR049453B,0,True,0.015272352430555556,0.21769824624061584,0.13605062663555145,7.294880197150633e-05,True,False,False
abl_densenet121,DenseNet121 encoder,figshare/2296.png,fs_MR049453B,0,True,0.024400499131944444,0.3056648373603821,0.2658036947250366,0.004445364233106375,True,False,False
abl_densenet121,DenseNet121 encoder,figshare/2297.png,fs_MR049453B,0,True,0.044074164496527776,0.6688732504844666,0.5432277321815491,0.01268905308097601,True,True,False
abl_densenet121,DenseNet121 encoder,figshare/2298.png,fs_MR049453B,0,True,0.046210394965277776,0.9231666922569275,0.7189043164253235,0.019171636551618576,True,True,False
abl_densenet121,DenseNet121 encoder,figshare/2299.png,fs_MR049453B,0,True,0.049323187934027776,0.7596309781074524,0.665641188621521,0.01560868788510561,True,True,False
abl_densenet121,DenseNet121 encoder,figshare/2300.png,fs_MR050135B,0,True,0.004170735677083333,0.9280611872673035,0.10191771388053894,0.01019937451928854,True,True,True
abl_densenet121,DenseNet121 encoder,figshare/2301.png,fs_MR050135B,0,True,0.018263075086805556,0.9461713433265686,0.15371155738830566,0.014503059908747673,True,True,True
abl_densenet121,DenseNet121 encoder,figshare/2302.png,fs_MR050135B,0,True,0.006137424045138889,0.927969753742218,0.2453262209892273,0.007304794620722532,True,True,False
abl_densenet121,DenseNet121 encoder,figshare/2303.png,fs_MR050135B,0,True,0.018941243489583332,0.7838059663772583,0.33637359738349915,0.06987348198890686,True,True,True
abl_densenet121,DenseNet121 encoder,figshare/2304.png,fs_MR050135B,0,True,0.022989908854166668,0.9908910393714905,0.4817422032356262,0.022153938189148903,True,True,False
abl_densenet121,DenseNet121 encoder,figshare/2305.png,fs_MR050135B,0,True,0.025838216145833332,0.8911690711975098,0.5422117710113525,0.02250976674258709,True,True,True
abl_densenet121,DenseNet121 encoder,figshare/2306.png,fs_MR050135B,0,True,0.021565755208333332,0.9493729472160339,0.5738670825958252,0.10011440515518188,True,True,True
abl_densenet121,DenseNet121 encoder,figshare/2307.png,fs_MR050135B,0,True,0.007331000434027778,0.8594263792037964,0.3424634337425232,0.005831921938806772,True,True,True
abl_densenet121,DenseNet121 encoder,figshare/2308.png,fs_MR050135B,0,True,0.013210720486111112,0.9125713109970093,0.5007331967353821,0.11048062145709991,True,True,True
abl_densenet121,DenseNet121 encoder,figshare/2309.png,fs_MR050135B,0,True,0.013014051649305556,0.830000102519989,0.5137744545936584,0.01773296669125557,True,True,True
abl_densenet121,DenseNet121 encoder,figshare/2310.png,fs_MR050135B,0,True,0.012837727864583334,0.9608273506164551,0.4645419120788574,0.014968051575124264,True,True,True
abl_densenet121,DenseNet121 encoder,figshare/2317.png,fs_MR050791B,0,True,0.026740180121527776,0.0022390910889953375,0.005844863131642342,0.0,False,False,False
abl_densenet121,DenseNet121 encoder,figshare/2318.png,fs_MR050791B,0,True,0.04482693142361111,0.05526404827833176,0.012579012662172318,0.0,False,False,False
abl_densenet121,DenseNet121 encoder,figshare/2319.png,fs_MR050791B,0,True,0.032111273871527776,0.02604537084698677,0.012249876745045185,0.0,False,False,False
abl_densenet121,DenseNet121 encoder,figshare/2320.png,fs_MR050791B,0,True,0.020846896701388888,0.00019729198538698256,0.003083748510107398,0.0,False,False,False
abl_densenet121,DenseNet121 encoder,figshare/2349.png,fs_MR024780E,0,True,0.007439507378472222,0.9582818150520325,0.2235851138830185,0.014978572726249695,True,True,True
abl_densenet121,DenseNet121 encoder,figshare/2362.png,fs_MR040240C,0,True,0.008490668402777778,0.930846631526947,0.1015610322356224,0.0007190921460278332,True,True,False
abl_densenet121,DenseNet121 encoder,figshare/2363.png,fs_MR040240C,0,True,0.0033772786458333335,0.32876917719841003,0.005139934364706278,0.0,True,True,False
abl_densenet121,DenseNet121 encoder,figshare/2364.png,fs_MR040240C,0,True,0.003851996527777778,0.9058034420013428,0.14608453214168549,0.00015445781173184514,True,True,False
abl_densenet121,DenseNet121 encoder,figshare/2365.png,fs_MR040240C,0,True,0.020426432291666668,0.9808806777000427,0.3744690716266632,0.009819714352488518,True,True,True
abl_densenet121,DenseNet121 encoder,figshare/2366.png,fs_MR040240C,0,True,0.023417154947916668,0.939416766166687,0.5686585307121277,0.003973691258579493,True,True,False
abl_densenet121,DenseNet121 encoder,figshare/2367.png,fs_MR040240C,0,True,0.042928059895833336,0.8636976480484009,0.6114978790283203,0.004757625982165337,True,True,False
abl_densenet121,DenseNet121 encoder,figshare/2368.png,fs_MR040240C,0,True,0.06172010633680555,0.6437315940856934,0.5267313122749329,0.03144388645887375,False,False,True
abl_densenet121,DenseNet121 encoder,figshare/2369.png,fs_MR040240C,0,True,0.052361382378472224,0.582291305065155,0.48671308159828186,0.022058570757508278,False,True,False
abl_densenet121,DenseNet121 encoder,figshare/2370.png,fs_MR040240C,0,True,0.07093641493055555,0.969460666179657,0.6002204418182373,0.09650909155607224,True,True,True
abl_densenet121,DenseNet121 encoder,figshare/2371.png,fs_MR040240C,0,True,0.059244791666666664,0.9638696908950806,0.6921935677528381,0.05021865293383598,True,True,True
abl_densenet121,DenseNet121 encoder,figshare/2372.png,fs_MR040240C,0,True,0.01580810546875,0.7988446950912476,0.4603577256202698,0.0004890937707386911,True,True,False
abl_densenet121,DenseNet121 encoder,figshare/2373.png,fs_MR040240D,0,True,0.0035400390625,0.012105559930205345,0.0005588401691056788,0.0017458703368902206,False,False,False
abl_densenet121,DenseNet121 encoder,figshare/2374.png,fs_MR040240D,0,True,0.0064697265625,0.8080407977104187,0.23477961122989655,3.0485811294056475e-05,True,True,False
abl_densenet121,DenseNet121 encoder,figshare/2375.png,fs_MR040240D,0,True,0.003390842013888889,0.008075847290456295,0.00018879876006394625,0.0018921077717095613,False,False,False
abl_densenet121,DenseNet121 encoder,figshare/2376.png,fs_MR040240D,0,True,0.03207058376736111,0.9462795853614807,0.6075371503829956,0.00539639825001359,True,True,False
abl_densenet121,DenseNet121 encoder,figshare/2377.png,fs_MR040240D,0,True,0.029127332899305556,0.8929357528686523,0.5684816241264343,0.0027089491486549377,True,True,False
abl_densenet121,DenseNet121 encoder,figshare/2378.png,fs_MR040240D,0,True,0.032036675347222224,0.9383565783500671,0.5618675947189331,0.003053919179365039,True,True,False
abl_densenet121,DenseNet121 encoder,figshare/2379.png,fs_MR040240D,0,True,0.06580268012152778,0.9825432896614075,0.7543666362762451,0.02121608518064022,True,True,True
abl_densenet121,DenseNet121 encoder,figshare/2380.png,fs_MR040240D,0,True,0.058844672309027776,0.931812584400177,0.7186364531517029,0.02623974345624447,True,True,True
abl_densenet121,DenseNet121 encoder,figshare/2381.png,fs_MR040240D,0,True,0.05537245008680555,0.9341275095939636,0.5849361419677734,0.009571487084031105,True,True,False
abl_densenet121,DenseNet121 encoder,figshare/2382.png,fs_MR040240D,0,True,0.052741156684027776,0.9075237512588501,0.6243523359298706,0.004508346319198608,True,True,False
abl_densenet121,DenseNet121 encoder,figshare/2383.png,fs_MR040240D,0,True,0.00421142578125,0.0019641192629933357,8.393311873078346e-05,0.0,False,False,False
abl_densenet121,DenseNet121 encoder,figshare/2443.png,fs_MR040240,0,True,0.028347439236111112,0.9777557253837585,0.5196968913078308,0.01843208819627762,True,True,True
abl_densenet121,DenseNet121 encoder,figshare/2444.png,fs_MR040240,0,True,0.049886067708333336,0.9929903149604797,0.7353347539901733,0.016796628013253212,True,True,False
abl_densenet121,DenseNet121 encoder,figshare/2445.png,fs_MR040240,0,True,0.046515570746527776,0.9836372137069702,0.7366259098052979,0.03370661661028862,True,True,True
abl_densenet121,DenseNet121 encoder,figshare/2446.png,fs_MR040240,0,True,0.050103081597222224,0.9860602617263794,0.8127736449241638,0.012674619443714619,True,True,False
abl_densenet121,DenseNet121 encoder,figshare/2447.png,fs_MR040240,0,True,0.029446072048611112,0.6304971575737,0.4875864088535309,0.050649214535951614,True,True,True
abl_densenet121,DenseNet121 encoder,figshare/2448.png,fs_MR040240,0,True,0.028788248697916668,0.7411209344863892,0.5547937750816345,0.047023575752973557,True,True,True
abl_densenet121,DenseNet121 encoder,figshare/2449.png,fs_MR040240,0,True,0.029947916666666668,0.8771829009056091,0.6650323271751404,0.027573727071285248,True,True,True
abl_densenet121,DenseNet121 encoder,figshare/2450.png,fs_MR040240,0,True,0.037150065104166664,0.9461406469345093,0.6765444278717041,0.027163218706846237,True,True,True
abl_densenet121,DenseNet121 encoder,figshare/2451.png,fs_MR040240,0,True,0.02386474609375,0.9816555976867676,0.4617219567298889,0.019486520439386368,True,True,False
abl_densenet121,DenseNet121 encoder,figshare/2452.png,fs_MR040240,0,True,0.009589301215277778,0.10075924545526505,0.007226795889437199,0.0001622816635062918,False,False,False
abl_densenet121,DenseNet121 encoder,figshare/2496.png,fs_MR024780E,0,True,0.00408935546875,0.00039249940891750157,0.00012264166434761137,0.0,False,False,False
abl_densenet121,DenseNet121 encoder,figshare/2497.png,fs_MR024780E,0,True,0.002448187934027778,0.1865260750055313,0.08588528633117676,0.00043191431905142963,False,False,False
abl_densenet121,DenseNet121 encoder,figshare/2498.png,fs_MR024780E,0,True,0.007256401909722222,0.2554266154766083,0.11842523515224457,4.4255253328628896e-07,False,True,False
abl_densenet121,DenseNet121 encoder,figshare/2509.png,fs_MR040240C,0,True,0.021023220486111112,0.9608738422393799,0.5300859808921814,0.0032545255962759256,True,True,False
abl_densenet121,DenseNet121 encoder,figshare/2510.png,fs_MR040240C,0,True,0.021708170572916668,0.8341618180274963,0.5189821720123291,0.016269603744149208,True,True,True
abl_densenet121,DenseNet121 encoder,figshare/2511.png,fs_MR040240C,0,True,0.00787353515625,0.8458400964736938,0.3067869544029236,0.000105242696008645,True,True,False
abl_densenet121,DenseNet121 encoder,figshare/2512.png,fs_MR040240C,0,True,0.009813096788194444,0.6088182330131531,0.32485252618789673,0.0011672271648421884,True,True,False
abl_densenet121,DenseNet121 encoder,figshare/2513.png,fs_MR040240C,0,True,0.013502332899305556,0.838424801826477,0.40127861499786377,0.003307483159005642,True,True,False
abl_densenet121,DenseNet121 encoder,figshare/2514.png,fs_MR040240C,0,True,0.0146484375,0.8986297845840454,0.4019254446029663,0.0004643910506274551,True,True,False
abl_densenet121,DenseNet121 encoder,figshare/2515.png,fs_MR040240C,0,True,0.015360514322916666,0.6369231343269348,0.32514461874961853,0.0001418104802723974,True,True,False
abl_densenet121,DenseNet121 encoder,figshare/2516.png,fs_MR040240C,0,True,0.03158908420138889,0.9846467971801758,0.5938722491264343,0.0041278149001300335,True,True,False
abl_densenet121,DenseNet121 encoder,figshare/2517.png,fs_MR040240C,0,True,0.03372531467013889,0.9107339978218079,0.6199530363082886,0.011296248063445091,True,True,True
abl_densenet121,DenseNet121 encoder,figshare/2518.png,fs_MR040240C,0,True,0.013326009114583334,0.4210349917411804,0.310975581407547,0.0014589499915018678,True,True,False
abl_densenet121,DenseNet121 encoder,figshare/2519.png,fs_MR040240C,0,True,0.013814290364583334,0.4034070074558258,0.28558123111724854,0.0014729024842381477,True,True,False
abl_densenet121,DenseNet121 encoder,figshare/2520.png,fs_MR040240C,0,True,0.03912353515625,0.966130793094635,0.7098296284675598,0.012198707088828087,True,True,False
abl_densenet121,DenseNet121 encoder,figshare/2521.png,fs_MR040240C,0,True,0.029947916666666668,0.6991459727287292,0.3346810042858124,0.0053439149633049965,True,True,False
abl_densenet121,DenseNet121 encoder,figshare/2522.png,fs_MR040240C,0,True,0.009806315104166666,0.7276326417922974,0.27081719040870667,0.0008667403017170727,True,True,False
abl_densenet121,DenseNet121 encoder,figshare/2523.png,fs_MR040240C,0,True,0.007853190104166666,0.7093016505241394,0.317251592874527,0.00020233039685990661,False,True,False
abl_densenet121,DenseNet121 encoder,figshare/2550.png,fs_MR051461B,0,True,0.008185492621527778,0.5309861302375793,0.24123898148536682,0.004866062663495541,True,True,False
abl_densenet121,DenseNet121 encoder,figshare/2551.png,fs_MR051461B,0,True,0.007317437065972222,0.6245983839035034,0.3157866597175598,0.004645915701985359,True,True,False
abl_densenet121,DenseNet121 encoder,figshare/2552.png,fs_MR051461B,0,True,0.007988823784722222,0.7617474794387817,0.2581827640533447,0.004288015887141228,True,True,False
abl_densenet121,DenseNet121 encoder,figshare/2553.png,fs_MR051461B,0,True,0.008314344618055556,0.8889051675796509,0.3771244287490845,0.020473571494221687,True,True,False
abl_densenet121,DenseNet121 encoder,figshare/2617.png,fs_MR053110B,0,True,0.026041666666666668,0.47407782077789307,0.4661782681941986,0.006363868247717619,True,False,False
abl_densenet121,DenseNet121 encoder,figshare/2618.png,fs_MR053110B,0,True,0.028272840711805556,0.17717522382736206,0.3581642508506775,0.0012581817572936416,False,True,False
abl_densenet121,DenseNet121 encoder,figshare/2619.png,fs_MR053110B,0,True,0.036383734809027776,0.6237354278564453,0.18642368912696838,0.00011640464072115719,True,True,False
abl_densenet121,DenseNet121 encoder,figshare/2620.png,fs_MR053110B,0,True,0.03361680772569445,0.9664818048477173,0.6750691533088684,0.0013853718992322683,True,True,False
abl_densenet121,DenseNet121 encoder,figshare/2621.png,fs_MR053110B,0,True,0.029500325520833332,0.9757733345031738,0.6196125745773315,0.0014648266369476914,True,True,False
abl_densenet121,DenseNet121 encoder,figshare/2622.png,fs_MR053110B,0,True,0.028516981336805556,0.9153889417648315,0.719788134098053,0.006993044167757034,True,True,False
abl_densenet121,DenseNet121 encoder,figshare/2623.png,fs_MR053110B,0,True,0.028164333767361112,0.9748744964599609,0.7248410582542419,0.01865386962890625,True,True,False
abl_densenet121,DenseNet121 encoder,figshare/2624.png,fs_MR034694,0,True,0.009189181857638888,0.9261040687561035,0.22169283032417297,8.14040467957966e-05,True,True,False
abl_densenet121,DenseNet121 encoder,figshare/2625.png,fs_MR034694,0,True,0.00933837890625,0.0032098402734845877,0.00030627043452113867,0.00037011661333963275,False,False,False
abl_densenet121,DenseNet121 encoder,figshare/2626.png,fs_MR034694,0,True,0.020304361979166668,0.06868556141853333,0.0012303052935749292,0.0,False,False,False
abl_densenet121,DenseNet121 encoder,figshare/2627.png,fs_MR034694,0,True,0.011935763888888888,0.6785389184951782,0.4530099034309387,0.002717845141887665,True,True,False
abl_densenet121,DenseNet121 encoder,figshare/2628.png,fs_MR034694,0,True,0.023857964409722224,0.9883732795715332,0.6490600109100342,0.008021140471100807,True,True,False
abl_densenet121,DenseNet121 encoder,figshare/2629.png,fs_MR034694,0,True,0.025356716579861112,0.9844906330108643,0.5897387266159058,0.004566381219774485,True,True,False
abl_densenet121,DenseNet121 encoder,figshare/2630.png,fs_MR034694,0,True,0.017835828993055556,0.974031388759613,0.3935541808605194,0.012067455798387527,True,True,True
abl_densenet121,DenseNet121 encoder,figshare/2646.png,fs_MR053241C,0,True,0.008341471354166666,0.012010529637336731,0.00016893610882107168,0.0,False,False,False
abl_densenet121,DenseNet121 encoder,figshare/2647.png,fs_MR053241C,0,True,0.005655924479166667,0.014921209774911404,0.0001722087326925248,5.11188518430572e-05,False,False,False
abl_densenet121,DenseNet121 encoder,figshare/2648.png,fs_MR053241C,0,True,0.004835340711805556,0.013034968636929989,0.00017588491027709097,7.05668207956478e-05,False,False,False
abl_densenet121,DenseNet121 encoder,figshare/2649.png,fs_MR053241C,0,True,0.0052490234375,0.7729061245918274,0.06135823205113411,2.879152452806011e-05,True,True,False
abl_densenet121,DenseNet121 encoder,figshare/2650.png,fs_MR034997,0,True,0.010158962673611112,0.9773892164230347,0.332940012216568,0.02237829566001892,True,True,True
abl_densenet121,DenseNet121 encoder,figshare/2651.png,fs_MR034997,0,True,0.021952311197916668,0.9876910448074341,0.4811120927333832,0.009391392581164837,True,True,False
abl_densenet121,DenseNet121 encoder,figshare/2652.png,fs_MR034997,0,True,0.024447970920138888,0.987629234790802,0.5225281715393066,0.021395210176706314,True,True,True
abl_densenet121,DenseNet121 encoder,figshare/2653.png,fs_MR034997,0,True,0.022623697916666668,0.9822470545768738,0.5364521741867065,0.015739820897579193,True,True,False
abl_densenet121,DenseNet121 encoder,figshare/2654.png,fs_MR034997,0,True,0.025139702690972224,0.9849256873130798,0.5213915705680847,0.019124409183859825,True,True,False
abl_densenet121,DenseNet121 encoder,figshare/2655.png,fs_MR034997,0,True,0.020521375868055556,0.9859402179718018,0.40884897112846375,0.03500787913799286,True,True,True
abl_densenet121,DenseNet121 encoder,figshare/2656.png,fs_MR034997,0,True,0.0159912109375,0.960541844367981,0.32899633049964905,0.01964930258691311,True,True,True
abl_densenet121,DenseNet121 encoder,figshare/2675.png,fs_MR049019G,0,True,0.019646538628472224,0.3748607635498047,0.2656371295452118,0.01539141871035099,False,False,False
abl_densenet121,DenseNet121 encoder,figshare/2676.png,fs_MR049019G,0,True,0.023362901475694444,0.6466943621635437,0.523920476436615,0.006313382647931576,True,True,False
abl_densenet121,DenseNet121 encoder,figshare/2677.png,fs_MR049019G,0,True,0.027065700954861112,0.8243474960327148,0.5977687239646912,0.013140860944986343,True,True,False
abl_densenet121,DenseNet121 encoder,figshare/2702.png,fs_MR037458B,0,False,0.002509223090277778,0.007778855040669441,0.00010709912749007344,0.0,False,False,False
abl_densenet121,DenseNet121 encoder,figshare/2703.png,fs_MR037458B,0,True,0.006632486979166667,0.9303982853889465,0.1849120557308197,0.271155446767807,True,True,True
abl_densenet121,DenseNet121 encoder,figshare/2704.png,fs_MR037458B,0,True,0.0128173828125,0.8413311839103699,0.45950108766555786,0.07148857414722443,True,True,True
abl_densenet121,DenseNet121 encoder,figshare/2705.png,fs_MR037458B,0,True,0.020358615451388888,0.9243820905685425,0.10480624437332153,0.003066855249926448,True,True,False
abl_densenet121,DenseNet121 encoder,figshare/2706.png,fs_MR037458B,0,True,0.017442491319444444,0.964273989200592,0.26475203037261963,0.2372787743806839,True,True,False
abl_densenet121,DenseNet121 encoder,figshare/2707.png,fs_MR037458B,0,False,0.011298285590277778,0.5333129167556763,0.012152417562901974,0.09188267588615417,True,True,False
abl_densenet121,DenseNet121 encoder,figshare/2708.png,fs_MR037458B,0,False,0.005255805121527778,0.012548686005175114,0.00011707790690707043,0.10115599632263184,False,False,False
abl_densenet121,DenseNet121 encoder,figshare/2709.png,fs_MR037458B,0,True,0.006422254774305556,0.7703308463096619,0.054795265197753906,0.006078404374420643,True,True,False
abl_densenet121,DenseNet121 encoder,figshare/2743.png,fs_MR049019G,0,True,0.013014051649305556,0.3331562280654907,0.22373826801776886,0.0021962469909340143,True,False,False
abl_densenet121,DenseNet121 encoder,figshare/2744.png,fs_MR049019G,0,True,0.014492458767361112,0.8067760467529297,0.5633187294006348,0.0007425880176015198,True,True,False
abl_densenet121,DenseNet121 encoder,figshare/2745.png,fs_MR049019G,0,True,0.03921847873263889,0.7275511026382446,0.6547719240188599,0.005497398786246777,True,True,False
abl_densenet121,DenseNet121 encoder,figshare/2746.png,fs_MR049019G,0,True,0.024393717447916668,0.34479019045829773,0.4108620882034302,0.002247521420940757,True,False,False
abl_densenet121,DenseNet121 encoder,figshare/2747.png,fs_MR049019G,0,True,0.008884006076388888,0.01174808107316494,0.018407126888632774,0.0,False,False,False
abl_densenet121,DenseNet121 encoder,figshare/2769.png,fs_MR037458B,0,True,0.014180501302083334,0.671330451965332,0.2362801879644394,0.0016442841151729226,True,True,False
abl_densenet121,DenseNet121 encoder,figshare/2770.png,fs_MR037458B,0,True,0.007290310329861111,0.8380700945854187,0.2418825626373291,0.04540373757481575,False,True,True
abl_densenet121,DenseNet121 encoder,figshare/2771.png,fs_MR037458B,0,True,0.025214301215277776,0.8800194263458252,0.5540938973426819,0.13742759823799133,True,True,True
abl_densenet121,DenseNet121 encoder,figshare/2772.png,fs_MR037458B,0,True,0.018235948350694444,0.9791130423545837,0.41877657175064087,0.05590105429291725,True,True,True
abl_densenet121,DenseNet121 encoder,figshare/2773.png,fs_MR037458B,0,True,0.017768012152777776,0.46770408749580383,0.014197276905179024,0.0,True,True,False
abl_densenet121,DenseNet121 encoder,figshare/2787.png,fs_MR040240,0,True,0.024210611979166668,0.7863821387290955,0.52479487657547,0.005546793341636658,True,True,False
abl_densenet121,DenseNet121 encoder,figshare/2788.png,fs_MR040240,0,True,0.014492458767361112,0.7529847621917725,0.5143712162971497,0.057913605123758316,True,True,True
abl_densenet121,DenseNet121 encoder,figshare/2789.png,fs_MR040240,0,True,0.05129665798611111,0.971580982208252,0.8169082999229431,0.06915286183357239,True,True,True
abl_densenet121,DenseNet121 encoder,figshare/2790.png,fs_MR040240,0,True,0.05272081163194445,0.9854313135147095,0.8195502758026123,0.1311132162809372,True,True,True
abl_densenet121,DenseNet121 encoder,figshare/2791.png,fs_MR040240,0,True,0.038872612847222224,0.9045582413673401,0.6484586000442505,0.04540069028735161,True,True,True
abl_densenet121,DenseNet121 encoder,figshare/2792.png,fs_MR040240,0,True,0.017747667100694444,0.6962229013442993,0.4983213245868683,0.027855178341269493,True,True,True
abl_densenet121,DenseNet121 encoder,figshare/2793.png,fs_MR040240,0,True,0.015550401475694444,0.9440435767173767,0.5390285849571228,0.015824828296899796,True,True,True
abl_densenet121,DenseNet121 encoder,figshare/2794.png,fs_MR040240,0,True,0.006985134548611111,0.6185432076454163,0.316925972700119,0.0028191825840622187,True,True,False
abl_densenet121,DenseNet121 encoder,figshare/2876.png,fs_MR049453,0,True,0.007012261284722222,0.06545670330524445,0.006614712532609701,0.0009308008011430502,False,False,False
abl_densenet121,DenseNet121 encoder,figshare/2877.png,fs_MR049453,0,True,0.018086751302083332,0.7517650127410889,0.6749017238616943,0.004128778353333473,True,True,False
abl_densenet121,DenseNet121 encoder,figshare/2878.png,fs_MR049453,0,True,0.028469509548611112,0.9355279803276062,0.815203070640564,0.0007905035745352507,True,True,False
abl_densenet121,DenseNet121 encoder,figshare/2879.png,fs_MR049453,0,True,0.04705810546875,0.9408134818077087,0.8270817399024963,0.03274634853005409,True,True,True
abl_densenet121,DenseNet121 encoder,figshare/2880.png,fs_MR049453,0,True,0.03195529513888889,0.9033864736557007,0.7332879900932312,0.007661316078156233,True,True,False
abl_densenet121,DenseNet121 encoder,figshare/2881.png,fs_MR049453,0,True,0.029832628038194444,0.9465727806091309,0.6937845349311829,0.0021359166130423546,True,True,False
abl_densenet121,DenseNet121 encoder,figshare/2882.png,fs_MR049453,0,True,0.04216172960069445,0.9244581460952759,0.6567411422729492,0.0036521442234516144,True,True,False
abl_densenet121,DenseNet121 encoder,figshare/2883.png,fs_MR049453,0,True,0.004706488715277778,0.7580676078796387,0.30378544330596924,0.016262739896774292,True,True,True
abl_densenet121,DenseNet121 encoder,figshare/2884.png,fs_MR049453,0,True,0.006252712673611111,0.8203722834587097,0.3074634075164795,0.016771268099546432,True,True,True
abl_densenet121,DenseNet121 encoder,figshare/2891.png,fs_MR050135B,0,True,0.011637369791666666,0.8139523267745972,0.4701118469238281,0.05255122482776642,True,True,True
abl_densenet121,DenseNet121 encoder,figshare/2892.png,fs_MR050135B,0,True,0.015414767795138888,0.7862991094589233,0.5382108688354492,0.044294584542512894,True,True,True
abl_densenet121,DenseNet121 encoder,figshare/2893.png,fs_MR050135B,0,True,0.019816080729166668,0.9735070466995239,0.636125385761261,0.03030259534716606,True,True,True
abl_densenet121,DenseNet121 encoder,figshare/2894.png,fs_MR050135B,0,True,0.042683919270833336,0.9911718964576721,0.6816205978393555,0.05587443709373474,True,True,True
abl_densenet121,DenseNet121 encoder,figshare/2895.png,fs_MR050135B,0,True,0.004475911458333333,0.4802252948284149,0.27045246958732605,0.029402658343315125,True,True,True
abl_densenet121,DenseNet121 encoder,figshare/2896.png,fs_MR050135B,0,True,0.012498643663194444,0.7657688856124878,0.5494657754898071,0.04042741283774376,True,True,True
abl_densenet121,DenseNet121 encoder,figshare/2897.png,fs_MR050135B,0,True,0.016323513454861112,0.9131748080253601,0.6858740448951721,0.039784133434295654,True,True,True
abl_densenet121,DenseNet121 encoder,figshare/2898.png,fs_MR050135B,0,False,0.0126953125,0.911480724811554,0.6408553123474121,0.0565967783331871,True,True,True
abl_densenet121,DenseNet121 encoder,figshare/2899.png,fs_MR050135B,0,True,0.005852593315972222,0.5728411078453064,0.16900485754013062,0.004784714430570602,True,False,False
abl_densenet121,DenseNet121 encoder,figshare/2906.png,fs_MR050791B,0,True,0.00286865234375,0.006845149677246809,0.0006793035427108407,0.0,False,False,False
abl_densenet121,DenseNet121 encoder,figshare/2907.png,fs_MR050791B,0,True,0.009385850694444444,0.025893544778227806,0.004289593547582626,3.646006734925322e-05,False,False,False
abl_densenet121,DenseNet121 encoder,figshare/2908.png,fs_MR050791B,0,True,0.014112684461805556,0.8114446997642517,0.4156683683395386,0.0024570294190198183,True,True,False
abl_densenet121,DenseNet121 encoder,figshare/2909.png,fs_MR050791B,0,True,0.020534939236111112,0.09801870584487915,0.32007527351379395,0.010523723438382149,False,False,False
abl_densenet121,DenseNet121 encoder,figshare/2910.png,fs_MR050791B,0,True,0.015265570746527778,0.5205551981925964,0.5088770985603333,0.005657893605530262,False,True,False
abl_densenet121,DenseNet121 encoder,figshare/2911.png,fs_MR050791B,0,True,0.010138617621527778,0.019135132431983948,0.010372944176197052,0.0,False,False,False
abl_densenet121,DenseNet121 encoder,figshare/2912.png,fs_MR050791B,0,True,0.010328504774305556,0.03141012042760849,0.024518368765711784,0.00010823050979524851,False,False,False
abl_densenet121,DenseNet121 encoder,figshare/2913.png,fs_MR050791B,0,True,0.00726318359375,0.09070292115211487,0.2413640022277832,0.00032886810367926955,False,False,False
abl_densenet121,DenseNet121 encoder,figshare/2999.png,fs_MR053110B,0,True,0.019449869791666668,0.012420939281582832,0.010367686860263348,2.4028608095250092e-05,False,False,False
abl_densenet121,DenseNet121 encoder,figshare/3000.png,fs_MR053110B,0,True,0.025614420572916668,0.6630343198776245,0.48213955760002136,0.0008923294954001904,True,True,False
abl_densenet121,DenseNet121 encoder,figshare/3001.png,fs_MR053110B,0,True,0.03150770399305555,0.9646477103233337,0.6193646192550659,0.00034337377292104065,True,True,False
abl_densenet121,DenseNet121 encoder,figshare/3002.png,fs_MR053110B,0,True,0.038655598958333336,0.8045843839645386,0.4458799660205841,0.0013073914451524615,True,True,False
abl_densenet121,DenseNet121 encoder,figshare/3003.png,fs_MR053110B,0,True,0.026896158854166668,0.7370569109916687,0.12672530114650726,0.0015114099951460958,True,True,False
abl_densenet121,DenseNet121 encoder,figshare/3004.png,fs_MR053110B,0,True,0.001315646701388889,0.1343361735343933,0.04670317471027374,0.0008983480511233211,True,False,False
abl_densenet121,DenseNet121 encoder,figshare/3005.png,fs_MR034694,0,True,0.01019287109375,0.7788897752761841,0.5878713130950928,0.004168881569057703,False,True,False
abl_densenet121,DenseNet121 encoder,figshare/3006.png,fs_MR034694,0,True,0.018269856770833332,0.8701232075691223,0.7337064743041992,0.04714452847838402,True,True,True
abl_densenet121,DenseNet121 encoder,figshare/3007.png,fs_MR034694,0,True,0.016255696614583332,0.889586329460144,0.7711473107337952,0.004611600190401077,True,True,False
abl_densenet121,DenseNet121 encoder,figshare/3008.png,fs_MR034694,0,True,0.016228569878472224,0.6890305280685425,0.5597553253173828,0.0019025638466700912,False,True,False
abl_densenet121,DenseNet121 encoder,figshare/3022.png,fs_MR034997,0,True,0.006361219618055556,0.9373587965965271,0.24383091926574707,0.03784060478210449,True,True,True
abl_densenet121,DenseNet121 encoder,figshare/3023.png,fs_MR034997,0,True,0.013319227430555556,0.9444172382354736,0.5357039570808411,0.03217620402574539,True,True,True
abl_densenet121,DenseNet121 encoder,figshare/3024.png,fs_MR034997,0,True,0.021694607204861112,0.930810272693634,0.6629413962364197,0.036843519657850266,True,True,True
abl_densenet121,DenseNet121 encoder,figshare/3025.png,fs_MR034997,0,True,0.024787055121527776,0.9764472246170044,0.7287760972976685,0.06884171068668365,True,True,True
abl_densenet121,DenseNet121 encoder,figshare/3026.png,fs_MR034997,0,True,0.019280327690972224,0.9460276961326599,0.6939669847488403,0.03593912720680237,True,True,True
abl_densenet121,DenseNet121 encoder,figshare/3027.png,fs_MR034997,0,True,0.013102213541666666,0.8573968410491943,0.5962135195732117,0.00948911439627409,True,True,True
abl_densenet121,DenseNet121 encoder,figshare/3028.png,fs_MR034997,0,True,0.002570258246527778,0.40260767936706543,0.21764659881591797,0.014012066647410393,True,True,True
abl_densenet121,DenseNet121 encoder,figshare/3039.png,fs_MR024780E,0,True,0.001193576388888889,0.5579417943954468,0.10294041782617569,0.008671835996210575,True,True,True
abl_densenet121,DenseNet121 encoder,figshare/3040.png,fs_MR024780E,0,True,0.003017849392361111,0.7536346316337585,0.04322241619229317,0.008402038365602493,True,True,True
abl_densenet121,DenseNet121 encoder,figshare/3041.png,fs_MR024780E,0,True,0.0025838216145833335,0.7723121047019958,0.10137118399143219,0.005530206952244043,True,True,True
abl_densenet121,DenseNet121 encoder,figshare/3042.png,fs_MR040240C,0,True,0.021280924479166668,0.3817318379878998,0.32565200328826904,0.00744914636015892,False,False,False
abl_densenet121,DenseNet121 encoder,figshare/3043.png,fs_MR040240C,0,True,0.015313042534722222,0.166071817278862,0.20007756352424622,4.2986339394701645e-05,False,False,False
abl_densenet121,DenseNet121 encoder,figshare/3044.png,fs_MR040240C,0,True,0.034125434027777776,0.4810585677623749,0.4178990423679352,0.005276722367852926,True,False,False
abl_densenet121,DenseNet121 encoder,figshare/3045.png,fs_MR040240C,0,True,0.030219184027777776,0.8191134333610535,0.5896509885787964,0.014552267268300056,True,True,False
abl_densenet121,DenseNet121 encoder,figshare/3046.png,fs_MR040240C,0,True,0.016777886284722224,0.9639402031898499,0.3668251633644104,0.006292091682553291,True,True,False
abl_densenet121,DenseNet121 encoder,figshare/3047.png,fs_MR040240D,0,True,0.003119574652777778,0.8544765710830688,0.24404335021972656,0.007031426765024662,True,True,True
abl_densenet121,DenseNet121 encoder,figshare/3048.png,fs_MR040240D,0,True,0.0020005967881944445,0.25304314494132996,0.012345422059297562,0.0005433418555185199,True,True,False
